
> startix-nextjs@0.1.0 dev
> next dev --hostname 127.0.0.1 --port 3000

 ⚠ Warning: Next.js inferred your workspace root, but it may not be correct.
 We detected multiple lockfiles and selected the directory of /Users/chandrelsomi/package-lock.json as the root directory.
 To silence this warning, set `turbopack.root` in your Next.js config, or consider removing one of the lockfiles if it's not needed.
   See https://nextjs.org/docs/app/api-reference/config/next-config-js/turbopack#root-directory for more information.
 Detected additional lockfiles: 
   * /Users/chandrelsomi/SOMI IT/LE MITOUARD/startix-nextjs/package-lock.json

   ▲ Next.js 16.0.0 (Turbopack)
   - Local:        http://127.0.0.1:3000
   - Network:      http://127.0.0.1:3000

 ✓ Starting...
 ✓ Ready in 701ms
 ⚠ ./SOMI IT/LE MITOUARD/startix-nextjs/src/styles/index.scss
Issue while running loader
SassWarning: Deprecation Warning on line 3, column 8 of file:///Users/chandrelsomi/SOMI%20IT/LE%20MITOUARD/startix-nextjs/src/styles/index.scss:3:8:
Sass @import rules are deprecated and will be removed in Dart Sass 3.0.0.

More info and automated migrator: https://sass-lang.com/d/import

3 | @import "../../public/assets/scss/styles.scss"; 

src/styles/index.scss 4:9  root stylesheet



 GET /home-2 200 in 1988ms (compile: 1776ms, render: 213ms)
 ⚠ ./SOMI IT/LE MITOUARD/startix-nextjs/src/styles/index.scss
Issue while running loader
SassWarning: Deprecation Warning on line 3, column 8 of file:///Users/chandrelsomi/SOMI%20IT/LE%20MITOUARD/startix-nextjs/src/styles/index.scss:3:8:
Sass @import rules are deprecated and will be removed in Dart Sass 3.0.0.

More info and automated migrator: https://sass-lang.com/d/import

3 | @import "../../public/assets/scss/styles.scss"; 

src/styles/index.scss 4:9  root stylesheet



 ⚠ ./SOMI IT/LE MITOUARD/startix-nextjs/src/styles/index.scss
Issue while running loader
SassWarning: Deprecation Warning on line 3, column 8 of file:///Users/chandrelsomi/SOMI%20IT/LE%20MITOUARD/startix-nextjs/src/styles/index.scss:3:8:
Sass @import rules are deprecated and will be removed in Dart Sass 3.0.0.

More info and automated migrator: https://sass-lang.com/d/import

3 | @import "../../public/assets/scss/styles.scss"; 

src/styles/index.scss 4:9  root stylesheet



 GET /home-2 200 in 78ms (compile: 7ms, render: 71ms)
 ⚠ ./SOMI IT/LE MITOUARD/startix-nextjs/src/styles/index.scss
Issue while running loader
SassWarning: Deprecation Warning on line 3, column 8 of file:///Users/chandrelsomi/SOMI%20IT/LE%20MITOUARD/startix-nextjs/src/styles/index.scss:3:8:
Sass @import rules are deprecated and will be removed in Dart Sass 3.0.0.

More info and automated migrator: https://sass-lang.com/d/import

3 | @import "../../public/assets/scss/styles.scss"; 

src/styles/index.scss 4:9  root stylesheet



 ✓ Compiled in 37ms
 ✓ Compiled in 116ms
 ⚠ ./SOMI IT/LE MITOUARD/startix-nextjs/src/styles/index.scss
Issue while running loader
SassWarning: Deprecation Warning on line 3, column 8 of file:///Users/chandrelsomi/SOMI%20IT/LE%20MITOUARD/startix-nextjs/src/styles/index.scss:3:8:
Sass @import rules are deprecated and will be removed in Dart Sass 3.0.0.

More info and automated migrator: https://sass-lang.com/d/import

3 | @import "../../public/assets/scss/styles.scss"; 

src/styles/index.scss 4:9  root stylesheet



 GET /.well-known/appspecific/com.chrome.devtools.json 200 in 1392ms (compile: 1219ms, render: 173ms)
 ⚠ ./SOMI IT/LE MITOUARD/startix-nextjs/src/styles/index.scss
Issue while running loader
SassWarning: Deprecation Warning on line 3, column 8 of file:///Users/chandrelsomi/SOMI%20IT/LE%20MITOUARD/startix-nextjs/src/styles/index.scss:3:8:
Sass @import rules are deprecated and will be removed in Dart Sass 3.0.0.

More info and automated migrator: https://sass-lang.com/d/import

3 | @import "../../public/assets/scss/styles.scss"; 

src/styles/index.scss 4:9  root stylesheet



 GET /home-2 200 in 316ms (compile: 100ms, render: 216ms)
 ⚠ ./SOMI IT/LE MITOUARD/startix-nextjs/src/styles/index.scss
Issue while running loader
SassWarning: Deprecation Warning on line 3, column 8 of file:///Users/chandrelsomi/SOMI%20IT/LE%20MITOUARD/startix-nextjs/src/styles/index.scss:3:8:
Sass @import rules are deprecated and will be removed in Dart Sass 3.0.0.

More info and automated migrator: https://sass-lang.com/d/import

3 | @import "../../public/assets/scss/styles.scss"; 

src/styles/index.scss 4:9  root stylesheet



 GET /.well-known/appspecific/com.chrome.devtools.json 200 in 120ms (compile: 10ms, render: 110ms)
 ⚠ ./SOMI IT/LE MITOUARD/startix-nextjs/src/styles/index.scss
Issue while running loader
SassWarning: Deprecation Warning on line 3, column 8 of file:///Users/chandrelsomi/SOMI%20IT/LE%20MITOUARD/startix-nextjs/src/styles/index.scss:3:8:
Sass @import rules are deprecated and will be removed in Dart Sass 3.0.0.

More info and automated migrator: https://sass-lang.com/d/import

3 | @import "../../public/assets/scss/styles.scss"; 

src/styles/index.scss 4:9  root stylesheet



 ⚠ ./SOMI IT/LE MITOUARD/startix-nextjs/src/styles/index.scss
Issue while running loader
SassWarning: Deprecation Warning on line 3, column 8 of file:///Users/chandrelsomi/SOMI%20IT/LE%20MITOUARD/startix-nextjs/src/styles/index.scss:3:8:
Sass @import rules are deprecated and will be removed in Dart Sass 3.0.0.

More info and automated migrator: https://sass-lang.com/d/import

3 | @import "../../public/assets/scss/styles.scss"; 

src/styles/index.scss 4:9  root stylesheet



 ✓ Compiled in 52ms
 ⚠ ./SOMI IT/LE MITOUARD/startix-nextjs/src/styles/index.scss
Issue while running loader
SassWarning: Deprecation Warning on line 3, column 8 of file:///Users/chandrelsomi/SOMI%20IT/LE%20MITOUARD/startix-nextjs/src/styles/index.scss:3:8:
Sass @import rules are deprecated and will be removed in Dart Sass 3.0.0.

More info and automated migrator: https://sass-lang.com/d/import

3 | @import "../../public/assets/scss/styles.scss"; 

src/styles/index.scss 4:9  root stylesheet



 GET /home-2 200 in 310ms (compile: 102ms, render: 208ms)
 ⚠ ./SOMI IT/LE MITOUARD/startix-nextjs/src/styles/index.scss
Issue while running loader
SassWarning: Deprecation Warning on line 3, column 8 of file:///Users/chandrelsomi/SOMI%20IT/LE%20MITOUARD/startix-nextjs/src/styles/index.scss:3:8:
Sass @import rules are deprecated and will be removed in Dart Sass 3.0.0.

More info and automated migrator: https://sass-lang.com/d/import

3 | @import "../../public/assets/scss/styles.scss"; 

src/styles/index.scss 4:9  root stylesheet



 GET /.well-known/appspecific/com.chrome.devtools.json 200 in 119ms (compile: 15ms, render: 104ms)
 ⚠ ./SOMI IT/LE MITOUARD/startix-nextjs/src/styles/index.scss
Issue while running loader
SassWarning: Deprecation Warning on line 3, column 8 of file:///Users/chandrelsomi/SOMI%20IT/LE%20MITOUARD/startix-nextjs/src/styles/index.scss:3:8:
Sass @import rules are deprecated and will be removed in Dart Sass 3.0.0.

More info and automated migrator: https://sass-lang.com/d/import

3 | @import "../../public/assets/scss/styles.scss"; 

src/styles/index.scss 4:9  root stylesheet



 ⚠ ./SOMI IT/LE MITOUARD/startix-nextjs/src/styles/index.scss
Issue while running loader
SassWarning: Deprecation Warning on line 3, column 8 of file:///Users/chandrelsomi/SOMI%20IT/LE%20MITOUARD/startix-nextjs/src/styles/index.scss:3:8:
Sass @import rules are deprecated and will be removed in Dart Sass 3.0.0.

More info and automated migrator: https://sass-lang.com/d/import

3 | @import "../../public/assets/scss/styles.scss"; 

src/styles/index.scss 4:9  root stylesheet



 ✓ Compiled in 29ms
 ⚠ ./SOMI IT/LE MITOUARD/startix-nextjs/src/styles/index.scss
Issue while running loader
SassWarning: Deprecation Warning on line 3, column 8 of file:///Users/chandrelsomi/SOMI%20IT/LE%20MITOUARD/startix-nextjs/src/styles/index.scss:3:8:
Sass @import rules are deprecated and will be removed in Dart Sass 3.0.0.

More info and automated migrator: https://sass-lang.com/d/import

3 | @import "../../public/assets/scss/styles.scss"; 

src/styles/index.scss 4:9  root stylesheet



 GET /home-2 200 in 307ms (compile: 94ms, render: 212ms)
 ⚠ ./SOMI IT/LE MITOUARD/startix-nextjs/src/styles/index.scss
Issue while running loader
SassWarning: Deprecation Warning on line 3, column 8 of file:///Users/chandrelsomi/SOMI%20IT/LE%20MITOUARD/startix-nextjs/src/styles/index.scss:3:8:
Sass @import rules are deprecated and will be removed in Dart Sass 3.0.0.

More info and automated migrator: https://sass-lang.com/d/import

3 | @import "../../public/assets/scss/styles.scss"; 

src/styles/index.scss 4:9  root stylesheet



 GET /.well-known/appspecific/com.chrome.devtools.json 200 in 88ms (compile: 11ms, render: 77ms)
 ⚠ ./SOMI IT/LE MITOUARD/startix-nextjs/src/styles/index.scss
Issue while running loader
SassWarning: Deprecation Warning on line 3, column 8 of file:///Users/chandrelsomi/SOMI%20IT/LE%20MITOUARD/startix-nextjs/src/styles/index.scss:3:8:
Sass @import rules are deprecated and will be removed in Dart Sass 3.0.0.

More info and automated migrator: https://sass-lang.com/d/import

3 | @import "../../public/assets/scss/styles.scss"; 

src/styles/index.scss 4:9  root stylesheet



 ⚠ ./SOMI IT/LE MITOUARD/startix-nextjs/src/styles/index.scss
Issue while running loader
SassWarning: Deprecation Warning on line 3, column 8 of file:///Users/chandrelsomi/SOMI%20IT/LE%20MITOUARD/startix-nextjs/src/styles/index.scss:3:8:
Sass @import rules are deprecated and will be removed in Dart Sass 3.0.0.

More info and automated migrator: https://sass-lang.com/d/import

3 | @import "../../public/assets/scss/styles.scss"; 

src/styles/index.scss 4:9  root stylesheet



 ✓ Compiled in 13ms
 ✓ Compiled in 20ms
 ✓ Compiled in 18ms
 ⚠ ./SOMI IT/LE MITOUARD/startix-nextjs/src/styles/index.scss
Issue while running loader
SassWarning: Deprecation Warning on line 3, column 8 of file:///Users/chandrelsomi/SOMI%20IT/LE%20MITOUARD/startix-nextjs/src/styles/index.scss:3:8:
Sass @import rules are deprecated and will be removed in Dart Sass 3.0.0.

More info and automated migrator: https://sass-lang.com/d/import

3 | @import "../../public/assets/scss/styles.scss"; 

src/styles/index.scss 4:9  root stylesheet



 GET /.well-known/appspecific/com.chrome.devtools.json 200 in 224ms (compile: 16ms, render: 208ms)
 ⚠ ./SOMI IT/LE MITOUARD/startix-nextjs/src/styles/index.scss
Issue while running loader
SassWarning: Deprecation Warning on line 3, column 8 of file:///Users/chandrelsomi/SOMI%20IT/LE%20MITOUARD/startix-nextjs/src/styles/index.scss:3:8:
Sass @import rules are deprecated and will be removed in Dart Sass 3.0.0.

More info and automated migrator: https://sass-lang.com/d/import

3 | @import "../../public/assets/scss/styles.scss"; 

src/styles/index.scss 4:9  root stylesheet



 GET /home-2 200 in 307ms (compile: 98ms, render: 209ms)
 ⚠ ./SOMI IT/LE MITOUARD/startix-nextjs/src/styles/index.scss
Issue while running loader
SassWarning: Deprecation Warning on line 3, column 8 of file:///Users/chandrelsomi/SOMI%20IT/LE%20MITOUARD/startix-nextjs/src/styles/index.scss:3:8:
Sass @import rules are deprecated and will be removed in Dart Sass 3.0.0.

More info and automated migrator: https://sass-lang.com/d/import

3 | @import "../../public/assets/scss/styles.scss"; 

src/styles/index.scss 4:9  root stylesheet



 ⚠ ./SOMI IT/LE MITOUARD/startix-nextjs/src/styles/index.scss
Issue while running loader
SassWarning: Deprecation Warning on line 3, column 8 of file:///Users/chandrelsomi/SOMI%20IT/LE%20MITOUARD/startix-nextjs/src/styles/index.scss:3:8:
Sass @import rules are deprecated and will be removed in Dart Sass 3.0.0.

More info and automated migrator: https://sass-lang.com/d/import

3 | @import "../../public/assets/scss/styles.scss"; 

src/styles/index.scss 4:9  root stylesheet



 ⚠ ./SOMI IT/LE MITOUARD/startix-nextjs/src/styles/index.scss
Issue while running loader
SassWarning: Deprecation Warning on line 3, column 8 of file:///Users/chandrelsomi/SOMI%20IT/LE%20MITOUARD/startix-nextjs/src/styles/index.scss:3:8:
Sass @import rules are deprecated and will be removed in Dart Sass 3.0.0.

More info and automated migrator: https://sass-lang.com/d/import

3 | @import "../../public/assets/scss/styles.scss"; 

src/styles/index.scss 4:9  root stylesheet



 GET /home-2 200 in 47ms (compile: 16ms, render: 31ms)
 ⚠ ./SOMI IT/LE MITOUARD/startix-nextjs/src/styles/index.scss
Issue while running loader
SassWarning: Deprecation Warning on line 3, column 8 of file:///Users/chandrelsomi/SOMI%20IT/LE%20MITOUARD/startix-nextjs/src/styles/index.scss:3:8:
Sass @import rules are deprecated and will be removed in Dart Sass 3.0.0.

More info and automated migrator: https://sass-lang.com/d/import

3 | @import "../../public/assets/scss/styles.scss"; 

src/styles/index.scss 4:9  root stylesheet



 GET /home-1 200 in 660ms (compile: 578ms, render: 82ms)
 ⚠ ./SOMI IT/LE MITOUARD/startix-nextjs/src/styles/index.scss
Issue while running loader
SassWarning: Deprecation Warning on line 3, column 8 of file:///Users/chandrelsomi/SOMI%20IT/LE%20MITOUARD/startix-nextjs/src/styles/index.scss:3:8:
Sass @import rules are deprecated and will be removed in Dart Sass 3.0.0.

More info and automated migrator: https://sass-lang.com/d/import

3 | @import "../../public/assets/scss/styles.scss"; 

src/styles/index.scss 4:9  root stylesheet



 GET /home-3 200 in 342ms (compile: 308ms, render: 34ms)
 ⚠ ./SOMI IT/LE MITOUARD/startix-nextjs/src/styles/index.scss
Issue while running loader
SassWarning: Deprecation Warning on line 3, column 8 of file:///Users/chandrelsomi/SOMI%20IT/LE%20MITOUARD/startix-nextjs/src/styles/index.scss:3:8:
Sass @import rules are deprecated and will be removed in Dart Sass 3.0.0.

More info and automated migrator: https://sass-lang.com/d/import

3 | @import "../../public/assets/scss/styles.scss"; 

src/styles/index.scss 4:9  root stylesheet



 GET /home-1 200 in 43ms (compile: 6ms, render: 37ms)
 ⚠ ./SOMI IT/LE MITOUARD/startix-nextjs/src/styles/index.scss
Issue while running loader
SassWarning: Deprecation Warning on line 3, column 8 of file:///Users/chandrelsomi/SOMI%20IT/LE%20MITOUARD/startix-nextjs/src/styles/index.scss:3:8:
Sass @import rules are deprecated and will be removed in Dart Sass 3.0.0.

More info and automated migrator: https://sass-lang.com/d/import

3 | @import "../../public/assets/scss/styles.scss"; 

src/styles/index.scss 4:9  root stylesheet



 GET /home-2 200 in 22ms (compile: 6ms, render: 15ms)
 ⚠ ./SOMI IT/LE MITOUARD/startix-nextjs/src/styles/index.scss
Issue while running loader
SassWarning: Deprecation Warning on line 3, column 8 of file:///Users/chandrelsomi/SOMI%20IT/LE%20MITOUARD/startix-nextjs/src/styles/index.scss:3:8:
Sass @import rules are deprecated and will be removed in Dart Sass 3.0.0.

More info and automated migrator: https://sass-lang.com/d/import

3 | @import "../../public/assets/scss/styles.scss"; 

src/styles/index.scss 4:9  root stylesheet



 GET /services 200 in 404ms (compile: 356ms, render: 48ms)
 ⚠ ./SOMI IT/LE MITOUARD/startix-nextjs/src/styles/index.scss
Issue while running loader
SassWarning: Deprecation Warning on line 3, column 8 of file:///Users/chandrelsomi/SOMI%20IT/LE%20MITOUARD/startix-nextjs/src/styles/index.scss:3:8:
Sass @import rules are deprecated and will be removed in Dart Sass 3.0.0.

More info and automated migrator: https://sass-lang.com/d/import

3 | @import "../../public/assets/scss/styles.scss"; 

src/styles/index.scss 4:9  root stylesheet



 GET /home-3 200 in 44ms (compile: 4ms, render: 40ms)
 ⚠ ./SOMI IT/LE MITOUARD/startix-nextjs/src/styles/index.scss
Issue while running loader
SassWarning: Deprecation Warning on line 3, column 8 of file:///Users/chandrelsomi/SOMI%20IT/LE%20MITOUARD/startix-nextjs/src/styles/index.scss:3:8:
Sass @import rules are deprecated and will be removed in Dart Sass 3.0.0.

More info and automated migrator: https://sass-lang.com/d/import

3 | @import "../../public/assets/scss/styles.scss"; 

src/styles/index.scss 4:9  root stylesheet



 GET /home-2 200 in 27ms (compile: 6ms, render: 21ms)
 ⚠ ./SOMI IT/LE MITOUARD/startix-nextjs/src/styles/index.scss
Issue while running loader
SassWarning: Deprecation Warning on line 3, column 8 of file:///Users/chandrelsomi/SOMI%20IT/LE%20MITOUARD/startix-nextjs/src/styles/index.scss:3:8:
Sass @import rules are deprecated and will be removed in Dart Sass 3.0.0.

More info and automated migrator: https://sass-lang.com/d/import

3 | @import "../../public/assets/scss/styles.scss"; 

src/styles/index.scss 4:9  root stylesheet



 GET /home-2 200 in 92ms (compile: 9ms, render: 83ms)
 ⚠ ./SOMI IT/LE MITOUARD/startix-nextjs/src/styles/index.scss
Issue while running loader
SassWarning: Deprecation Warning on line 3, column 8 of file:///Users/chandrelsomi/SOMI%20IT/LE%20MITOUARD/startix-nextjs/src/styles/index.scss:3:8:
Sass @import rules are deprecated and will be removed in Dart Sass 3.0.0.

More info and automated migrator: https://sass-lang.com/d/import

3 | @import "../../public/assets/scss/styles.scss"; 

src/styles/index.scss 4:9  root stylesheet



 ⚠ ./SOMI IT/LE MITOUARD/startix-nextjs/src/styles/index.scss
Issue while running loader
SassWarning: Deprecation Warning on line 3, column 8 of file:///Users/chandrelsomi/SOMI%20IT/LE%20MITOUARD/startix-nextjs/src/styles/index.scss:3:8:
Sass @import rules are deprecated and will be removed in Dart Sass 3.0.0.

More info and automated migrator: https://sass-lang.com/d/import

3 | @import "../../public/assets/scss/styles.scss"; 

src/styles/index.scss 4:9  root stylesheet



 ⚠ ./SOMI IT/LE MITOUARD/startix-nextjs/src/styles/index.scss
Issue while running loader
SassWarning: Deprecation Warning on line 3, column 8 of file:///Users/chandrelsomi/SOMI%20IT/LE%20MITOUARD/startix-nextjs/src/styles/index.scss:3:8:
Sass @import rules are deprecated and will be removed in Dart Sass 3.0.0.

More info and automated migrator: https://sass-lang.com/d/import

3 | @import "../../public/assets/scss/styles.scss"; 

src/styles/index.scss 4:9  root stylesheet



 ⚠ ./SOMI IT/LE MITOUARD/startix-nextjs/src/styles/index.scss
Issue while running loader
SassWarning: Deprecation Warning on line 3, column 8 of file:///Users/chandrelsomi/SOMI%20IT/LE%20MITOUARD/startix-nextjs/src/styles/index.scss:3:8:
Sass @import rules are deprecated and will be removed in Dart Sass 3.0.0.

More info and automated migrator: https://sass-lang.com/d/import

3 | @import "../../public/assets/scss/styles.scss"; 

src/styles/index.scss 4:9  root stylesheet



 ⚠ ./SOMI IT/LE MITOUARD/startix-nextjs/src/styles/index.scss
Issue while running loader
SassWarning: Deprecation Warning on line 3, column 8 of file:///Users/chandrelsomi/SOMI%20IT/LE%20MITOUARD/startix-nextjs/src/styles/index.scss:3:8:
Sass @import rules are deprecated and will be removed in Dart Sass 3.0.0.

More info and automated migrator: https://sass-lang.com/d/import

3 | @import "../../public/assets/scss/styles.scss"; 

src/styles/index.scss 4:9  root stylesheet



 ✓ Compiled in 13ms
 ⚠ ./SOMI IT/LE MITOUARD/startix-nextjs/src/styles/index.scss
Issue while running loader
SassWarning: Deprecation Warning on line 3, column 8 of file:///Users/chandrelsomi/SOMI%20IT/LE%20MITOUARD/startix-nextjs/src/styles/index.scss:3:8:
Sass @import rules are deprecated and will be removed in Dart Sass 3.0.0.

More info and automated migrator: https://sass-lang.com/d/import

3 | @import "../../public/assets/scss/styles.scss"; 

src/styles/index.scss 4:9  root stylesheet



 GET /.well-known/appspecific/com.chrome.devtools.json 200 in 239ms (compile: 20ms, render: 220ms)
 ⚠ ./SOMI IT/LE MITOUARD/startix-nextjs/src/styles/index.scss
Issue while running loader
SassWarning: Deprecation Warning on line 3, column 8 of file:///Users/chandrelsomi/SOMI%20IT/LE%20MITOUARD/startix-nextjs/src/styles/index.scss:3:8:
Sass @import rules are deprecated and will be removed in Dart Sass 3.0.0.

More info and automated migrator: https://sass-lang.com/d/import

3 | @import "../../public/assets/scss/styles.scss"; 

src/styles/index.scss 4:9  root stylesheet



 GET /home-2 200 in 261ms (compile: 72ms, render: 189ms)
 ⚠ ./SOMI IT/LE MITOUARD/startix-nextjs/src/styles/index.scss
Issue while running loader
SassWarning: Deprecation Warning on line 3, column 8 of file:///Users/chandrelsomi/SOMI%20IT/LE%20MITOUARD/startix-nextjs/src/styles/index.scss:3:8:
Sass @import rules are deprecated and will be removed in Dart Sass 3.0.0.

More info and automated migrator: https://sass-lang.com/d/import

3 | @import "../../public/assets/scss/styles.scss"; 

src/styles/index.scss 4:9  root stylesheet



 GET /.well-known/appspecific/com.chrome.devtools.json 200 in 78ms (compile: 14ms, render: 64ms)
 ⚠ ./SOMI IT/LE MITOUARD/startix-nextjs/src/styles/index.scss
Issue while running loader
SassWarning: Deprecation Warning on line 3, column 8 of file:///Users/chandrelsomi/SOMI%20IT/LE%20MITOUARD/startix-nextjs/src/styles/index.scss:3:8:
Sass @import rules are deprecated and will be removed in Dart Sass 3.0.0.

More info and automated migrator: https://sass-lang.com/d/import

3 | @import "../../public/assets/scss/styles.scss"; 

src/styles/index.scss 4:9  root stylesheet



 ⚠ ./SOMI IT/LE MITOUARD/startix-nextjs/src/styles/index.scss
Issue while running loader
SassWarning: Deprecation Warning on line 3, column 8 of file:///Users/chandrelsomi/SOMI%20IT/LE%20MITOUARD/startix-nextjs/src/styles/index.scss:3:8:
Sass @import rules are deprecated and will be removed in Dart Sass 3.0.0.

More info and automated migrator: https://sass-lang.com/d/import

3 | @import "../../public/assets/scss/styles.scss"; 

src/styles/index.scss 4:9  root stylesheet



 ⚠ ./SOMI IT/LE MITOUARD/startix-nextjs/src/styles/index.scss
Issue while running loader
SassWarning: Deprecation Warning on line 3, column 8 of file:///Users/chandrelsomi/SOMI%20IT/LE%20MITOUARD/startix-nextjs/src/styles/index.scss:3:8:
Sass @import rules are deprecated and will be removed in Dart Sass 3.0.0.

More info and automated migrator: https://sass-lang.com/d/import

3 | @import "../../public/assets/scss/styles.scss"; 

src/styles/index.scss 4:9  root stylesheet



 ⚠ ./SOMI IT/LE MITOUARD/startix-nextjs/src/styles/index.scss
Issue while running loader
SassWarning: Deprecation Warning on line 3, column 8 of file:///Users/chandrelsomi/SOMI%20IT/LE%20MITOUARD/startix-nextjs/src/styles/index.scss:3:8:
Sass @import rules are deprecated and will be removed in Dart Sass 3.0.0.

More info and automated migrator: https://sass-lang.com/d/import

3 | @import "../../public/assets/scss/styles.scss"; 

src/styles/index.scss 4:9  root stylesheet



 ⚠ ./SOMI IT/LE MITOUARD/startix-nextjs/src/styles/index.scss
Issue while running loader
SassWarning: Deprecation Warning on line 3, column 8 of file:///Users/chandrelsomi/SOMI%20IT/LE%20MITOUARD/startix-nextjs/src/styles/index.scss:3:8:
Sass @import rules are deprecated and will be removed in Dart Sass 3.0.0.

More info and automated migrator: https://sass-lang.com/d/import

3 | @import "../../public/assets/scss/styles.scss"; 

src/styles/index.scss 4:9  root stylesheet



 ⚠ ./SOMI IT/LE MITOUARD/startix-nextjs/src/styles/index.scss
Issue while running loader
SassWarning: Deprecation Warning on line 3, column 8 of file:///Users/chandrelsomi/SOMI%20IT/LE%20MITOUARD/startix-nextjs/src/styles/index.scss:3:8:
Sass @import rules are deprecated and will be removed in Dart Sass 3.0.0.

More info and automated migrator: https://sass-lang.com/d/import

3 | @import "../../public/assets/scss/styles.scss"; 

src/styles/index.scss 4:9  root stylesheet



 GET /home-2 200 in 97ms (compile: 11ms, render: 85ms)
 ⚠ ./SOMI IT/LE MITOUARD/startix-nextjs/src/styles/index.scss
Issue while running loader
SassWarning: Deprecation Warning on line 3, column 8 of file:///Users/chandrelsomi/SOMI%20IT/LE%20MITOUARD/startix-nextjs/src/styles/index.scss:3:8:
Sass @import rules are deprecated and will be removed in Dart Sass 3.0.0.

More info and automated migrator: https://sass-lang.com/d/import

3 | @import "../../public/assets/scss/styles.scss"; 

src/styles/index.scss 4:9  root stylesheet



 GET /.well-known/appspecific/com.chrome.devtools.json 200 in 93ms (compile: 10ms, render: 83ms)
 ⚠ ./SOMI IT/LE MITOUARD/startix-nextjs/src/styles/index.scss
Issue while running loader
SassWarning: Deprecation Warning on line 3, column 8 of file:///Users/chandrelsomi/SOMI%20IT/LE%20MITOUARD/startix-nextjs/src/styles/index.scss:3:8:
Sass @import rules are deprecated and will be removed in Dart Sass 3.0.0.

More info and automated migrator: https://sass-lang.com/d/import

3 | @import "../../public/assets/scss/styles.scss"; 

src/styles/index.scss 4:9  root stylesheet



 ⚠ ./SOMI IT/LE MITOUARD/startix-nextjs/src/styles/index.scss
Issue while running loader
SassWarning: Deprecation Warning on line 3, column 8 of file:///Users/chandrelsomi/SOMI%20IT/LE%20MITOUARD/startix-nextjs/src/styles/index.scss:3:8:
Sass @import rules are deprecated and will be removed in Dart Sass 3.0.0.

More info and automated migrator: https://sass-lang.com/d/import

3 | @import "../../public/assets/scss/styles.scss"; 

src/styles/index.scss 4:9  root stylesheet



 ⚠ ./SOMI IT/LE MITOUARD/startix-nextjs/src/styles/index.scss
Issue while running loader
SassWarning: Deprecation Warning on line 3, column 8 of file:///Users/chandrelsomi/SOMI%20IT/LE%20MITOUARD/startix-nextjs/src/styles/index.scss:3:8:
Sass @import rules are deprecated and will be removed in Dart Sass 3.0.0.

More info and automated migrator: https://sass-lang.com/d/import

3 | @import "../../public/assets/scss/styles.scss"; 

src/styles/index.scss 4:9  root stylesheet



 ⚠ ./SOMI IT/LE MITOUARD/startix-nextjs/src/styles/index.scss
Issue while running loader
SassWarning: Deprecation Warning on line 3, column 8 of file:///Users/chandrelsomi/SOMI%20IT/LE%20MITOUARD/startix-nextjs/src/styles/index.scss:3:8:
Sass @import rules are deprecated and will be removed in Dart Sass 3.0.0.

More info and automated migrator: https://sass-lang.com/d/import

3 | @import "../../public/assets/scss/styles.scss"; 

src/styles/index.scss 4:9  root stylesheet



 ⚠ ./SOMI IT/LE MITOUARD/startix-nextjs/src/styles/index.scss
Issue while running loader
SassWarning: Deprecation Warning on line 3, column 8 of file:///Users/chandrelsomi/SOMI%20IT/LE%20MITOUARD/startix-nextjs/src/styles/index.scss:3:8:
Sass @import rules are deprecated and will be removed in Dart Sass 3.0.0.

More info and automated migrator: https://sass-lang.com/d/import

3 | @import "../../public/assets/scss/styles.scss"; 

src/styles/index.scss 4:9  root stylesheet



 ⚠ ./SOMI IT/LE MITOUARD/startix-nextjs/src/styles/index.scss
Issue while running loader
SassWarning: Deprecation Warning on line 3, column 8 of file:///Users/chandrelsomi/SOMI%20IT/LE%20MITOUARD/startix-nextjs/src/styles/index.scss:3:8:
Sass @import rules are deprecated and will be removed in Dart Sass 3.0.0.

More info and automated migrator: https://sass-lang.com/d/import

3 | @import "../../public/assets/scss/styles.scss"; 

src/styles/index.scss 4:9  root stylesheet



 GET /home-2 200 in 37ms (compile: 16ms, render: 21ms)
 ⚠ ./SOMI IT/LE MITOUARD/startix-nextjs/src/styles/index.scss
Issue while running loader
SassWarning: Deprecation Warning on line 3, column 8 of file:///Users/chandrelsomi/SOMI%20IT/LE%20MITOUARD/startix-nextjs/src/styles/index.scss:3:8:
Sass @import rules are deprecated and will be removed in Dart Sass 3.0.0.

More info and automated migrator: https://sass-lang.com/d/import

3 | @import "../../public/assets/scss/styles.scss"; 

src/styles/index.scss 4:9  root stylesheet



 GET /home-2 200 in 25ms (compile: 5ms, render: 20ms)
 ⚠ ./SOMI IT/LE MITOUARD/startix-nextjs/src/styles/index.scss
Issue while running loader
SassWarning: Deprecation Warning on line 3, column 8 of file:///Users/chandrelsomi/SOMI%20IT/LE%20MITOUARD/startix-nextjs/src/styles/index.scss:3:8:
Sass @import rules are deprecated and will be removed in Dart Sass 3.0.0.

More info and automated migrator: https://sass-lang.com/d/import

3 | @import "../../public/assets/scss/styles.scss"; 

src/styles/index.scss 4:9  root stylesheet



 GET /services 200 in 43ms (compile: 7ms, render: 36ms)
 ⚠ ./SOMI IT/LE MITOUARD/startix-nextjs/src/styles/index.scss
Issue while running loader
SassWarning: Deprecation Warning on line 3, column 8 of file:///Users/chandrelsomi/SOMI%20IT/LE%20MITOUARD/startix-nextjs/src/styles/index.scss:3:8:
Sass @import rules are deprecated and will be removed in Dart Sass 3.0.0.

More info and automated migrator: https://sass-lang.com/d/import

3 | @import "../../public/assets/scss/styles.scss"; 

src/styles/index.scss 4:9  root stylesheet



 GET /home-2 200 in 57ms (compile: 13ms, render: 44ms)
 ⚠ ./SOMI IT/LE MITOUARD/startix-nextjs/src/styles/index.scss
Issue while running loader
SassWarning: Deprecation Warning on line 3, column 8 of file:///Users/chandrelsomi/SOMI%20IT/LE%20MITOUARD/startix-nextjs/src/styles/index.scss:3:8:
Sass @import rules are deprecated and will be removed in Dart Sass 3.0.0.

More info and automated migrator: https://sass-lang.com/d/import

3 | @import "../../public/assets/scss/styles.scss"; 

src/styles/index.scss 4:9  root stylesheet



 GET /home-2 200 in 88ms (compile: 11ms, render: 77ms)
 ⚠ ./SOMI IT/LE MITOUARD/startix-nextjs/src/styles/index.scss
Issue while running loader
SassWarning: Deprecation Warning on line 3, column 8 of file:///Users/chandrelsomi/SOMI%20IT/LE%20MITOUARD/startix-nextjs/src/styles/index.scss:3:8:
Sass @import rules are deprecated and will be removed in Dart Sass 3.0.0.

More info and automated migrator: https://sass-lang.com/d/import

3 | @import "../../public/assets/scss/styles.scss"; 

src/styles/index.scss 4:9  root stylesheet



 ⚠ ./SOMI IT/LE MITOUARD/startix-nextjs/src/styles/index.scss
Issue while running loader
SassWarning: Deprecation Warning on line 3, column 8 of file:///Users/chandrelsomi/SOMI%20IT/LE%20MITOUARD/startix-nextjs/src/styles/index.scss:3:8:
Sass @import rules are deprecated and will be removed in Dart Sass 3.0.0.

More info and automated migrator: https://sass-lang.com/d/import

3 | @import "../../public/assets/scss/styles.scss"; 

src/styles/index.scss 4:9  root stylesheet



 ⚠ ./SOMI IT/LE MITOUARD/startix-nextjs/src/styles/index.scss
Issue while running loader
SassWarning: Deprecation Warning on line 3, column 8 of file:///Users/chandrelsomi/SOMI%20IT/LE%20MITOUARD/startix-nextjs/src/styles/index.scss:3:8:
Sass @import rules are deprecated and will be removed in Dart Sass 3.0.0.

More info and automated migrator: https://sass-lang.com/d/import

3 | @import "../../public/assets/scss/styles.scss"; 

src/styles/index.scss 4:9  root stylesheet



 ⚠ ./SOMI IT/LE MITOUARD/startix-nextjs/src/styles/index.scss
Issue while running loader
SassWarning: Deprecation Warning on line 3, column 8 of file:///Users/chandrelsomi/SOMI%20IT/LE%20MITOUARD/startix-nextjs/src/styles/index.scss:3:8:
Sass @import rules are deprecated and will be removed in Dart Sass 3.0.0.

More info and automated migrator: https://sass-lang.com/d/import

3 | @import "../../public/assets/scss/styles.scss"; 

src/styles/index.scss 4:9  root stylesheet



 ⚠ ./SOMI IT/LE MITOUARD/startix-nextjs/src/styles/index.scss
Issue while running loader
SassWarning: Deprecation Warning on line 3, column 8 of file:///Users/chandrelsomi/SOMI%20IT/LE%20MITOUARD/startix-nextjs/src/styles/index.scss:3:8:
Sass @import rules are deprecated and will be removed in Dart Sass 3.0.0.

More info and automated migrator: https://sass-lang.com/d/import

3 | @import "../../public/assets/scss/styles.scss"; 

src/styles/index.scss 4:9  root stylesheet



 ✓ Compiled in 78ms
 ⚠ ./SOMI IT/LE MITOUARD/startix-nextjs/src/styles/index.scss
Issue while running loader
SassWarning: Deprecation Warning on line 3, column 8 of file:///Users/chandrelsomi/SOMI%20IT/LE%20MITOUARD/startix-nextjs/src/styles/index.scss:3:8:
Sass @import rules are deprecated and will be removed in Dart Sass 3.0.0.

More info and automated migrator: https://sass-lang.com/d/import

3 | @import "../../public/assets/scss/styles.scss"; 

src/styles/index.scss 4:9  root stylesheet



 GET /home-2 200 in 303ms (compile: 96ms, render: 208ms)
 ⚠ ./SOMI IT/LE MITOUARD/startix-nextjs/src/styles/index.scss
Issue while running loader
SassWarning: Deprecation Warning on line 3, column 8 of file:///Users/chandrelsomi/SOMI%20IT/LE%20MITOUARD/startix-nextjs/src/styles/index.scss:3:8:
Sass @import rules are deprecated and will be removed in Dart Sass 3.0.0.

More info and automated migrator: https://sass-lang.com/d/import

3 | @import "../../public/assets/scss/styles.scss"; 

src/styles/index.scss 4:9  root stylesheet



 ⚠ ./SOMI IT/LE MITOUARD/startix-nextjs/src/styles/index.scss
Issue while running loader
SassWarning: Deprecation Warning on line 3, column 8 of file:///Users/chandrelsomi/SOMI%20IT/LE%20MITOUARD/startix-nextjs/src/styles/index.scss:3:8:
Sass @import rules are deprecated and will be removed in Dart Sass 3.0.0.

More info and automated migrator: https://sass-lang.com/d/import

3 | @import "../../public/assets/scss/styles.scss"; 

src/styles/index.scss 4:9  root stylesheet



 ⚠ ./SOMI IT/LE MITOUARD/startix-nextjs/src/styles/index.scss
Issue while running loader
SassWarning: Deprecation Warning on line 3, column 8 of file:///Users/chandrelsomi/SOMI%20IT/LE%20MITOUARD/startix-nextjs/src/styles/index.scss:3:8:
Sass @import rules are deprecated and will be removed in Dart Sass 3.0.0.

More info and automated migrator: https://sass-lang.com/d/import

3 | @import "../../public/assets/scss/styles.scss"; 

src/styles/index.scss 4:9  root stylesheet



 ⚠ ./SOMI IT/LE MITOUARD/startix-nextjs/src/styles/index.scss
Issue while running loader
SassWarning: Deprecation Warning on line 3, column 8 of file:///Users/chandrelsomi/SOMI%20IT/LE%20MITOUARD/startix-nextjs/src/styles/index.scss:3:8:
Sass @import rules are deprecated and will be removed in Dart Sass 3.0.0.

More info and automated migrator: https://sass-lang.com/d/import

3 | @import "../../public/assets/scss/styles.scss"; 

src/styles/index.scss 4:9  root stylesheet



 ⚠ ./SOMI IT/LE MITOUARD/startix-nextjs/src/styles/index.scss
Issue while running loader
SassWarning: Deprecation Warning on line 3, column 8 of file:///Users/chandrelsomi/SOMI%20IT/LE%20MITOUARD/startix-nextjs/src/styles/index.scss:3:8:
Sass @import rules are deprecated and will be removed in Dart Sass 3.0.0.

More info and automated migrator: https://sass-lang.com/d/import

3 | @import "../../public/assets/scss/styles.scss"; 

src/styles/index.scss 4:9  root stylesheet



 ✓ Compiled in 31ms
 ⚠ ./SOMI IT/LE MITOUARD/startix-nextjs/src/styles/index.scss
Issue while running loader
SassWarning: Deprecation Warning on line 3, column 8 of file:///Users/chandrelsomi/SOMI%20IT/LE%20MITOUARD/startix-nextjs/src/styles/index.scss:3:8:
Sass @import rules are deprecated and will be removed in Dart Sass 3.0.0.

More info and automated migrator: https://sass-lang.com/d/import

3 | @import "../../public/assets/scss/styles.scss"; 

src/styles/index.scss 4:9  root stylesheet



 GET /home-2 200 in 275ms (compile: 89ms, render: 186ms)
 ⚠ ./SOMI IT/LE MITOUARD/startix-nextjs/src/styles/index.scss
Issue while running loader
SassWarning: Deprecation Warning on line 3, column 8 of file:///Users/chandrelsomi/SOMI%20IT/LE%20MITOUARD/startix-nextjs/src/styles/index.scss:3:8:
Sass @import rules are deprecated and will be removed in Dart Sass 3.0.0.

More info and automated migrator: https://sass-lang.com/d/import

3 | @import "../../public/assets/scss/styles.scss"; 

src/styles/index.scss 4:9  root stylesheet



 ⚠ ./SOMI IT/LE MITOUARD/startix-nextjs/src/styles/index.scss
Issue while running loader
SassWarning: Deprecation Warning on line 3, column 8 of file:///Users/chandrelsomi/SOMI%20IT/LE%20MITOUARD/startix-nextjs/src/styles/index.scss:3:8:
Sass @import rules are deprecated and will be removed in Dart Sass 3.0.0.

More info and automated migrator: https://sass-lang.com/d/import

3 | @import "../../public/assets/scss/styles.scss"; 

src/styles/index.scss 4:9  root stylesheet



 ⚠ ./SOMI IT/LE MITOUARD/startix-nextjs/src/styles/index.scss
Issue while running loader
SassWarning: Deprecation Warning on line 3, column 8 of file:///Users/chandrelsomi/SOMI%20IT/LE%20MITOUARD/startix-nextjs/src/styles/index.scss:3:8:
Sass @import rules are deprecated and will be removed in Dart Sass 3.0.0.

More info and automated migrator: https://sass-lang.com/d/import

3 | @import "../../public/assets/scss/styles.scss"; 

src/styles/index.scss 4:9  root stylesheet



 ⚠ ./SOMI IT/LE MITOUARD/startix-nextjs/src/styles/index.scss
Issue while running loader
SassWarning: Deprecation Warning on line 3, column 8 of file:///Users/chandrelsomi/SOMI%20IT/LE%20MITOUARD/startix-nextjs/src/styles/index.scss:3:8:
Sass @import rules are deprecated and will be removed in Dart Sass 3.0.0.

More info and automated migrator: https://sass-lang.com/d/import

3 | @import "../../public/assets/scss/styles.scss"; 

src/styles/index.scss 4:9  root stylesheet



 ⚠ ./SOMI IT/LE MITOUARD/startix-nextjs/src/styles/index.scss
Issue while running loader
SassWarning: Deprecation Warning on line 3, column 8 of file:///Users/chandrelsomi/SOMI%20IT/LE%20MITOUARD/startix-nextjs/src/styles/index.scss:3:8:
Sass @import rules are deprecated and will be removed in Dart Sass 3.0.0.

More info and automated migrator: https://sass-lang.com/d/import

3 | @import "../../public/assets/scss/styles.scss"; 

src/styles/index.scss 4:9  root stylesheet



 ✓ Compiled in 25ms
 ⚠ ./SOMI IT/LE MITOUARD/startix-nextjs/src/styles/index.scss
Issue while running loader
SassWarning: Deprecation Warning on line 3, column 8 of file:///Users/chandrelsomi/SOMI%20IT/LE%20MITOUARD/startix-nextjs/src/styles/index.scss:3:8:
Sass @import rules are deprecated and will be removed in Dart Sass 3.0.0.

More info and automated migrator: https://sass-lang.com/d/import

3 | @import "../../public/assets/scss/styles.scss"; 

src/styles/index.scss 4:9  root stylesheet



 GET /home-2 200 in 306ms (compile: 112ms, render: 194ms)
 ⚠ ./SOMI IT/LE MITOUARD/startix-nextjs/src/styles/index.scss
Issue while running loader
SassWarning: Deprecation Warning on line 3, column 8 of file:///Users/chandrelsomi/SOMI%20IT/LE%20MITOUARD/startix-nextjs/src/styles/index.scss:3:8:
Sass @import rules are deprecated and will be removed in Dart Sass 3.0.0.

More info and automated migrator: https://sass-lang.com/d/import

3 | @import "../../public/assets/scss/styles.scss"; 

src/styles/index.scss 4:9  root stylesheet



 ⚠ ./SOMI IT/LE MITOUARD/startix-nextjs/src/styles/index.scss
Issue while running loader
SassWarning: Deprecation Warning on line 3, column 8 of file:///Users/chandrelsomi/SOMI%20IT/LE%20MITOUARD/startix-nextjs/src/styles/index.scss:3:8:
Sass @import rules are deprecated and will be removed in Dart Sass 3.0.0.

More info and automated migrator: https://sass-lang.com/d/import

3 | @import "../../public/assets/scss/styles.scss"; 

src/styles/index.scss 4:9  root stylesheet



 ⚠ ./SOMI IT/LE MITOUARD/startix-nextjs/src/styles/index.scss
Issue while running loader
SassWarning: Deprecation Warning on line 3, column 8 of file:///Users/chandrelsomi/SOMI%20IT/LE%20MITOUARD/startix-nextjs/src/styles/index.scss:3:8:
Sass @import rules are deprecated and will be removed in Dart Sass 3.0.0.

More info and automated migrator: https://sass-lang.com/d/import

3 | @import "../../public/assets/scss/styles.scss"; 

src/styles/index.scss 4:9  root stylesheet



 ⚠ ./SOMI IT/LE MITOUARD/startix-nextjs/src/styles/index.scss
Issue while running loader
SassWarning: Deprecation Warning on line 3, column 8 of file:///Users/chandrelsomi/SOMI%20IT/LE%20MITOUARD/startix-nextjs/src/styles/index.scss:3:8:
Sass @import rules are deprecated and will be removed in Dart Sass 3.0.0.

More info and automated migrator: https://sass-lang.com/d/import

3 | @import "../../public/assets/scss/styles.scss"; 

src/styles/index.scss 4:9  root stylesheet



 ⚠ ./SOMI IT/LE MITOUARD/startix-nextjs/src/styles/index.scss
Issue while running loader
SassWarning: Deprecation Warning on line 3, column 8 of file:///Users/chandrelsomi/SOMI%20IT/LE%20MITOUARD/startix-nextjs/src/styles/index.scss:3:8:
Sass @import rules are deprecated and will be removed in Dart Sass 3.0.0.

More info and automated migrator: https://sass-lang.com/d/import

3 | @import "../../public/assets/scss/styles.scss"; 

src/styles/index.scss 4:9  root stylesheet



 ⚠ ./SOMI IT/LE MITOUARD/startix-nextjs/src/styles/index.scss
Issue while running loader
SassWarning: Deprecation Warning on line 3, column 8 of file:///Users/chandrelsomi/SOMI%20IT/LE%20MITOUARD/startix-nextjs/src/styles/index.scss:3:8:
Sass @import rules are deprecated and will be removed in Dart Sass 3.0.0.

More info and automated migrator: https://sass-lang.com/d/import

3 | @import "../../public/assets/scss/styles.scss"; 

src/styles/index.scss 4:9  root stylesheet



 GET /contact 200 in 449ms (compile: 395ms, render: 54ms)
 ⚠ ./SOMI IT/LE MITOUARD/startix-nextjs/src/styles/index.scss
Issue while running loader
SassWarning: Deprecation Warning on line 3, column 8 of file:///Users/chandrelsomi/SOMI%20IT/LE%20MITOUARD/startix-nextjs/src/styles/index.scss:3:8:
Sass @import rules are deprecated and will be removed in Dart Sass 3.0.0.

More info and automated migrator: https://sass-lang.com/d/import

3 | @import "../../public/assets/scss/styles.scss"; 

src/styles/index.scss 4:9  root stylesheet



 GET /contact 200 in 35ms (compile: 6ms, render: 29ms)
 ⚠ ./SOMI IT/LE MITOUARD/startix-nextjs/src/styles/index.scss
Issue while running loader
SassWarning: Deprecation Warning on line 3, column 8 of file:///Users/chandrelsomi/SOMI%20IT/LE%20MITOUARD/startix-nextjs/src/styles/index.scss:3:8:
Sass @import rules are deprecated and will be removed in Dart Sass 3.0.0.

More info and automated migrator: https://sass-lang.com/d/import

3 | @import "../../public/assets/scss/styles.scss"; 

src/styles/index.scss 4:9  root stylesheet



 GET # 200 in 350ms (compile: 313ms, render: 37ms)
 ⚠ ./SOMI IT/LE MITOUARD/startix-nextjs/src/styles/index.scss
Issue while running loader
SassWarning: Deprecation Warning on line 3, column 8 of file:///Users/chandrelsomi/SOMI%20IT/LE%20MITOUARD/startix-nextjs/src/styles/index.scss:3:8:
Sass @import rules are deprecated and will be removed in Dart Sass 3.0.0.

More info and automated migrator: https://sass-lang.com/d/import

3 | @import "../../public/assets/scss/styles.scss"; 

src/styles/index.scss 4:9  root stylesheet



 ✓ Compiled in 82ms
 GET # 200 in 399ms (compile: 6ms, render: 394ms)
 ⚠ ./SOMI IT/LE MITOUARD/startix-nextjs/src/styles/index.scss
Issue while running loader
SassWarning: Deprecation Warning on line 3, column 8 of file:///Users/chandrelsomi/SOMI%20IT/LE%20MITOUARD/startix-nextjs/src/styles/index.scss:3:8:
Sass @import rules are deprecated and will be removed in Dart Sass 3.0.0.

More info and automated migrator: https://sass-lang.com/d/import

3 | @import "../../public/assets/scss/styles.scss"; 

src/styles/index.scss 4:9  root stylesheet



 ⚠ ./SOMI IT/LE MITOUARD/startix-nextjs/src/styles/index.scss
Issue while running loader
SassWarning: Deprecation Warning on line 3, column 8 of file:///Users/chandrelsomi/SOMI%20IT/LE%20MITOUARD/startix-nextjs/src/styles/index.scss:3:8:
Sass @import rules are deprecated and will be removed in Dart Sass 3.0.0.

More info and automated migrator: https://sass-lang.com/d/import

3 | @import "../../public/assets/scss/styles.scss"; 

src/styles/index.scss 4:9  root stylesheet



 ⚠ ./SOMI IT/LE MITOUARD/startix-nextjs/src/styles/index.scss
Issue while running loader
SassWarning: Deprecation Warning on line 3, column 8 of file:///Users/chandrelsomi/SOMI%20IT/LE%20MITOUARD/startix-nextjs/src/styles/index.scss:3:8:
Sass @import rules are deprecated and will be removed in Dart Sass 3.0.0.

More info and automated migrator: https://sass-lang.com/d/import

3 | @import "../../public/assets/scss/styles.scss"; 

src/styles/index.scss 4:9  root stylesheet



 ⚠ ./SOMI IT/LE MITOUARD/startix-nextjs/src/styles/index.scss
Issue while running loader
SassWarning: Deprecation Warning on line 3, column 8 of file:///Users/chandrelsomi/SOMI%20IT/LE%20MITOUARD/startix-nextjs/src/styles/index.scss:3:8:
Sass @import rules are deprecated and will be removed in Dart Sass 3.0.0.

More info and automated migrator: https://sass-lang.com/d/import

3 | @import "../../public/assets/scss/styles.scss"; 

src/styles/index.scss 4:9  root stylesheet



 ⚠ ./SOMI IT/LE MITOUARD/startix-nextjs/src/styles/index.scss
Issue while running loader
SassWarning: Deprecation Warning on line 3, column 8 of file:///Users/chandrelsomi/SOMI%20IT/LE%20MITOUARD/startix-nextjs/src/styles/index.scss:3:8:
Sass @import rules are deprecated and will be removed in Dart Sass 3.0.0.

More info and automated migrator: https://sass-lang.com/d/import

3 | @import "../../public/assets/scss/styles.scss"; 

src/styles/index.scss 4:9  root stylesheet



 ⚠ ./SOMI IT/LE MITOUARD/startix-nextjs/src/styles/index.scss
Issue while running loader
SassWarning: Deprecation Warning on line 3, column 8 of file:///Users/chandrelsomi/SOMI%20IT/LE%20MITOUARD/startix-nextjs/src/styles/index.scss:3:8:
Sass @import rules are deprecated and will be removed in Dart Sass 3.0.0.

More info and automated migrator: https://sass-lang.com/d/import

3 | @import "../../public/assets/scss/styles.scss"; 

src/styles/index.scss 4:9  root stylesheet



 ⚠ ./SOMI IT/LE MITOUARD/startix-nextjs/src/styles/index.scss
Issue while running loader
SassWarning: Deprecation Warning on line 3, column 8 of file:///Users/chandrelsomi/SOMI%20IT/LE%20MITOUARD/startix-nextjs/src/styles/index.scss:3:8:
Sass @import rules are deprecated and will be removed in Dart Sass 3.0.0.

More info and automated migrator: https://sass-lang.com/d/import

3 | @import "../../public/assets/scss/styles.scss"; 

src/styles/index.scss 4:9  root stylesheet



 ⚠ ./SOMI IT/LE MITOUARD/startix-nextjs/src/styles/index.scss
Issue while running loader
SassWarning: Deprecation Warning on line 3, column 8 of file:///Users/chandrelsomi/SOMI%20IT/LE%20MITOUARD/startix-nextjs/src/styles/index.scss:3:8:
Sass @import rules are deprecated and will be removed in Dart Sass 3.0.0.

More info and automated migrator: https://sass-lang.com/d/import

3 | @import "../../public/assets/scss/styles.scss"; 

src/styles/index.scss 4:9  root stylesheet



 GET /home-2 200 in 124ms (compile: 81ms, render: 43ms)
 ✓ Compiled in 47ms
 ✓ Compiled in 12ms
 ⨯ ./SOMI IT/LE MITOUARD/startix-nextjs/src/layouts/headers/HeaderTwo.tsx:48:23
Parsing ecmascript source code failed
[0m [90m 46 |[39m                      [33m<[39m[33mspan[39m[33m>[39m[33mSign[39m [33mUp[39m [33m<[39m[33mi[39m className[33m=[39m[32m"d-none d-sm-block ti ti-arrow-up-right"[39m[33m>[39m[33m<[39m[33m/[39m[33mi[39m[33m>[39m[33m<[39m[33m/[39m[33mspan[39m[33m>[39m
 [90m 47 |[39m                   [33m<[39m[33m/[39m[33mLink[39m[33m>[39m
[31m[1m>[22m[39m[90m 48 |[39m                   [33m<[39m[33m/[39m[33ma[39m[33m>[39m
 [90m    |[39m                       [31m[1m^[22m[39m
[31m[1m>[22m[39m[90m 49 |[39m                [33m<[39m[33m/[39m[33mdiv[39m[33m>[39m
 [90m    |[39m [31m[1m^[22m[39m[31m[1m^[22m[39m[31m[1m^[22m[39m[31m[1m^[22m[39m[31m[1m^[22m[39m[31m[1m^[22m[39m[31m[1m^[22m[39m[31m[1m^[22m[39m[31m[1m^[22m[39m[31m[1m^[22m[39m[31m[1m^[22m[39m[31m[1m^[22m[39m[31m[1m^[22m[39m[31m[1m^[22m[39m[31m[1m^[22m[39m[31m[1m^[22m[39m
 [90m 50 |[39m             [33m<[39m[33m/[39m[33mnav[39m[33m>[39m
 [90m 51 |[39m          [33m<[39m[33m/[39m[33mheader[39m[33m>[39m
 [90m 52 |[39m          [33m<[39m[33mSearchbarArea[39m searchOpen[33m=[39m{searchOpen} setSearchOpen[33m=[39m{setSearchOpen} [33m/[39m[33m>[39m[0m

Expected '</', got 'jsx text (
               )'

Import traces:
  Client Component Browser:
    ./SOMI IT/LE MITOUARD/startix-nextjs/src/layouts/headers/HeaderTwo.tsx [Client Component Browser]
    ./SOMI IT/LE MITOUARD/startix-nextjs/src/components/homes/home-2/index.tsx [Client Component Browser]
    ./SOMI IT/LE MITOUARD/startix-nextjs/src/components/homes/home-2/index.tsx [Server Component]
    ./SOMI IT/LE MITOUARD/startix-nextjs/src/app/(homes)/home-2/page.tsx [Server Component]

  Client Component SSR:
    ./SOMI IT/LE MITOUARD/startix-nextjs/src/layouts/headers/HeaderTwo.tsx [Client Component SSR]
    ./SOMI IT/LE MITOUARD/startix-nextjs/src/components/homes/home-2/index.tsx [Client Component SSR]
    ./SOMI IT/LE MITOUARD/startix-nextjs/src/components/homes/home-2/index.tsx [Server Component]
    ./SOMI IT/LE MITOUARD/startix-nextjs/src/app/(homes)/home-2/page.tsx [Server Component]


 ⚠ ./SOMI IT/LE MITOUARD/startix-nextjs/src/styles/index.scss
Issue while running loader
SassWarning: Deprecation Warning on line 3, column 8 of file:///Users/chandrelsomi/SOMI%20IT/LE%20MITOUARD/startix-nextjs/src/styles/index.scss:3:8:
Sass @import rules are deprecated and will be removed in Dart Sass 3.0.0.

More info and automated migrator: https://sass-lang.com/d/import

3 | @import "../../public/assets/scss/styles.scss"; 

src/styles/index.scss 4:9  root stylesheet



 ⚠ ./SOMI IT/LE MITOUARD/startix-nextjs/src/styles/index.scss
Issue while running loader
SassWarning: Deprecation Warning on line 3, column 8 of file:///Users/chandrelsomi/SOMI%20IT/LE%20MITOUARD/startix-nextjs/src/styles/index.scss:3:8:
Sass @import rules are deprecated and will be removed in Dart Sass 3.0.0.

More info and automated migrator: https://sass-lang.com/d/import

3 | @import "../../public/assets/scss/styles.scss"; 

src/styles/index.scss 4:9  root stylesheet



 ⚠ ./SOMI IT/LE MITOUARD/startix-nextjs/src/styles/index.scss
Issue while running loader
SassWarning: Deprecation Warning on line 3, column 8 of file:///Users/chandrelsomi/SOMI%20IT/LE%20MITOUARD/startix-nextjs/src/styles/index.scss:3:8:
Sass @import rules are deprecated and will be removed in Dart Sass 3.0.0.

More info and automated migrator: https://sass-lang.com/d/import

3 | @import "../../public/assets/scss/styles.scss"; 

src/styles/index.scss 4:9  root stylesheet



 ⚠ ./SOMI IT/LE MITOUARD/startix-nextjs/src/styles/index.scss
Issue while running loader
SassWarning: Deprecation Warning on line 3, column 8 of file:///Users/chandrelsomi/SOMI%20IT/LE%20MITOUARD/startix-nextjs/src/styles/index.scss:3:8:
Sass @import rules are deprecated and will be removed in Dart Sass 3.0.0.

More info and automated migrator: https://sass-lang.com/d/import

3 | @import "../../public/assets/scss/styles.scss"; 

src/styles/index.scss 4:9  root stylesheet



 ⚠ ./SOMI IT/LE MITOUARD/startix-nextjs/src/styles/index.scss
Issue while running loader
SassWarning: Deprecation Warning on line 3, column 8 of file:///Users/chandrelsomi/SOMI%20IT/LE%20MITOUARD/startix-nextjs/src/styles/index.scss:3:8:
Sass @import rules are deprecated and will be removed in Dart Sass 3.0.0.

More info and automated migrator: https://sass-lang.com/d/import

3 | @import "../../public/assets/scss/styles.scss"; 

src/styles/index.scss 4:9  root stylesheet



 ⚠ ./SOMI IT/LE MITOUARD/startix-nextjs/src/styles/index.scss
Issue while running loader
SassWarning: Deprecation Warning on line 3, column 8 of file:///Users/chandrelsomi/SOMI%20IT/LE%20MITOUARD/startix-nextjs/src/styles/index.scss:3:8:
Sass @import rules are deprecated and will be removed in Dart Sass 3.0.0.

More info and automated migrator: https://sass-lang.com/d/import

3 | @import "../../public/assets/scss/styles.scss"; 

src/styles/index.scss 4:9  root stylesheet



 ⚠ ./SOMI IT/LE MITOUARD/startix-nextjs/src/styles/index.scss
Issue while running loader
SassWarning: Deprecation Warning on line 3, column 8 of file:///Users/chandrelsomi/SOMI%20IT/LE%20MITOUARD/startix-nextjs/src/styles/index.scss:3:8:
Sass @import rules are deprecated and will be removed in Dart Sass 3.0.0.

More info and automated migrator: https://sass-lang.com/d/import

3 | @import "../../public/assets/scss/styles.scss"; 

src/styles/index.scss 4:9  root stylesheet



 GET /home-2 500 in 744ms (compile: 647ms, render: 97ms)
 ⚠ ./SOMI IT/LE MITOUARD/startix-nextjs/src/styles/index.scss
Issue while running loader
SassWarning: Deprecation Warning on line 3, column 8 of file:///Users/chandrelsomi/SOMI%20IT/LE%20MITOUARD/startix-nextjs/src/styles/index.scss:3:8:
Sass @import rules are deprecated and will be removed in Dart Sass 3.0.0.

More info and automated migrator: https://sass-lang.com/d/import

3 | @import "../../public/assets/scss/styles.scss"; 

src/styles/index.scss 4:9  root stylesheet



 ⚠ ./SOMI IT/LE MITOUARD/startix-nextjs/src/styles/index.scss
Issue while running loader
SassWarning: Deprecation Warning on line 3, column 8 of file:///Users/chandrelsomi/SOMI%20IT/LE%20MITOUARD/startix-nextjs/src/styles/index.scss:3:8:
Sass @import rules are deprecated and will be removed in Dart Sass 3.0.0.

More info and automated migrator: https://sass-lang.com/d/import

3 | @import "../../public/assets/scss/styles.scss"; 

src/styles/index.scss 4:9  root stylesheet



 ⚠ ./SOMI IT/LE MITOUARD/startix-nextjs/src/styles/index.scss
Issue while running loader
SassWarning: Deprecation Warning on line 3, column 8 of file:///Users/chandrelsomi/SOMI%20IT/LE%20MITOUARD/startix-nextjs/src/styles/index.scss:3:8:
Sass @import rules are deprecated and will be removed in Dart Sass 3.0.0.

More info and automated migrator: https://sass-lang.com/d/import

3 | @import "../../public/assets/scss/styles.scss"; 

src/styles/index.scss 4:9  root stylesheet



 ⚠ ./SOMI IT/LE MITOUARD/startix-nextjs/src/styles/index.scss
Issue while running loader
SassWarning: Deprecation Warning on line 3, column 8 of file:///Users/chandrelsomi/SOMI%20IT/LE%20MITOUARD/startix-nextjs/src/styles/index.scss:3:8:
Sass @import rules are deprecated and will be removed in Dart Sass 3.0.0.

More info and automated migrator: https://sass-lang.com/d/import

3 | @import "../../public/assets/scss/styles.scss"; 

src/styles/index.scss 4:9  root stylesheet



 ⚠ ./SOMI IT/LE MITOUARD/startix-nextjs/src/styles/index.scss
Issue while running loader
SassWarning: Deprecation Warning on line 3, column 8 of file:///Users/chandrelsomi/SOMI%20IT/LE%20MITOUARD/startix-nextjs/src/styles/index.scss:3:8:
Sass @import rules are deprecated and will be removed in Dart Sass 3.0.0.

More info and automated migrator: https://sass-lang.com/d/import

3 | @import "../../public/assets/scss/styles.scss"; 

src/styles/index.scss 4:9  root stylesheet



 ⚠ ./SOMI IT/LE MITOUARD/startix-nextjs/src/styles/index.scss
Issue while running loader
SassWarning: Deprecation Warning on line 3, column 8 of file:///Users/chandrelsomi/SOMI%20IT/LE%20MITOUARD/startix-nextjs/src/styles/index.scss:3:8:
Sass @import rules are deprecated and will be removed in Dart Sass 3.0.0.

More info and automated migrator: https://sass-lang.com/d/import

3 | @import "../../public/assets/scss/styles.scss"; 

src/styles/index.scss 4:9  root stylesheet



 ⚠ ./SOMI IT/LE MITOUARD/startix-nextjs/src/styles/index.scss
Issue while running loader
SassWarning: Deprecation Warning on line 3, column 8 of file:///Users/chandrelsomi/SOMI%20IT/LE%20MITOUARD/startix-nextjs/src/styles/index.scss:3:8:
Sass @import rules are deprecated and will be removed in Dart Sass 3.0.0.

More info and automated migrator: https://sass-lang.com/d/import

3 | @import "../../public/assets/scss/styles.scss"; 

src/styles/index.scss 4:9  root stylesheet



 ⚠ ./SOMI IT/LE MITOUARD/startix-nextjs/src/styles/index.scss
Issue while running loader
SassWarning: Deprecation Warning on line 3, column 8 of file:///Users/chandrelsomi/SOMI%20IT/LE%20MITOUARD/startix-nextjs/src/styles/index.scss:3:8:
Sass @import rules are deprecated and will be removed in Dart Sass 3.0.0.

More info and automated migrator: https://sass-lang.com/d/import

3 | @import "../../public/assets/scss/styles.scss"; 

src/styles/index.scss 4:9  root stylesheet



 GET /home-2 200 in 304ms (compile: 123ms, render: 181ms)
 ⚠ ./SOMI IT/LE MITOUARD/startix-nextjs/src/styles/index.scss
Issue while running loader
SassWarning: Deprecation Warning on line 3, column 8 of file:///Users/chandrelsomi/SOMI%20IT/LE%20MITOUARD/startix-nextjs/src/styles/index.scss:3:8:
Sass @import rules are deprecated and will be removed in Dart Sass 3.0.0.

More info and automated migrator: https://sass-lang.com/d/import

3 | @import "../../public/assets/scss/styles.scss"; 

src/styles/index.scss 4:9  root stylesheet



 ⚠ ./SOMI IT/LE MITOUARD/startix-nextjs/src/styles/index.scss
Issue while running loader
SassWarning: Deprecation Warning on line 3, column 8 of file:///Users/chandrelsomi/SOMI%20IT/LE%20MITOUARD/startix-nextjs/src/styles/index.scss:3:8:
Sass @import rules are deprecated and will be removed in Dart Sass 3.0.0.

More info and automated migrator: https://sass-lang.com/d/import

3 | @import "../../public/assets/scss/styles.scss"; 

src/styles/index.scss 4:9  root stylesheet



 ⚠ ./SOMI IT/LE MITOUARD/startix-nextjs/src/styles/index.scss
Issue while running loader
SassWarning: Deprecation Warning on line 3, column 8 of file:///Users/chandrelsomi/SOMI%20IT/LE%20MITOUARD/startix-nextjs/src/styles/index.scss:3:8:
Sass @import rules are deprecated and will be removed in Dart Sass 3.0.0.

More info and automated migrator: https://sass-lang.com/d/import

3 | @import "../../public/assets/scss/styles.scss"; 

src/styles/index.scss 4:9  root stylesheet



 ⚠ ./SOMI IT/LE MITOUARD/startix-nextjs/src/styles/index.scss
Issue while running loader
SassWarning: Deprecation Warning on line 3, column 8 of file:///Users/chandrelsomi/SOMI%20IT/LE%20MITOUARD/startix-nextjs/src/styles/index.scss:3:8:
Sass @import rules are deprecated and will be removed in Dart Sass 3.0.0.

More info and automated migrator: https://sass-lang.com/d/import

3 | @import "../../public/assets/scss/styles.scss"; 

src/styles/index.scss 4:9  root stylesheet



 ⚠ ./SOMI IT/LE MITOUARD/startix-nextjs/src/styles/index.scss
Issue while running loader
SassWarning: Deprecation Warning on line 3, column 8 of file:///Users/chandrelsomi/SOMI%20IT/LE%20MITOUARD/startix-nextjs/src/styles/index.scss:3:8:
Sass @import rules are deprecated and will be removed in Dart Sass 3.0.0.

More info and automated migrator: https://sass-lang.com/d/import

3 | @import "../../public/assets/scss/styles.scss"; 

src/styles/index.scss 4:9  root stylesheet



 ⚠ ./SOMI IT/LE MITOUARD/startix-nextjs/src/styles/index.scss
Issue while running loader
SassWarning: Deprecation Warning on line 3, column 8 of file:///Users/chandrelsomi/SOMI%20IT/LE%20MITOUARD/startix-nextjs/src/styles/index.scss:3:8:
Sass @import rules are deprecated and will be removed in Dart Sass 3.0.0.

More info and automated migrator: https://sass-lang.com/d/import

3 | @import "../../public/assets/scss/styles.scss"; 

src/styles/index.scss 4:9  root stylesheet



 ⚠ ./SOMI IT/LE MITOUARD/startix-nextjs/src/styles/index.scss
Issue while running loader
SassWarning: Deprecation Warning on line 3, column 8 of file:///Users/chandrelsomi/SOMI%20IT/LE%20MITOUARD/startix-nextjs/src/styles/index.scss:3:8:
Sass @import rules are deprecated and will be removed in Dart Sass 3.0.0.

More info and automated migrator: https://sass-lang.com/d/import

3 | @import "../../public/assets/scss/styles.scss"; 

src/styles/index.scss 4:9  root stylesheet



 ⚠ ./SOMI IT/LE MITOUARD/startix-nextjs/src/styles/index.scss
Issue while running loader
SassWarning: Deprecation Warning on line 3, column 8 of file:///Users/chandrelsomi/SOMI%20IT/LE%20MITOUARD/startix-nextjs/src/styles/index.scss:3:8:
Sass @import rules are deprecated and will be removed in Dart Sass 3.0.0.

More info and automated migrator: https://sass-lang.com/d/import

3 | @import "../../public/assets/scss/styles.scss"; 

src/styles/index.scss 4:9  root stylesheet



 GET /home-2 200 in 82ms (compile: 8ms, render: 74ms)
 ⚠ ./SOMI IT/LE MITOUARD/startix-nextjs/src/styles/index.scss
Issue while running loader
SassWarning: Deprecation Warning on line 3, column 8 of file:///Users/chandrelsomi/SOMI%20IT/LE%20MITOUARD/startix-nextjs/src/styles/index.scss:3:8:
Sass @import rules are deprecated and will be removed in Dart Sass 3.0.0.

More info and automated migrator: https://sass-lang.com/d/import

3 | @import "../../public/assets/scss/styles.scss"; 

src/styles/index.scss 4:9  root stylesheet



 ⚠ ./SOMI IT/LE MITOUARD/startix-nextjs/src/styles/index.scss
Issue while running loader
SassWarning: Deprecation Warning on line 3, column 8 of file:///Users/chandrelsomi/SOMI%20IT/LE%20MITOUARD/startix-nextjs/src/styles/index.scss:3:8:
Sass @import rules are deprecated and will be removed in Dart Sass 3.0.0.

More info and automated migrator: https://sass-lang.com/d/import

3 | @import "../../public/assets/scss/styles.scss"; 

src/styles/index.scss 4:9  root stylesheet



 ⚠ ./SOMI IT/LE MITOUARD/startix-nextjs/src/styles/index.scss
Issue while running loader
SassWarning: Deprecation Warning on line 3, column 8 of file:///Users/chandrelsomi/SOMI%20IT/LE%20MITOUARD/startix-nextjs/src/styles/index.scss:3:8:
Sass @import rules are deprecated and will be removed in Dart Sass 3.0.0.

More info and automated migrator: https://sass-lang.com/d/import

3 | @import "../../public/assets/scss/styles.scss"; 

src/styles/index.scss 4:9  root stylesheet



 ⚠ ./SOMI IT/LE MITOUARD/startix-nextjs/src/styles/index.scss
Issue while running loader
SassWarning: Deprecation Warning on line 3, column 8 of file:///Users/chandrelsomi/SOMI%20IT/LE%20MITOUARD/startix-nextjs/src/styles/index.scss:3:8:
Sass @import rules are deprecated and will be removed in Dart Sass 3.0.0.

More info and automated migrator: https://sass-lang.com/d/import

3 | @import "../../public/assets/scss/styles.scss"; 

src/styles/index.scss 4:9  root stylesheet



 ⚠ ./SOMI IT/LE MITOUARD/startix-nextjs/src/styles/index.scss
Issue while running loader
SassWarning: Deprecation Warning on line 3, column 8 of file:///Users/chandrelsomi/SOMI%20IT/LE%20MITOUARD/startix-nextjs/src/styles/index.scss:3:8:
Sass @import rules are deprecated and will be removed in Dart Sass 3.0.0.

More info and automated migrator: https://sass-lang.com/d/import

3 | @import "../../public/assets/scss/styles.scss"; 

src/styles/index.scss 4:9  root stylesheet



 ⚠ ./SOMI IT/LE MITOUARD/startix-nextjs/src/styles/index.scss
Issue while running loader
SassWarning: Deprecation Warning on line 3, column 8 of file:///Users/chandrelsomi/SOMI%20IT/LE%20MITOUARD/startix-nextjs/src/styles/index.scss:3:8:
Sass @import rules are deprecated and will be removed in Dart Sass 3.0.0.

More info and automated migrator: https://sass-lang.com/d/import

3 | @import "../../public/assets/scss/styles.scss"; 

src/styles/index.scss 4:9  root stylesheet



 ⚠ ./SOMI IT/LE MITOUARD/startix-nextjs/src/styles/index.scss
Issue while running loader
SassWarning: Deprecation Warning on line 3, column 8 of file:///Users/chandrelsomi/SOMI%20IT/LE%20MITOUARD/startix-nextjs/src/styles/index.scss:3:8:
Sass @import rules are deprecated and will be removed in Dart Sass 3.0.0.

More info and automated migrator: https://sass-lang.com/d/import

3 | @import "../../public/assets/scss/styles.scss"; 

src/styles/index.scss 4:9  root stylesheet



 ✓ Compiled in 18ms
 ⚠ ./SOMI IT/LE MITOUARD/startix-nextjs/src/styles/index.scss
Issue while running loader
SassWarning: Deprecation Warning on line 3, column 8 of file:///Users/chandrelsomi/SOMI%20IT/LE%20MITOUARD/startix-nextjs/src/styles/index.scss:3:8:
Sass @import rules are deprecated and will be removed in Dart Sass 3.0.0.

More info and automated migrator: https://sass-lang.com/d/import

3 | @import "../../public/assets/scss/styles.scss"; 

src/styles/index.scss 4:9  root stylesheet



 ⚠ ./SOMI IT/LE MITOUARD/startix-nextjs/src/styles/index.scss
Issue while running loader
SassWarning: Deprecation Warning on line 3, column 8 of file:///Users/chandrelsomi/SOMI%20IT/LE%20MITOUARD/startix-nextjs/src/styles/index.scss:3:8:
Sass @import rules are deprecated and will be removed in Dart Sass 3.0.0.

More info and automated migrator: https://sass-lang.com/d/import

3 | @import "../../public/assets/scss/styles.scss"; 

src/styles/index.scss 4:9  root stylesheet



 ⚠ ./SOMI IT/LE MITOUARD/startix-nextjs/src/styles/index.scss
Issue while running loader
SassWarning: Deprecation Warning on line 3, column 8 of file:///Users/chandrelsomi/SOMI%20IT/LE%20MITOUARD/startix-nextjs/src/styles/index.scss:3:8:
Sass @import rules are deprecated and will be removed in Dart Sass 3.0.0.

More info and automated migrator: https://sass-lang.com/d/import

3 | @import "../../public/assets/scss/styles.scss"; 

src/styles/index.scss 4:9  root stylesheet



 ⚠ ./SOMI IT/LE MITOUARD/startix-nextjs/src/styles/index.scss
Issue while running loader
SassWarning: Deprecation Warning on line 3, column 8 of file:///Users/chandrelsomi/SOMI%20IT/LE%20MITOUARD/startix-nextjs/src/styles/index.scss:3:8:
Sass @import rules are deprecated and will be removed in Dart Sass 3.0.0.

More info and automated migrator: https://sass-lang.com/d/import

3 | @import "../../public/assets/scss/styles.scss"; 

src/styles/index.scss 4:9  root stylesheet



 ⚠ ./SOMI IT/LE MITOUARD/startix-nextjs/src/styles/index.scss
Issue while running loader
SassWarning: Deprecation Warning on line 3, column 8 of file:///Users/chandrelsomi/SOMI%20IT/LE%20MITOUARD/startix-nextjs/src/styles/index.scss:3:8:
Sass @import rules are deprecated and will be removed in Dart Sass 3.0.0.

More info and automated migrator: https://sass-lang.com/d/import

3 | @import "../../public/assets/scss/styles.scss"; 

src/styles/index.scss 4:9  root stylesheet



 ⚠ ./SOMI IT/LE MITOUARD/startix-nextjs/src/styles/index.scss
Issue while running loader
SassWarning: Deprecation Warning on line 3, column 8 of file:///Users/chandrelsomi/SOMI%20IT/LE%20MITOUARD/startix-nextjs/src/styles/index.scss:3:8:
Sass @import rules are deprecated and will be removed in Dart Sass 3.0.0.

More info and automated migrator: https://sass-lang.com/d/import

3 | @import "../../public/assets/scss/styles.scss"; 

src/styles/index.scss 4:9  root stylesheet



 ⚠ ./SOMI IT/LE MITOUARD/startix-nextjs/src/styles/index.scss
Issue while running loader
SassWarning: Deprecation Warning on line 3, column 8 of file:///Users/chandrelsomi/SOMI%20IT/LE%20MITOUARD/startix-nextjs/src/styles/index.scss:3:8:
Sass @import rules are deprecated and will be removed in Dart Sass 3.0.0.

More info and automated migrator: https://sass-lang.com/d/import

3 | @import "../../public/assets/scss/styles.scss"; 

src/styles/index.scss 4:9  root stylesheet



 ⚠ ./SOMI IT/LE MITOUARD/startix-nextjs/src/styles/index.scss
Issue while running loader
SassWarning: Deprecation Warning on line 3, column 8 of file:///Users/chandrelsomi/SOMI%20IT/LE%20MITOUARD/startix-nextjs/src/styles/index.scss:3:8:
Sass @import rules are deprecated and will be removed in Dart Sass 3.0.0.

More info and automated migrator: https://sass-lang.com/d/import

3 | @import "../../public/assets/scss/styles.scss"; 

src/styles/index.scss 4:9  root stylesheet



 GET /home-2 200 in 327ms (compile: 107ms, render: 220ms)
 ⚠ ./SOMI IT/LE MITOUARD/startix-nextjs/src/styles/index.scss
Issue while running loader
SassWarning: Deprecation Warning on line 3, column 8 of file:///Users/chandrelsomi/SOMI%20IT/LE%20MITOUARD/startix-nextjs/src/styles/index.scss:3:8:
Sass @import rules are deprecated and will be removed in Dart Sass 3.0.0.

More info and automated migrator: https://sass-lang.com/d/import

3 | @import "../../public/assets/scss/styles.scss"; 

src/styles/index.scss 4:9  root stylesheet



 ⚠ ./SOMI IT/LE MITOUARD/startix-nextjs/src/styles/index.scss
Issue while running loader
SassWarning: Deprecation Warning on line 3, column 8 of file:///Users/chandrelsomi/SOMI%20IT/LE%20MITOUARD/startix-nextjs/src/styles/index.scss:3:8:
Sass @import rules are deprecated and will be removed in Dart Sass 3.0.0.

More info and automated migrator: https://sass-lang.com/d/import

3 | @import "../../public/assets/scss/styles.scss"; 

src/styles/index.scss 4:9  root stylesheet



 ⚠ ./SOMI IT/LE MITOUARD/startix-nextjs/src/styles/index.scss
Issue while running loader
SassWarning: Deprecation Warning on line 3, column 8 of file:///Users/chandrelsomi/SOMI%20IT/LE%20MITOUARD/startix-nextjs/src/styles/index.scss:3:8:
Sass @import rules are deprecated and will be removed in Dart Sass 3.0.0.

More info and automated migrator: https://sass-lang.com/d/import

3 | @import "../../public/assets/scss/styles.scss"; 

src/styles/index.scss 4:9  root stylesheet



 ⚠ ./SOMI IT/LE MITOUARD/startix-nextjs/src/styles/index.scss
Issue while running loader
SassWarning: Deprecation Warning on line 3, column 8 of file:///Users/chandrelsomi/SOMI%20IT/LE%20MITOUARD/startix-nextjs/src/styles/index.scss:3:8:
Sass @import rules are deprecated and will be removed in Dart Sass 3.0.0.

More info and automated migrator: https://sass-lang.com/d/import

3 | @import "../../public/assets/scss/styles.scss"; 

src/styles/index.scss 4:9  root stylesheet



 ⚠ ./SOMI IT/LE MITOUARD/startix-nextjs/src/styles/index.scss
Issue while running loader
SassWarning: Deprecation Warning on line 3, column 8 of file:///Users/chandrelsomi/SOMI%20IT/LE%20MITOUARD/startix-nextjs/src/styles/index.scss:3:8:
Sass @import rules are deprecated and will be removed in Dart Sass 3.0.0.

More info and automated migrator: https://sass-lang.com/d/import

3 | @import "../../public/assets/scss/styles.scss"; 

src/styles/index.scss 4:9  root stylesheet



 ⚠ ./SOMI IT/LE MITOUARD/startix-nextjs/src/styles/index.scss
Issue while running loader
SassWarning: Deprecation Warning on line 3, column 8 of file:///Users/chandrelsomi/SOMI%20IT/LE%20MITOUARD/startix-nextjs/src/styles/index.scss:3:8:
Sass @import rules are deprecated and will be removed in Dart Sass 3.0.0.

More info and automated migrator: https://sass-lang.com/d/import

3 | @import "../../public/assets/scss/styles.scss"; 

src/styles/index.scss 4:9  root stylesheet



 ⚠ ./SOMI IT/LE MITOUARD/startix-nextjs/src/styles/index.scss
Issue while running loader
SassWarning: Deprecation Warning on line 3, column 8 of file:///Users/chandrelsomi/SOMI%20IT/LE%20MITOUARD/startix-nextjs/src/styles/index.scss:3:8:
Sass @import rules are deprecated and will be removed in Dart Sass 3.0.0.

More info and automated migrator: https://sass-lang.com/d/import

3 | @import "../../public/assets/scss/styles.scss"; 

src/styles/index.scss 4:9  root stylesheet



 ⚠ ./SOMI IT/LE MITOUARD/startix-nextjs/src/styles/index.scss
Issue while running loader
SassWarning: Deprecation Warning on line 3, column 8 of file:///Users/chandrelsomi/SOMI%20IT/LE%20MITOUARD/startix-nextjs/src/styles/index.scss:3:8:
Sass @import rules are deprecated and will be removed in Dart Sass 3.0.0.

More info and automated migrator: https://sass-lang.com/d/import

3 | @import "../../public/assets/scss/styles.scss"; 

src/styles/index.scss 4:9  root stylesheet



 GET /.well-known/appspecific/com.chrome.devtools.json 200 in 174ms (compile: 18ms, render: 156ms)
 ⚠ ./SOMI IT/LE MITOUARD/startix-nextjs/src/styles/index.scss
Issue while running loader
SassWarning: Deprecation Warning on line 3, column 8 of file:///Users/chandrelsomi/SOMI%20IT/LE%20MITOUARD/startix-nextjs/src/styles/index.scss:3:8:
Sass @import rules are deprecated and will be removed in Dart Sass 3.0.0.

More info and automated migrator: https://sass-lang.com/d/import

3 | @import "../../public/assets/scss/styles.scss"; 

src/styles/index.scss 4:9  root stylesheet



 GET /home-2 200 in 70ms (compile: 6ms, render: 64ms)
 ⚠ ./SOMI IT/LE MITOUARD/startix-nextjs/src/styles/index.scss
Issue while running loader
SassWarning: Deprecation Warning on line 3, column 8 of file:///Users/chandrelsomi/SOMI%20IT/LE%20MITOUARD/startix-nextjs/src/styles/index.scss:3:8:
Sass @import rules are deprecated and will be removed in Dart Sass 3.0.0.

More info and automated migrator: https://sass-lang.com/d/import

3 | @import "../../public/assets/scss/styles.scss"; 

src/styles/index.scss 4:9  root stylesheet



 GET /.well-known/appspecific/com.chrome.devtools.json 200 in 78ms (compile: 4ms, render: 74ms)
 ⚠ ./SOMI IT/LE MITOUARD/startix-nextjs/src/styles/index.scss
Issue while running loader
SassWarning: Deprecation Warning on line 3, column 8 of file:///Users/chandrelsomi/SOMI%20IT/LE%20MITOUARD/startix-nextjs/src/styles/index.scss:3:8:
Sass @import rules are deprecated and will be removed in Dart Sass 3.0.0.

More info and automated migrator: https://sass-lang.com/d/import

3 | @import "../../public/assets/scss/styles.scss"; 

src/styles/index.scss 4:9  root stylesheet



 ⚠ ./SOMI IT/LE MITOUARD/startix-nextjs/src/styles/index.scss
Issue while running loader
SassWarning: Deprecation Warning on line 3, column 8 of file:///Users/chandrelsomi/SOMI%20IT/LE%20MITOUARD/startix-nextjs/src/styles/index.scss:3:8:
Sass @import rules are deprecated and will be removed in Dart Sass 3.0.0.

More info and automated migrator: https://sass-lang.com/d/import

3 | @import "../../public/assets/scss/styles.scss"; 

src/styles/index.scss 4:9  root stylesheet



 ⚠ ./SOMI IT/LE MITOUARD/startix-nextjs/src/styles/index.scss
Issue while running loader
SassWarning: Deprecation Warning on line 3, column 8 of file:///Users/chandrelsomi/SOMI%20IT/LE%20MITOUARD/startix-nextjs/src/styles/index.scss:3:8:
Sass @import rules are deprecated and will be removed in Dart Sass 3.0.0.

More info and automated migrator: https://sass-lang.com/d/import

3 | @import "../../public/assets/scss/styles.scss"; 

src/styles/index.scss 4:9  root stylesheet



 ⚠ ./SOMI IT/LE MITOUARD/startix-nextjs/src/styles/index.scss
Issue while running loader
SassWarning: Deprecation Warning on line 3, column 8 of file:///Users/chandrelsomi/SOMI%20IT/LE%20MITOUARD/startix-nextjs/src/styles/index.scss:3:8:
Sass @import rules are deprecated and will be removed in Dart Sass 3.0.0.

More info and automated migrator: https://sass-lang.com/d/import

3 | @import "../../public/assets/scss/styles.scss"; 

src/styles/index.scss 4:9  root stylesheet



 ⚠ ./SOMI IT/LE MITOUARD/startix-nextjs/src/styles/index.scss
Issue while running loader
SassWarning: Deprecation Warning on line 3, column 8 of file:///Users/chandrelsomi/SOMI%20IT/LE%20MITOUARD/startix-nextjs/src/styles/index.scss:3:8:
Sass @import rules are deprecated and will be removed in Dart Sass 3.0.0.

More info and automated migrator: https://sass-lang.com/d/import

3 | @import "../../public/assets/scss/styles.scss"; 

src/styles/index.scss 4:9  root stylesheet



 ⚠ ./SOMI IT/LE MITOUARD/startix-nextjs/src/styles/index.scss
Issue while running loader
SassWarning: Deprecation Warning on line 3, column 8 of file:///Users/chandrelsomi/SOMI%20IT/LE%20MITOUARD/startix-nextjs/src/styles/index.scss:3:8:
Sass @import rules are deprecated and will be removed in Dart Sass 3.0.0.

More info and automated migrator: https://sass-lang.com/d/import

3 | @import "../../public/assets/scss/styles.scss"; 

src/styles/index.scss 4:9  root stylesheet



 ⚠ ./SOMI IT/LE MITOUARD/startix-nextjs/src/styles/index.scss
Issue while running loader
SassWarning: Deprecation Warning on line 3, column 8 of file:///Users/chandrelsomi/SOMI%20IT/LE%20MITOUARD/startix-nextjs/src/styles/index.scss:3:8:
Sass @import rules are deprecated and will be removed in Dart Sass 3.0.0.

More info and automated migrator: https://sass-lang.com/d/import

3 | @import "../../public/assets/scss/styles.scss"; 

src/styles/index.scss 4:9  root stylesheet



 ⚠ ./SOMI IT/LE MITOUARD/startix-nextjs/src/styles/index.scss
Issue while running loader
SassWarning: Deprecation Warning on line 3, column 8 of file:///Users/chandrelsomi/SOMI%20IT/LE%20MITOUARD/startix-nextjs/src/styles/index.scss:3:8:
Sass @import rules are deprecated and will be removed in Dart Sass 3.0.0.

More info and automated migrator: https://sass-lang.com/d/import

3 | @import "../../public/assets/scss/styles.scss"; 

src/styles/index.scss 4:9  root stylesheet



 GET /contact 200 in 122ms (compile: 8ms, render: 114ms)
 ⚠ ./SOMI IT/LE MITOUARD/startix-nextjs/src/styles/index.scss
Issue while running loader
SassWarning: Deprecation Warning on line 3, column 8 of file:///Users/chandrelsomi/SOMI%20IT/LE%20MITOUARD/startix-nextjs/src/styles/index.scss:3:8:
Sass @import rules are deprecated and will be removed in Dart Sass 3.0.0.

More info and automated migrator: https://sass-lang.com/d/import

3 | @import "../../public/assets/scss/styles.scss"; 

src/styles/index.scss 4:9  root stylesheet



 ⚠ ./SOMI IT/LE MITOUARD/startix-nextjs/src/styles/index.scss
Issue while running loader
SassWarning: Deprecation Warning on line 3, column 8 of file:///Users/chandrelsomi/SOMI%20IT/LE%20MITOUARD/startix-nextjs/src/styles/index.scss:3:8:
Sass @import rules are deprecated and will be removed in Dart Sass 3.0.0.

More info and automated migrator: https://sass-lang.com/d/import

3 | @import "../../public/assets/scss/styles.scss"; 

src/styles/index.scss 4:9  root stylesheet



 ⚠ ./SOMI IT/LE MITOUARD/startix-nextjs/src/styles/index.scss
Issue while running loader
SassWarning: Deprecation Warning on line 3, column 8 of file:///Users/chandrelsomi/SOMI%20IT/LE%20MITOUARD/startix-nextjs/src/styles/index.scss:3:8:
Sass @import rules are deprecated and will be removed in Dart Sass 3.0.0.

More info and automated migrator: https://sass-lang.com/d/import

3 | @import "../../public/assets/scss/styles.scss"; 

src/styles/index.scss 4:9  root stylesheet



 ⚠ ./SOMI IT/LE MITOUARD/startix-nextjs/src/styles/index.scss
Issue while running loader
SassWarning: Deprecation Warning on line 3, column 8 of file:///Users/chandrelsomi/SOMI%20IT/LE%20MITOUARD/startix-nextjs/src/styles/index.scss:3:8:
Sass @import rules are deprecated and will be removed in Dart Sass 3.0.0.

More info and automated migrator: https://sass-lang.com/d/import

3 | @import "../../public/assets/scss/styles.scss"; 

src/styles/index.scss 4:9  root stylesheet



 ⚠ ./SOMI IT/LE MITOUARD/startix-nextjs/src/styles/index.scss
Issue while running loader
SassWarning: Deprecation Warning on line 3, column 8 of file:///Users/chandrelsomi/SOMI%20IT/LE%20MITOUARD/startix-nextjs/src/styles/index.scss:3:8:
Sass @import rules are deprecated and will be removed in Dart Sass 3.0.0.

More info and automated migrator: https://sass-lang.com/d/import

3 | @import "../../public/assets/scss/styles.scss"; 

src/styles/index.scss 4:9  root stylesheet



 ⚠ ./SOMI IT/LE MITOUARD/startix-nextjs/src/styles/index.scss
Issue while running loader
SassWarning: Deprecation Warning on line 3, column 8 of file:///Users/chandrelsomi/SOMI%20IT/LE%20MITOUARD/startix-nextjs/src/styles/index.scss:3:8:
Sass @import rules are deprecated and will be removed in Dart Sass 3.0.0.

More info and automated migrator: https://sass-lang.com/d/import

3 | @import "../../public/assets/scss/styles.scss"; 

src/styles/index.scss 4:9  root stylesheet



 ⚠ ./SOMI IT/LE MITOUARD/startix-nextjs/src/styles/index.scss
Issue while running loader
SassWarning: Deprecation Warning on line 3, column 8 of file:///Users/chandrelsomi/SOMI%20IT/LE%20MITOUARD/startix-nextjs/src/styles/index.scss:3:8:
Sass @import rules are deprecated and will be removed in Dart Sass 3.0.0.

More info and automated migrator: https://sass-lang.com/d/import

3 | @import "../../public/assets/scss/styles.scss"; 

src/styles/index.scss 4:9  root stylesheet



 ⚠ ./SOMI IT/LE MITOUARD/startix-nextjs/src/styles/index.scss
Issue while running loader
SassWarning: Deprecation Warning on line 3, column 8 of file:///Users/chandrelsomi/SOMI%20IT/LE%20MITOUARD/startix-nextjs/src/styles/index.scss:3:8:
Sass @import rules are deprecated and will be removed in Dart Sass 3.0.0.

More info and automated migrator: https://sass-lang.com/d/import

3 | @import "../../public/assets/scss/styles.scss"; 

src/styles/index.scss 4:9  root stylesheet



 GET /home-2 200 in 95ms (compile: 12ms, render: 83ms)
 ⚠ ./SOMI IT/LE MITOUARD/startix-nextjs/src/styles/index.scss
Issue while running loader
SassWarning: Deprecation Warning on line 3, column 8 of file:///Users/chandrelsomi/SOMI%20IT/LE%20MITOUARD/startix-nextjs/src/styles/index.scss:3:8:
Sass @import rules are deprecated and will be removed in Dart Sass 3.0.0.

More info and automated migrator: https://sass-lang.com/d/import

3 | @import "../../public/assets/scss/styles.scss"; 

src/styles/index.scss 4:9  root stylesheet



 ⚠ ./SOMI IT/LE MITOUARD/startix-nextjs/src/styles/index.scss
Issue while running loader
SassWarning: Deprecation Warning on line 3, column 8 of file:///Users/chandrelsomi/SOMI%20IT/LE%20MITOUARD/startix-nextjs/src/styles/index.scss:3:8:
Sass @import rules are deprecated and will be removed in Dart Sass 3.0.0.

More info and automated migrator: https://sass-lang.com/d/import

3 | @import "../../public/assets/scss/styles.scss"; 

src/styles/index.scss 4:9  root stylesheet



 ⚠ ./SOMI IT/LE MITOUARD/startix-nextjs/src/styles/index.scss
Issue while running loader
SassWarning: Deprecation Warning on line 3, column 8 of file:///Users/chandrelsomi/SOMI%20IT/LE%20MITOUARD/startix-nextjs/src/styles/index.scss:3:8:
Sass @import rules are deprecated and will be removed in Dart Sass 3.0.0.

More info and automated migrator: https://sass-lang.com/d/import

3 | @import "../../public/assets/scss/styles.scss"; 

src/styles/index.scss 4:9  root stylesheet



 ⚠ ./SOMI IT/LE MITOUARD/startix-nextjs/src/styles/index.scss
Issue while running loader
SassWarning: Deprecation Warning on line 3, column 8 of file:///Users/chandrelsomi/SOMI%20IT/LE%20MITOUARD/startix-nextjs/src/styles/index.scss:3:8:
Sass @import rules are deprecated and will be removed in Dart Sass 3.0.0.

More info and automated migrator: https://sass-lang.com/d/import

3 | @import "../../public/assets/scss/styles.scss"; 

src/styles/index.scss 4:9  root stylesheet



 ⚠ ./SOMI IT/LE MITOUARD/startix-nextjs/src/styles/index.scss
Issue while running loader
SassWarning: Deprecation Warning on line 3, column 8 of file:///Users/chandrelsomi/SOMI%20IT/LE%20MITOUARD/startix-nextjs/src/styles/index.scss:3:8:
Sass @import rules are deprecated and will be removed in Dart Sass 3.0.0.

More info and automated migrator: https://sass-lang.com/d/import

3 | @import "../../public/assets/scss/styles.scss"; 

src/styles/index.scss 4:9  root stylesheet



 ⚠ ./SOMI IT/LE MITOUARD/startix-nextjs/src/styles/index.scss
Issue while running loader
SassWarning: Deprecation Warning on line 3, column 8 of file:///Users/chandrelsomi/SOMI%20IT/LE%20MITOUARD/startix-nextjs/src/styles/index.scss:3:8:
Sass @import rules are deprecated and will be removed in Dart Sass 3.0.0.

More info and automated migrator: https://sass-lang.com/d/import

3 | @import "../../public/assets/scss/styles.scss"; 

src/styles/index.scss 4:9  root stylesheet



 ⚠ ./SOMI IT/LE MITOUARD/startix-nextjs/src/styles/index.scss
Issue while running loader
SassWarning: Deprecation Warning on line 3, column 8 of file:///Users/chandrelsomi/SOMI%20IT/LE%20MITOUARD/startix-nextjs/src/styles/index.scss:3:8:
Sass @import rules are deprecated and will be removed in Dart Sass 3.0.0.

More info and automated migrator: https://sass-lang.com/d/import

3 | @import "../../public/assets/scss/styles.scss"; 

src/styles/index.scss 4:9  root stylesheet



 ✓ Compiled in 111ms
 ⚠ ./SOMI IT/LE MITOUARD/startix-nextjs/src/styles/index.scss
Issue while running loader
SassWarning: Deprecation Warning on line 3, column 8 of file:///Users/chandrelsomi/SOMI%20IT/LE%20MITOUARD/startix-nextjs/src/styles/index.scss:3:8:
Sass @import rules are deprecated and will be removed in Dart Sass 3.0.0.

More info and automated migrator: https://sass-lang.com/d/import

3 | @import "../../public/assets/scss/styles.scss"; 

src/styles/index.scss 4:9  root stylesheet



 GET /.well-known/appspecific/com.chrome.devtools.json 200 in 238ms (compile: 12ms, render: 226ms)
 ⚠ ./SOMI IT/LE MITOUARD/startix-nextjs/src/styles/index.scss
Issue while running loader
SassWarning: Deprecation Warning on line 3, column 8 of file:///Users/chandrelsomi/SOMI%20IT/LE%20MITOUARD/startix-nextjs/src/styles/index.scss:3:8:
Sass @import rules are deprecated and will be removed in Dart Sass 3.0.0.

More info and automated migrator: https://sass-lang.com/d/import

3 | @import "../../public/assets/scss/styles.scss"; 

src/styles/index.scss 4:9  root stylesheet



 GET /.well-known/appspecific/com.chrome.devtools.json 200 in 203ms (compile: 12ms, render: 192ms)
 ⚠ ./SOMI IT/LE MITOUARD/startix-nextjs/src/styles/index.scss
Issue while running loader
SassWarning: Deprecation Warning on line 3, column 8 of file:///Users/chandrelsomi/SOMI%20IT/LE%20MITOUARD/startix-nextjs/src/styles/index.scss:3:8:
Sass @import rules are deprecated and will be removed in Dart Sass 3.0.0.

More info and automated migrator: https://sass-lang.com/d/import

3 | @import "../../public/assets/scss/styles.scss"; 

src/styles/index.scss 4:9  root stylesheet



 ✓ Compiled in 80ms
 ⨯ ReferenceError: FooterTwo is not defined
    at HomeTwo (src/components/homes/home-2/index.tsx:40:12)
  38 |           <CtaHomeTwo />
  39 |           <BlogHomeTwo />
> 40 |           <FooterTwo />
     |            ^
  41 |         </div>
  42 |       </div>
  43 |       <SvgIconTwo /> {
  digest: '761793407'
}
 GET /home-2 200 in 357ms (compile: 110ms, render: 246ms)
 ⚠ ./SOMI IT/LE MITOUARD/startix-nextjs/src/styles/index.scss
Issue while running loader
SassWarning: Deprecation Warning on line 3, column 8 of file:///Users/chandrelsomi/SOMI%20IT/LE%20MITOUARD/startix-nextjs/src/styles/index.scss:3:8:
Sass @import rules are deprecated and will be removed in Dart Sass 3.0.0.

More info and automated migrator: https://sass-lang.com/d/import

3 | @import "../../public/assets/scss/styles.scss"; 

src/styles/index.scss 4:9  root stylesheet



 ⚠ ./SOMI IT/LE MITOUARD/startix-nextjs/src/styles/index.scss
Issue while running loader
SassWarning: Deprecation Warning on line 3, column 8 of file:///Users/chandrelsomi/SOMI%20IT/LE%20MITOUARD/startix-nextjs/src/styles/index.scss:3:8:
Sass @import rules are deprecated and will be removed in Dart Sass 3.0.0.

More info and automated migrator: https://sass-lang.com/d/import

3 | @import "../../public/assets/scss/styles.scss"; 

src/styles/index.scss 4:9  root stylesheet



 ⚠ ./SOMI IT/LE MITOUARD/startix-nextjs/src/styles/index.scss
Issue while running loader
SassWarning: Deprecation Warning on line 3, column 8 of file:///Users/chandrelsomi/SOMI%20IT/LE%20MITOUARD/startix-nextjs/src/styles/index.scss:3:8:
Sass @import rules are deprecated and will be removed in Dart Sass 3.0.0.

More info and automated migrator: https://sass-lang.com/d/import

3 | @import "../../public/assets/scss/styles.scss"; 

src/styles/index.scss 4:9  root stylesheet



 ⚠ ./SOMI IT/LE MITOUARD/startix-nextjs/src/styles/index.scss
Issue while running loader
SassWarning: Deprecation Warning on line 3, column 8 of file:///Users/chandrelsomi/SOMI%20IT/LE%20MITOUARD/startix-nextjs/src/styles/index.scss:3:8:
Sass @import rules are deprecated and will be removed in Dart Sass 3.0.0.

More info and automated migrator: https://sass-lang.com/d/import

3 | @import "../../public/assets/scss/styles.scss"; 

src/styles/index.scss 4:9  root stylesheet



 ⚠ ./SOMI IT/LE MITOUARD/startix-nextjs/src/styles/index.scss
Issue while running loader
SassWarning: Deprecation Warning on line 3, column 8 of file:///Users/chandrelsomi/SOMI%20IT/LE%20MITOUARD/startix-nextjs/src/styles/index.scss:3:8:
Sass @import rules are deprecated and will be removed in Dart Sass 3.0.0.

More info and automated migrator: https://sass-lang.com/d/import

3 | @import "../../public/assets/scss/styles.scss"; 

src/styles/index.scss 4:9  root stylesheet



 ⚠ ./SOMI IT/LE MITOUARD/startix-nextjs/src/styles/index.scss
Issue while running loader
SassWarning: Deprecation Warning on line 3, column 8 of file:///Users/chandrelsomi/SOMI%20IT/LE%20MITOUARD/startix-nextjs/src/styles/index.scss:3:8:
Sass @import rules are deprecated and will be removed in Dart Sass 3.0.0.

More info and automated migrator: https://sass-lang.com/d/import

3 | @import "../../public/assets/scss/styles.scss"; 

src/styles/index.scss 4:9  root stylesheet



 ⚠ ./SOMI IT/LE MITOUARD/startix-nextjs/src/styles/index.scss
Issue while running loader
SassWarning: Deprecation Warning on line 3, column 8 of file:///Users/chandrelsomi/SOMI%20IT/LE%20MITOUARD/startix-nextjs/src/styles/index.scss:3:8:
Sass @import rules are deprecated and will be removed in Dart Sass 3.0.0.

More info and automated migrator: https://sass-lang.com/d/import

3 | @import "../../public/assets/scss/styles.scss"; 

src/styles/index.scss 4:9  root stylesheet



 ⚠ Fast Refresh had to perform a full reload due to a runtime error.
 ⚠ ./SOMI IT/LE MITOUARD/startix-nextjs/src/styles/index.scss
Issue while running loader
SassWarning: Deprecation Warning on line 3, column 8 of file:///Users/chandrelsomi/SOMI%20IT/LE%20MITOUARD/startix-nextjs/src/styles/index.scss:3:8:
Sass @import rules are deprecated and will be removed in Dart Sass 3.0.0.

More info and automated migrator: https://sass-lang.com/d/import

3 | @import "../../public/assets/scss/styles.scss"; 

src/styles/index.scss 4:9  root stylesheet



 ✓ Compiled in 38ms
 GET /home-2 200 in 264ms (compile: 79ms, render: 184ms)
 ⚠ ./SOMI IT/LE MITOUARD/startix-nextjs/src/styles/index.scss
Issue while running loader
SassWarning: Deprecation Warning on line 3, column 8 of file:///Users/chandrelsomi/SOMI%20IT/LE%20MITOUARD/startix-nextjs/src/styles/index.scss:3:8:
Sass @import rules are deprecated and will be removed in Dart Sass 3.0.0.

More info and automated migrator: https://sass-lang.com/d/import

3 | @import "../../public/assets/scss/styles.scss"; 

src/styles/index.scss 4:9  root stylesheet



 ⚠ ./SOMI IT/LE MITOUARD/startix-nextjs/src/styles/index.scss
Issue while running loader
SassWarning: Deprecation Warning on line 3, column 8 of file:///Users/chandrelsomi/SOMI%20IT/LE%20MITOUARD/startix-nextjs/src/styles/index.scss:3:8:
Sass @import rules are deprecated and will be removed in Dart Sass 3.0.0.

More info and automated migrator: https://sass-lang.com/d/import

3 | @import "../../public/assets/scss/styles.scss"; 

src/styles/index.scss 4:9  root stylesheet



 ⚠ ./SOMI IT/LE MITOUARD/startix-nextjs/src/styles/index.scss
Issue while running loader
SassWarning: Deprecation Warning on line 3, column 8 of file:///Users/chandrelsomi/SOMI%20IT/LE%20MITOUARD/startix-nextjs/src/styles/index.scss:3:8:
Sass @import rules are deprecated and will be removed in Dart Sass 3.0.0.

More info and automated migrator: https://sass-lang.com/d/import

3 | @import "../../public/assets/scss/styles.scss"; 

src/styles/index.scss 4:9  root stylesheet



 ⚠ ./SOMI IT/LE MITOUARD/startix-nextjs/src/styles/index.scss
Issue while running loader
SassWarning: Deprecation Warning on line 3, column 8 of file:///Users/chandrelsomi/SOMI%20IT/LE%20MITOUARD/startix-nextjs/src/styles/index.scss:3:8:
Sass @import rules are deprecated and will be removed in Dart Sass 3.0.0.

More info and automated migrator: https://sass-lang.com/d/import

3 | @import "../../public/assets/scss/styles.scss"; 

src/styles/index.scss 4:9  root stylesheet



 ⚠ ./SOMI IT/LE MITOUARD/startix-nextjs/src/styles/index.scss
Issue while running loader
SassWarning: Deprecation Warning on line 3, column 8 of file:///Users/chandrelsomi/SOMI%20IT/LE%20MITOUARD/startix-nextjs/src/styles/index.scss:3:8:
Sass @import rules are deprecated and will be removed in Dart Sass 3.0.0.

More info and automated migrator: https://sass-lang.com/d/import

3 | @import "../../public/assets/scss/styles.scss"; 

src/styles/index.scss 4:9  root stylesheet



 ⚠ ./SOMI IT/LE MITOUARD/startix-nextjs/src/styles/index.scss
Issue while running loader
SassWarning: Deprecation Warning on line 3, column 8 of file:///Users/chandrelsomi/SOMI%20IT/LE%20MITOUARD/startix-nextjs/src/styles/index.scss:3:8:
Sass @import rules are deprecated and will be removed in Dart Sass 3.0.0.

More info and automated migrator: https://sass-lang.com/d/import

3 | @import "../../public/assets/scss/styles.scss"; 

src/styles/index.scss 4:9  root stylesheet



 ⚠ ./SOMI IT/LE MITOUARD/startix-nextjs/src/styles/index.scss
Issue while running loader
SassWarning: Deprecation Warning on line 3, column 8 of file:///Users/chandrelsomi/SOMI%20IT/LE%20MITOUARD/startix-nextjs/src/styles/index.scss:3:8:
Sass @import rules are deprecated and will be removed in Dart Sass 3.0.0.

More info and automated migrator: https://sass-lang.com/d/import

3 | @import "../../public/assets/scss/styles.scss"; 

src/styles/index.scss 4:9  root stylesheet



 ⚠ ./SOMI IT/LE MITOUARD/startix-nextjs/src/styles/index.scss
Issue while running loader
SassWarning: Deprecation Warning on line 3, column 8 of file:///Users/chandrelsomi/SOMI%20IT/LE%20MITOUARD/startix-nextjs/src/styles/index.scss:3:8:
Sass @import rules are deprecated and will be removed in Dart Sass 3.0.0.

More info and automated migrator: https://sass-lang.com/d/import

3 | @import "../../public/assets/scss/styles.scss"; 

src/styles/index.scss 4:9  root stylesheet



 GET /.well-known/appspecific/com.chrome.devtools.json 200 in 292ms (compile: 11ms, render: 280ms)
 ✓ Compiled in 74ms
 ⚠ ./SOMI IT/LE MITOUARD/startix-nextjs/src/styles/index.scss
Issue while running loader
SassWarning: Deprecation Warning on line 3, column 8 of file:///Users/chandrelsomi/SOMI%20IT/LE%20MITOUARD/startix-nextjs/src/styles/index.scss:3:8:
Sass @import rules are deprecated and will be removed in Dart Sass 3.0.0.

More info and automated migrator: https://sass-lang.com/d/import

3 | @import "../../public/assets/scss/styles.scss"; 

src/styles/index.scss 4:9  root stylesheet



 ⚠ ./SOMI IT/LE MITOUARD/startix-nextjs/src/styles/index.scss
Issue while running loader
SassWarning: Deprecation Warning on line 3, column 8 of file:///Users/chandrelsomi/SOMI%20IT/LE%20MITOUARD/startix-nextjs/src/styles/index.scss:3:8:
Sass @import rules are deprecated and will be removed in Dart Sass 3.0.0.

More info and automated migrator: https://sass-lang.com/d/import

3 | @import "../../public/assets/scss/styles.scss"; 

src/styles/index.scss 4:9  root stylesheet



 GET /home-2 200 in 545ms (compile: 163ms, render: 382ms)
 GET /.well-known/appspecific/com.chrome.devtools.json 200 in 249ms (compile: 10ms, render: 239ms)
 ⚠ ./SOMI IT/LE MITOUARD/startix-nextjs/src/styles/index.scss
Issue while running loader
SassWarning: Deprecation Warning on line 3, column 8 of file:///Users/chandrelsomi/SOMI%20IT/LE%20MITOUARD/startix-nextjs/src/styles/index.scss:3:8:
Sass @import rules are deprecated and will be removed in Dart Sass 3.0.0.

More info and automated migrator: https://sass-lang.com/d/import

3 | @import "../../public/assets/scss/styles.scss"; 

src/styles/index.scss 4:9  root stylesheet



 ⚠ ./SOMI IT/LE MITOUARD/startix-nextjs/src/styles/index.scss
Issue while running loader
SassWarning: Deprecation Warning on line 3, column 8 of file:///Users/chandrelsomi/SOMI%20IT/LE%20MITOUARD/startix-nextjs/src/styles/index.scss:3:8:
Sass @import rules are deprecated and will be removed in Dart Sass 3.0.0.

More info and automated migrator: https://sass-lang.com/d/import

3 | @import "../../public/assets/scss/styles.scss"; 

src/styles/index.scss 4:9  root stylesheet



 ⚠ ./SOMI IT/LE MITOUARD/startix-nextjs/src/styles/index.scss
Issue while running loader
SassWarning: Deprecation Warning on line 3, column 8 of file:///Users/chandrelsomi/SOMI%20IT/LE%20MITOUARD/startix-nextjs/src/styles/index.scss:3:8:
Sass @import rules are deprecated and will be removed in Dart Sass 3.0.0.

More info and automated migrator: https://sass-lang.com/d/import

3 | @import "../../public/assets/scss/styles.scss"; 

src/styles/index.scss 4:9  root stylesheet



 ⚠ ./SOMI IT/LE MITOUARD/startix-nextjs/src/styles/index.scss
Issue while running loader
SassWarning: Deprecation Warning on line 3, column 8 of file:///Users/chandrelsomi/SOMI%20IT/LE%20MITOUARD/startix-nextjs/src/styles/index.scss:3:8:
Sass @import rules are deprecated and will be removed in Dart Sass 3.0.0.

More info and automated migrator: https://sass-lang.com/d/import

3 | @import "../../public/assets/scss/styles.scss"; 

src/styles/index.scss 4:9  root stylesheet



 ⚠ ./SOMI IT/LE MITOUARD/startix-nextjs/src/styles/index.scss
Issue while running loader
SassWarning: Deprecation Warning on line 3, column 8 of file:///Users/chandrelsomi/SOMI%20IT/LE%20MITOUARD/startix-nextjs/src/styles/index.scss:3:8:
Sass @import rules are deprecated and will be removed in Dart Sass 3.0.0.

More info and automated migrator: https://sass-lang.com/d/import

3 | @import "../../public/assets/scss/styles.scss"; 

src/styles/index.scss 4:9  root stylesheet



 ⚠ ./SOMI IT/LE MITOUARD/startix-nextjs/src/styles/index.scss
Issue while running loader
SassWarning: Deprecation Warning on line 3, column 8 of file:///Users/chandrelsomi/SOMI%20IT/LE%20MITOUARD/startix-nextjs/src/styles/index.scss:3:8:
Sass @import rules are deprecated and will be removed in Dart Sass 3.0.0.

More info and automated migrator: https://sass-lang.com/d/import

3 | @import "../../public/assets/scss/styles.scss"; 

src/styles/index.scss 4:9  root stylesheet



 ⚠ ./SOMI IT/LE MITOUARD/startix-nextjs/src/styles/index.scss
Issue while running loader
SassWarning: Deprecation Warning on line 3, column 8 of file:///Users/chandrelsomi/SOMI%20IT/LE%20MITOUARD/startix-nextjs/src/styles/index.scss:3:8:
Sass @import rules are deprecated and will be removed in Dart Sass 3.0.0.

More info and automated migrator: https://sass-lang.com/d/import

3 | @import "../../public/assets/scss/styles.scss"; 

src/styles/index.scss 4:9  root stylesheet



 ⨯ ./SOMI IT/LE MITOUARD/startix-nextjs/src/components/homes/home-2/index.tsx:21:1
Module not found: Can't resolve '@/layouts/footers/FooterFive'
[0m [90m 19 |[39m [36mimport[39m [33mCtaHomeTwo[39m [36mfrom[39m [32m'./CtaHomeTwo'[39m
 [90m 20 |[39m [36mimport[39m [33mSvgIconTwo[39m [36mfrom[39m [32m'@/svg/SvgIconTwo'[39m
[31m[1m>[22m[39m[90m 21 |[39m [36mimport[39m [33mFooter[39m [36mfrom[39m [32m'@/layouts/footers/FooterFive'[39m
 [90m    |[39m [31m[1m^[22m[39m[31m[1m^[22m[39m[31m[1m^[22m[39m[31m[1m^[22m[39m[31m[1m^[22m[39m[31m[1m^[22m[39m[31m[1m^[22m[39m[31m[1m^[22m[39m[31m[1m^[22m[39m[31m[1m^[22m[39m[31m[1m^[22m[39m[31m[1m^[22m[39m[31m[1m^[22m[39m[31m[1m^[22m[39m[31m[1m^[22m[39m[31m[1m^[22m[39m[31m[1m^[22m[39m[31m[1m^[22m[39m[31m[1m^[22m[39m[31m[1m^[22m[39m[31m[1m^[22m[39m[31m[1m^[22m[39m[31m[1m^[22m[39m[31m[1m^[22m[39m[31m[1m^[22m[39m[31m[1m^[22m[39m[31m[1m^[22m[39m[31m[1m^[22m[39m[31m[1m^[22m[39m[31m[1m^[22m[39m[31m[1m^[22m[39m[31m[1m^[22m[39m[31m[1m^[22m[39m[31m[1m^[22m[39m[31m[1m^[22m[39m[31m[1m^[22m[39m[31m[1m^[22m[39m[31m[1m^[22m[39m[31m[1m^[22m[39m[31m[1m^[22m[39m[31m[1m^[22m[39m[31m[1m^[22m[39m[31m[1m^[22m[39m[31m[1m^[22m[39m[31m[1m^[22m[39m[31m[1m^[22m[39m[31m[1m^[22m[39m[31m[1m^[22m[39m[31m[1m^[22m[39m
 [90m 22 |[39m
 [90m 23 |[39m [36mexport[39m [36mdefault[39m [36mfunction[39m [33mHomeTwo[39m() {
 [90m 24 |[39m   [36mreturn[39m ([0m

Import map: aliased to relative './src/layouts/footers/FooterFive' inside of [project]/SOMI IT/LE MITOUARD/startix-nextjs


Import trace:
  Server Component:
    ./SOMI IT/LE MITOUARD/startix-nextjs/src/components/homes/home-2/index.tsx
    ./SOMI IT/LE MITOUARD/startix-nextjs/src/app/(homes)/home-2/page.tsx

https://nextjs.org/docs/messages/module-not-found


 ⨯ ./SOMI IT/LE MITOUARD/startix-nextjs/src/components/homes/home-2/index.tsx:21:1
Module not found: Can't resolve '@/layouts/footers/FooterFive'
[0m [90m 19 |[39m [36mimport[39m [33mCtaHomeTwo[39m [36mfrom[39m [32m'./CtaHomeTwo'[39m
 [90m 20 |[39m [36mimport[39m [33mSvgIconTwo[39m [36mfrom[39m [32m'@/svg/SvgIconTwo'[39m
[31m[1m>[22m[39m[90m 21 |[39m [36mimport[39m [33mFooter[39m [36mfrom[39m [32m'@/layouts/footers/FooterFive'[39m
 [90m    |[39m [31m[1m^[22m[39m[31m[1m^[22m[39m[31m[1m^[22m[39m[31m[1m^[22m[39m[31m[1m^[22m[39m[31m[1m^[22m[39m[31m[1m^[22m[39m[31m[1m^[22m[39m[31m[1m^[22m[39m[31m[1m^[22m[39m[31m[1m^[22m[39m[31m[1m^[22m[39m[31m[1m^[22m[39m[31m[1m^[22m[39m[31m[1m^[22m[39m[31m[1m^[22m[39m[31m[1m^[22m[39m[31m[1m^[22m[39m[31m[1m^[22m[39m[31m[1m^[22m[39m[31m[1m^[22m[39m[31m[1m^[22m[39m[31m[1m^[22m[39m[31m[1m^[22m[39m[31m[1m^[22m[39m[31m[1m^[22m[39m[31m[1m^[22m[39m[31m[1m^[22m[39m[31m[1m^[22m[39m[31m[1m^[22m[39m[31m[1m^[22m[39m[31m[1m^[22m[39m[31m[1m^[22m[39m[31m[1m^[22m[39m[31m[1m^[22m[39m[31m[1m^[22m[39m[31m[1m^[22m[39m[31m[1m^[22m[39m[31m[1m^[22m[39m[31m[1m^[22m[39m[31m[1m^[22m[39m[31m[1m^[22m[39m[31m[1m^[22m[39m[31m[1m^[22m[39m[31m[1m^[22m[39m[31m[1m^[22m[39m[31m[1m^[22m[39m[31m[1m^[22m[39m[31m[1m^[22m[39m
 [90m 22 |[39m
 [90m 23 |[39m [36mexport[39m [36mdefault[39m [36mfunction[39m [33mHomeTwo[39m() {
 [90m 24 |[39m   [36mreturn[39m ([0m

Import map: aliased to relative './src/layouts/footers/FooterFive' inside of [project]/SOMI IT/LE MITOUARD/startix-nextjs


Import trace:
  Server Component:
    ./SOMI IT/LE MITOUARD/startix-nextjs/src/components/homes/home-2/index.tsx
    ./SOMI IT/LE MITOUARD/startix-nextjs/src/app/(homes)/home-2/page.tsx

https://nextjs.org/docs/messages/module-not-found


 ⨯ ./SOMI IT/LE MITOUARD/startix-nextjs/src/components/homes/home-2/index.tsx:21:1
Module not found: Can't resolve '@/layouts/footers/FooterFive'
[0m [90m 19 |[39m [36mimport[39m [33mCtaHomeTwo[39m [36mfrom[39m [32m'./CtaHomeTwo'[39m
 [90m 20 |[39m [36mimport[39m [33mSvgIconTwo[39m [36mfrom[39m [32m'@/svg/SvgIconTwo'[39m
[31m[1m>[22m[39m[90m 21 |[39m [36mimport[39m [33mFooter[39m [36mfrom[39m [32m'@/layouts/footers/FooterFive'[39m
 [90m    |[39m [31m[1m^[22m[39m[31m[1m^[22m[39m[31m[1m^[22m[39m[31m[1m^[22m[39m[31m[1m^[22m[39m[31m[1m^[22m[39m[31m[1m^[22m[39m[31m[1m^[22m[39m[31m[1m^[22m[39m[31m[1m^[22m[39m[31m[1m^[22m[39m[31m[1m^[22m[39m[31m[1m^[22m[39m[31m[1m^[22m[39m[31m[1m^[22m[39m[31m[1m^[22m[39m[31m[1m^[22m[39m[31m[1m^[22m[39m[31m[1m^[22m[39m[31m[1m^[22m[39m[31m[1m^[22m[39m[31m[1m^[22m[39m[31m[1m^[22m[39m[31m[1m^[22m[39m[31m[1m^[22m[39m[31m[1m^[22m[39m[31m[1m^[22m[39m[31m[1m^[22m[39m[31m[1m^[22m[39m[31m[1m^[22m[39m[31m[1m^[22m[39m[31m[1m^[22m[39m[31m[1m^[22m[39m[31m[1m^[22m[39m[31m[1m^[22m[39m[31m[1m^[22m[39m[31m[1m^[22m[39m[31m[1m^[22m[39m[31m[1m^[22m[39m[31m[1m^[22m[39m[31m[1m^[22m[39m[31m[1m^[22m[39m[31m[1m^[22m[39m[31m[1m^[22m[39m[31m[1m^[22m[39m[31m[1m^[22m[39m[31m[1m^[22m[39m[31m[1m^[22m[39m[31m[1m^[22m[39m
 [90m 22 |[39m
 [90m 23 |[39m [36mexport[39m [36mdefault[39m [36mfunction[39m [33mHomeTwo[39m() {
 [90m 24 |[39m   [36mreturn[39m ([0m

Import map: aliased to relative './src/layouts/footers/FooterFive' inside of [project]/SOMI IT/LE MITOUARD/startix-nextjs


Import trace:
  Server Component:
    ./SOMI IT/LE MITOUARD/startix-nextjs/src/components/homes/home-2/index.tsx
    ./SOMI IT/LE MITOUARD/startix-nextjs/src/app/(homes)/home-2/page.tsx

https://nextjs.org/docs/messages/module-not-found


 ⨯ ./SOMI IT/LE MITOUARD/startix-nextjs/src/components/homes/home-2/index.tsx:21:1
Module not found: Can't resolve '@/layouts/footers/FooterFive'
[0m [90m 19 |[39m [36mimport[39m [33mCtaHomeTwo[39m [36mfrom[39m [32m'./CtaHomeTwo'[39m
 [90m 20 |[39m [36mimport[39m [33mSvgIconTwo[39m [36mfrom[39m [32m'@/svg/SvgIconTwo'[39m
[31m[1m>[22m[39m[90m 21 |[39m [36mimport[39m [33mFooter[39m [36mfrom[39m [32m'@/layouts/footers/FooterFive'[39m
 [90m    |[39m [31m[1m^[22m[39m[31m[1m^[22m[39m[31m[1m^[22m[39m[31m[1m^[22m[39m[31m[1m^[22m[39m[31m[1m^[22m[39m[31m[1m^[22m[39m[31m[1m^[22m[39m[31m[1m^[22m[39m[31m[1m^[22m[39m[31m[1m^[22m[39m[31m[1m^[22m[39m[31m[1m^[22m[39m[31m[1m^[22m[39m[31m[1m^[22m[39m[31m[1m^[22m[39m[31m[1m^[22m[39m[31m[1m^[22m[39m[31m[1m^[22m[39m[31m[1m^[22m[39m[31m[1m^[22m[39m[31m[1m^[22m[39m[31m[1m^[22m[39m[31m[1m^[22m[39m[31m[1m^[22m[39m[31m[1m^[22m[39m[31m[1m^[22m[39m[31m[1m^[22m[39m[31m[1m^[22m[39m[31m[1m^[22m[39m[31m[1m^[22m[39m[31m[1m^[22m[39m[31m[1m^[22m[39m[31m[1m^[22m[39m[31m[1m^[22m[39m[31m[1m^[22m[39m[31m[1m^[22m[39m[31m[1m^[22m[39m[31m[1m^[22m[39m[31m[1m^[22m[39m[31m[1m^[22m[39m[31m[1m^[22m[39m[31m[1m^[22m[39m[31m[1m^[22m[39m[31m[1m^[22m[39m[31m[1m^[22m[39m[31m[1m^[22m[39m[31m[1m^[22m[39m[31m[1m^[22m[39m
 [90m 22 |[39m
 [90m 23 |[39m [36mexport[39m [36mdefault[39m [36mfunction[39m [33mHomeTwo[39m() {
 [90m 24 |[39m   [36mreturn[39m ([0m

Import map: aliased to relative './src/layouts/footers/FooterFive' inside of [project]/SOMI IT/LE MITOUARD/startix-nextjs


Import trace:
  Server Component:
    ./SOMI IT/LE MITOUARD/startix-nextjs/src/components/homes/home-2/index.tsx
    ./SOMI IT/LE MITOUARD/startix-nextjs/src/app/(homes)/home-2/page.tsx

https://nextjs.org/docs/messages/module-not-found


 ⨯ ./SOMI IT/LE MITOUARD/startix-nextjs/src/components/homes/home-2/index.tsx:21:1
Module not found: Can't resolve '@/layouts/footers/FooterFive'
[0m [90m 19 |[39m [36mimport[39m [33mCtaHomeTwo[39m [36mfrom[39m [32m'./CtaHomeTwo'[39m
 [90m 20 |[39m [36mimport[39m [33mSvgIconTwo[39m [36mfrom[39m [32m'@/svg/SvgIconTwo'[39m
[31m[1m>[22m[39m[90m 21 |[39m [36mimport[39m [33mFooter[39m [36mfrom[39m [32m'@/layouts/footers/FooterFive'[39m
 [90m    |[39m [31m[1m^[22m[39m[31m[1m^[22m[39m[31m[1m^[22m[39m[31m[1m^[22m[39m[31m[1m^[22m[39m[31m[1m^[22m[39m[31m[1m^[22m[39m[31m[1m^[22m[39m[31m[1m^[22m[39m[31m[1m^[22m[39m[31m[1m^[22m[39m[31m[1m^[22m[39m[31m[1m^[22m[39m[31m[1m^[22m[39m[31m[1m^[22m[39m[31m[1m^[22m[39m[31m[1m^[22m[39m[31m[1m^[22m[39m[31m[1m^[22m[39m[31m[1m^[22m[39m[31m[1m^[22m[39m[31m[1m^[22m[39m[31m[1m^[22m[39m[31m[1m^[22m[39m[31m[1m^[22m[39m[31m[1m^[22m[39m[31m[1m^[22m[39m[31m[1m^[22m[39m[31m[1m^[22m[39m[31m[1m^[22m[39m[31m[1m^[22m[39m[31m[1m^[22m[39m[31m[1m^[22m[39m[31m[1m^[22m[39m[31m[1m^[22m[39m[31m[1m^[22m[39m[31m[1m^[22m[39m[31m[1m^[22m[39m[31m[1m^[22m[39m[31m[1m^[22m[39m[31m[1m^[22m[39m[31m[1m^[22m[39m[31m[1m^[22m[39m[31m[1m^[22m[39m[31m[1m^[22m[39m[31m[1m^[22m[39m[31m[1m^[22m[39m[31m[1m^[22m[39m[31m[1m^[22m[39m
 [90m 22 |[39m
 [90m 23 |[39m [36mexport[39m [36mdefault[39m [36mfunction[39m [33mHomeTwo[39m() {
 [90m 24 |[39m   [36mreturn[39m ([0m

Import map: aliased to relative './src/layouts/footers/FooterFive' inside of [project]/SOMI IT/LE MITOUARD/startix-nextjs


Import trace:
  Server Component:
    ./SOMI IT/LE MITOUARD/startix-nextjs/src/components/homes/home-2/index.tsx
    ./SOMI IT/LE MITOUARD/startix-nextjs/src/app/(homes)/home-2/page.tsx

https://nextjs.org/docs/messages/module-not-found


 ⨯ ./SOMI IT/LE MITOUARD/startix-nextjs/src/components/homes/home-2/index.tsx:21:1
Module not found: Can't resolve '@/layouts/footers/FooterFive'
[0m [90m 19 |[39m [36mimport[39m [33mCtaHomeTwo[39m [36mfrom[39m [32m'./CtaHomeTwo'[39m
 [90m 20 |[39m [36mimport[39m [33mSvgIconTwo[39m [36mfrom[39m [32m'@/svg/SvgIconTwo'[39m
[31m[1m>[22m[39m[90m 21 |[39m [36mimport[39m [33mFooter[39m [36mfrom[39m [32m'@/layouts/footers/FooterFive'[39m
 [90m    |[39m [31m[1m^[22m[39m[31m[1m^[22m[39m[31m[1m^[22m[39m[31m[1m^[22m[39m[31m[1m^[22m[39m[31m[1m^[22m[39m[31m[1m^[22m[39m[31m[1m^[22m[39m[31m[1m^[22m[39m[31m[1m^[22m[39m[31m[1m^[22m[39m[31m[1m^[22m[39m[31m[1m^[22m[39m[31m[1m^[22m[39m[31m[1m^[22m[39m[31m[1m^[22m[39m[31m[1m^[22m[39m[31m[1m^[22m[39m[31m[1m^[22m[39m[31m[1m^[22m[39m[31m[1m^[22m[39m[31m[1m^[22m[39m[31m[1m^[22m[39m[31m[1m^[22m[39m[31m[1m^[22m[39m[31m[1m^[22m[39m[31m[1m^[22m[39m[31m[1m^[22m[39m[31m[1m^[22m[39m[31m[1m^[22m[39m[31m[1m^[22m[39m[31m[1m^[22m[39m[31m[1m^[22m[39m[31m[1m^[22m[39m[31m[1m^[22m[39m[31m[1m^[22m[39m[31m[1m^[22m[39m[31m[1m^[22m[39m[31m[1m^[22m[39m[31m[1m^[22m[39m[31m[1m^[22m[39m[31m[1m^[22m[39m[31m[1m^[22m[39m[31m[1m^[22m[39m[31m[1m^[22m[39m[31m[1m^[22m[39m[31m[1m^[22m[39m[31m[1m^[22m[39m[31m[1m^[22m[39m
 [90m 22 |[39m
 [90m 23 |[39m [36mexport[39m [36mdefault[39m [36mfunction[39m [33mHomeTwo[39m() {
 [90m 24 |[39m   [36mreturn[39m ([0m

Import map: aliased to relative './src/layouts/footers/FooterFive' inside of [project]/SOMI IT/LE MITOUARD/startix-nextjs


Import trace:
  Server Component:
    ./SOMI IT/LE MITOUARD/startix-nextjs/src/components/homes/home-2/index.tsx
    ./SOMI IT/LE MITOUARD/startix-nextjs/src/app/(homes)/home-2/page.tsx

https://nextjs.org/docs/messages/module-not-found


 ⨯ ./SOMI IT/LE MITOUARD/startix-nextjs/src/components/homes/home-2/index.tsx:21:1
Module not found: Can't resolve '@/layouts/footers/FooterFive'
[0m [90m 19 |[39m [36mimport[39m [33mCtaHomeTwo[39m [36mfrom[39m [32m'./CtaHomeTwo'[39m
 [90m 20 |[39m [36mimport[39m [33mSvgIconTwo[39m [36mfrom[39m [32m'@/svg/SvgIconTwo'[39m
[31m[1m>[22m[39m[90m 21 |[39m [36mimport[39m [33mFooter[39m [36mfrom[39m [32m'@/layouts/footers/FooterFive'[39m
 [90m    |[39m [31m[1m^[22m[39m[31m[1m^[22m[39m[31m[1m^[22m[39m[31m[1m^[22m[39m[31m[1m^[22m[39m[31m[1m^[22m[39m[31m[1m^[22m[39m[31m[1m^[22m[39m[31m[1m^[22m[39m[31m[1m^[22m[39m[31m[1m^[22m[39m[31m[1m^[22m[39m[31m[1m^[22m[39m[31m[1m^[22m[39m[31m[1m^[22m[39m[31m[1m^[22m[39m[31m[1m^[22m[39m[31m[1m^[22m[39m[31m[1m^[22m[39m[31m[1m^[22m[39m[31m[1m^[22m[39m[31m[1m^[22m[39m[31m[1m^[22m[39m[31m[1m^[22m[39m[31m[1m^[22m[39m[31m[1m^[22m[39m[31m[1m^[22m[39m[31m[1m^[22m[39m[31m[1m^[22m[39m[31m[1m^[22m[39m[31m[1m^[22m[39m[31m[1m^[22m[39m[31m[1m^[22m[39m[31m[1m^[22m[39m[31m[1m^[22m[39m[31m[1m^[22m[39m[31m[1m^[22m[39m[31m[1m^[22m[39m[31m[1m^[22m[39m[31m[1m^[22m[39m[31m[1m^[22m[39m[31m[1m^[22m[39m[31m[1m^[22m[39m[31m[1m^[22m[39m[31m[1m^[22m[39m[31m[1m^[22m[39m[31m[1m^[22m[39m[31m[1m^[22m[39m[31m[1m^[22m[39m
 [90m 22 |[39m
 [90m 23 |[39m [36mexport[39m [36mdefault[39m [36mfunction[39m [33mHomeTwo[39m() {
 [90m 24 |[39m   [36mreturn[39m ([0m

Import map: aliased to relative './src/layouts/footers/FooterFive' inside of [project]/SOMI IT/LE MITOUARD/startix-nextjs


Import trace:
  Server Component:
    ./SOMI IT/LE MITOUARD/startix-nextjs/src/components/homes/home-2/index.tsx
    ./SOMI IT/LE MITOUARD/startix-nextjs/src/app/(homes)/home-2/page.tsx

https://nextjs.org/docs/messages/module-not-found


 ⨯ ./SOMI IT/LE MITOUARD/startix-nextjs/src/components/homes/home-2/index.tsx:21:1
Module not found: Can't resolve '@/layouts/footers/FooterFive'
[0m [90m 19 |[39m [36mimport[39m [33mCtaHomeTwo[39m [36mfrom[39m [32m'./CtaHomeTwo'[39m
 [90m 20 |[39m [36mimport[39m [33mSvgIconTwo[39m [36mfrom[39m [32m'@/svg/SvgIconTwo'[39m
[31m[1m>[22m[39m[90m 21 |[39m [36mimport[39m [33mFooter[39m [36mfrom[39m [32m'@/layouts/footers/FooterFive'[39m
 [90m    |[39m [31m[1m^[22m[39m[31m[1m^[22m[39m[31m[1m^[22m[39m[31m[1m^[22m[39m[31m[1m^[22m[39m[31m[1m^[22m[39m[31m[1m^[22m[39m[31m[1m^[22m[39m[31m[1m^[22m[39m[31m[1m^[22m[39m[31m[1m^[22m[39m[31m[1m^[22m[39m[31m[1m^[22m[39m[31m[1m^[22m[39m[31m[1m^[22m[39m[31m[1m^[22m[39m[31m[1m^[22m[39m[31m[1m^[22m[39m[31m[1m^[22m[39m[31m[1m^[22m[39m[31m[1m^[22m[39m[31m[1m^[22m[39m[31m[1m^[22m[39m[31m[1m^[22m[39m[31m[1m^[22m[39m[31m[1m^[22m[39m[31m[1m^[22m[39m[31m[1m^[22m[39m[31m[1m^[22m[39m[31m[1m^[22m[39m[31m[1m^[22m[39m[31m[1m^[22m[39m[31m[1m^[22m[39m[31m[1m^[22m[39m[31m[1m^[22m[39m[31m[1m^[22m[39m[31m[1m^[22m[39m[31m[1m^[22m[39m[31m[1m^[22m[39m[31m[1m^[22m[39m[31m[1m^[22m[39m[31m[1m^[22m[39m[31m[1m^[22m[39m[31m[1m^[22m[39m[31m[1m^[22m[39m[31m[1m^[22m[39m[31m[1m^[22m[39m[31m[1m^[22m[39m[31m[1m^[22m[39m
 [90m 22 |[39m
 [90m 23 |[39m [36mexport[39m [36mdefault[39m [36mfunction[39m [33mHomeTwo[39m() {
 [90m 24 |[39m   [36mreturn[39m ([0m

Import map: aliased to relative './src/layouts/footers/FooterFive' inside of [project]/SOMI IT/LE MITOUARD/startix-nextjs


Import trace:
  Server Component:
    ./SOMI IT/LE MITOUARD/startix-nextjs/src/components/homes/home-2/index.tsx
    ./SOMI IT/LE MITOUARD/startix-nextjs/src/app/(homes)/home-2/page.tsx

https://nextjs.org/docs/messages/module-not-found


 ⨯ ./SOMI IT/LE MITOUARD/startix-nextjs/src/components/homes/home-2/index.tsx:21:1
Module not found: Can't resolve '@/layouts/footers/FooterFive'
[0m [90m 19 |[39m [36mimport[39m [33mCtaHomeTwo[39m [36mfrom[39m [32m'./CtaHomeTwo'[39m
 [90m 20 |[39m [36mimport[39m [33mSvgIconTwo[39m [36mfrom[39m [32m'@/svg/SvgIconTwo'[39m
[31m[1m>[22m[39m[90m 21 |[39m [36mimport[39m [33mFooter[39m [36mfrom[39m [32m'@/layouts/footers/FooterFive'[39m
 [90m    |[39m [31m[1m^[22m[39m[31m[1m^[22m[39m[31m[1m^[22m[39m[31m[1m^[22m[39m[31m[1m^[22m[39m[31m[1m^[22m[39m[31m[1m^[22m[39m[31m[1m^[22m[39m[31m[1m^[22m[39m[31m[1m^[22m[39m[31m[1m^[22m[39m[31m[1m^[22m[39m[31m[1m^[22m[39m[31m[1m^[22m[39m[31m[1m^[22m[39m[31m[1m^[22m[39m[31m[1m^[22m[39m[31m[1m^[22m[39m[31m[1m^[22m[39m[31m[1m^[22m[39m[31m[1m^[22m[39m[31m[1m^[22m[39m[31m[1m^[22m[39m[31m[1m^[22m[39m[31m[1m^[22m[39m[31m[1m^[22m[39m[31m[1m^[22m[39m[31m[1m^[22m[39m[31m[1m^[22m[39m[31m[1m^[22m[39m[31m[1m^[22m[39m[31m[1m^[22m[39m[31m[1m^[22m[39m[31m[1m^[22m[39m[31m[1m^[22m[39m[31m[1m^[22m[39m[31m[1m^[22m[39m[31m[1m^[22m[39m[31m[1m^[22m[39m[31m[1m^[22m[39m[31m[1m^[22m[39m[31m[1m^[22m[39m[31m[1m^[22m[39m[31m[1m^[22m[39m[31m[1m^[22m[39m[31m[1m^[22m[39m[31m[1m^[22m[39m[31m[1m^[22m[39m[31m[1m^[22m[39m
 [90m 22 |[39m
 [90m 23 |[39m [36mexport[39m [36mdefault[39m [36mfunction[39m [33mHomeTwo[39m() {
 [90m 24 |[39m   [36mreturn[39m ([0m

Import map: aliased to relative './src/layouts/footers/FooterFive' inside of [project]/SOMI IT/LE MITOUARD/startix-nextjs


Import trace:
  Server Component:
    ./SOMI IT/LE MITOUARD/startix-nextjs/src/components/homes/home-2/index.tsx
    ./SOMI IT/LE MITOUARD/startix-nextjs/src/app/(homes)/home-2/page.tsx

https://nextjs.org/docs/messages/module-not-found


 ⨯ ./SOMI IT/LE MITOUARD/startix-nextjs/src/components/homes/home-2/index.tsx:21:1
Module not found: Can't resolve '@/layouts/footers/FooterFive'
[0m [90m 19 |[39m [36mimport[39m [33mCtaHomeTwo[39m [36mfrom[39m [32m'./CtaHomeTwo'[39m
 [90m 20 |[39m [36mimport[39m [33mSvgIconTwo[39m [36mfrom[39m [32m'@/svg/SvgIconTwo'[39m
[31m[1m>[22m[39m[90m 21 |[39m [36mimport[39m [33mFooter[39m [36mfrom[39m [32m'@/layouts/footers/FooterFive'[39m
 [90m    |[39m [31m[1m^[22m[39m[31m[1m^[22m[39m[31m[1m^[22m[39m[31m[1m^[22m[39m[31m[1m^[22m[39m[31m[1m^[22m[39m[31m[1m^[22m[39m[31m[1m^[22m[39m[31m[1m^[22m[39m[31m[1m^[22m[39m[31m[1m^[22m[39m[31m[1m^[22m[39m[31m[1m^[22m[39m[31m[1m^[22m[39m[31m[1m^[22m[39m[31m[1m^[22m[39m[31m[1m^[22m[39m[31m[1m^[22m[39m[31m[1m^[22m[39m[31m[1m^[22m[39m[31m[1m^[22m[39m[31m[1m^[22m[39m[31m[1m^[22m[39m[31m[1m^[22m[39m[31m[1m^[22m[39m[31m[1m^[22m[39m[31m[1m^[22m[39m[31m[1m^[22m[39m[31m[1m^[22m[39m[31m[1m^[22m[39m[31m[1m^[22m[39m[31m[1m^[22m[39m[31m[1m^[22m[39m[31m[1m^[22m[39m[31m[1m^[22m[39m[31m[1m^[22m[39m[31m[1m^[22m[39m[31m[1m^[22m[39m[31m[1m^[22m[39m[31m[1m^[22m[39m[31m[1m^[22m[39m[31m[1m^[22m[39m[31m[1m^[22m[39m[31m[1m^[22m[39m[31m[1m^[22m[39m[31m[1m^[22m[39m[31m[1m^[22m[39m[31m[1m^[22m[39m[31m[1m^[22m[39m
 [90m 22 |[39m
 [90m 23 |[39m [36mexport[39m [36mdefault[39m [36mfunction[39m [33mHomeTwo[39m() {
 [90m 24 |[39m   [36mreturn[39m ([0m

Import map: aliased to relative './src/layouts/footers/FooterFive' inside of [project]/SOMI IT/LE MITOUARD/startix-nextjs


Import trace:
  Server Component:
    ./SOMI IT/LE MITOUARD/startix-nextjs/src/components/homes/home-2/index.tsx
    ./SOMI IT/LE MITOUARD/startix-nextjs/src/app/(homes)/home-2/page.tsx

https://nextjs.org/docs/messages/module-not-found


 ⨯ ./SOMI IT/LE MITOUARD/startix-nextjs/src/components/homes/home-2/index.tsx:21:1
Module not found: Can't resolve '@/layouts/footers/FooterFive'
[0m [90m 19 |[39m [36mimport[39m [33mCtaHomeTwo[39m [36mfrom[39m [32m'./CtaHomeTwo'[39m
 [90m 20 |[39m [36mimport[39m [33mSvgIconTwo[39m [36mfrom[39m [32m'@/svg/SvgIconTwo'[39m
[31m[1m>[22m[39m[90m 21 |[39m [36mimport[39m [33mFooter[39m [36mfrom[39m [32m'@/layouts/footers/FooterFive'[39m
 [90m    |[39m [31m[1m^[22m[39m[31m[1m^[22m[39m[31m[1m^[22m[39m[31m[1m^[22m[39m[31m[1m^[22m[39m[31m[1m^[22m[39m[31m[1m^[22m[39m[31m[1m^[22m[39m[31m[1m^[22m[39m[31m[1m^[22m[39m[31m[1m^[22m[39m[31m[1m^[22m[39m[31m[1m^[22m[39m[31m[1m^[22m[39m[31m[1m^[22m[39m[31m[1m^[22m[39m[31m[1m^[22m[39m[31m[1m^[22m[39m[31m[1m^[22m[39m[31m[1m^[22m[39m[31m[1m^[22m[39m[31m[1m^[22m[39m[31m[1m^[22m[39m[31m[1m^[22m[39m[31m[1m^[22m[39m[31m[1m^[22m[39m[31m[1m^[22m[39m[31m[1m^[22m[39m[31m[1m^[22m[39m[31m[1m^[22m[39m[31m[1m^[22m[39m[31m[1m^[22m[39m[31m[1m^[22m[39m[31m[1m^[22m[39m[31m[1m^[22m[39m[31m[1m^[22m[39m[31m[1m^[22m[39m[31m[1m^[22m[39m[31m[1m^[22m[39m[31m[1m^[22m[39m[31m[1m^[22m[39m[31m[1m^[22m[39m[31m[1m^[22m[39m[31m[1m^[22m[39m[31m[1m^[22m[39m[31m[1m^[22m[39m[31m[1m^[22m[39m[31m[1m^[22m[39m[31m[1m^[22m[39m
 [90m 22 |[39m
 [90m 23 |[39m [36mexport[39m [36mdefault[39m [36mfunction[39m [33mHomeTwo[39m() {
 [90m 24 |[39m   [36mreturn[39m ([0m

Import map: aliased to relative './src/layouts/footers/FooterFive' inside of [project]/SOMI IT/LE MITOUARD/startix-nextjs


Import trace:
  Server Component:
    ./SOMI IT/LE MITOUARD/startix-nextjs/src/components/homes/home-2/index.tsx
    ./SOMI IT/LE MITOUARD/startix-nextjs/src/app/(homes)/home-2/page.tsx

https://nextjs.org/docs/messages/module-not-found


 ⨯ ./SOMI IT/LE MITOUARD/startix-nextjs/src/components/homes/home-2/index.tsx:21:1
Module not found: Can't resolve '@/layouts/footers/FooterFive'
[0m [90m 19 |[39m [36mimport[39m [33mCtaHomeTwo[39m [36mfrom[39m [32m'./CtaHomeTwo'[39m
 [90m 20 |[39m [36mimport[39m [33mSvgIconTwo[39m [36mfrom[39m [32m'@/svg/SvgIconTwo'[39m
[31m[1m>[22m[39m[90m 21 |[39m [36mimport[39m [33mFooter[39m [36mfrom[39m [32m'@/layouts/footers/FooterFive'[39m
 [90m    |[39m [31m[1m^[22m[39m[31m[1m^[22m[39m[31m[1m^[22m[39m[31m[1m^[22m[39m[31m[1m^[22m[39m[31m[1m^[22m[39m[31m[1m^[22m[39m[31m[1m^[22m[39m[31m[1m^[22m[39m[31m[1m^[22m[39m[31m[1m^[22m[39m[31m[1m^[22m[39m[31m[1m^[22m[39m[31m[1m^[22m[39m[31m[1m^[22m[39m[31m[1m^[22m[39m[31m[1m^[22m[39m[31m[1m^[22m[39m[31m[1m^[22m[39m[31m[1m^[22m[39m[31m[1m^[22m[39m[31m[1m^[22m[39m[31m[1m^[22m[39m[31m[1m^[22m[39m[31m[1m^[22m[39m[31m[1m^[22m[39m[31m[1m^[22m[39m[31m[1m^[22m[39m[31m[1m^[22m[39m[31m[1m^[22m[39m[31m[1m^[22m[39m[31m[1m^[22m[39m[31m[1m^[22m[39m[31m[1m^[22m[39m[31m[1m^[22m[39m[31m[1m^[22m[39m[31m[1m^[22m[39m[31m[1m^[22m[39m[31m[1m^[22m[39m[31m[1m^[22m[39m[31m[1m^[22m[39m[31m[1m^[22m[39m[31m[1m^[22m[39m[31m[1m^[22m[39m[31m[1m^[22m[39m[31m[1m^[22m[39m[31m[1m^[22m[39m[31m[1m^[22m[39m[31m[1m^[22m[39m
 [90m 22 |[39m
 [90m 23 |[39m [36mexport[39m [36mdefault[39m [36mfunction[39m [33mHomeTwo[39m() {
 [90m 24 |[39m   [36mreturn[39m ([0m

Import map: aliased to relative './src/layouts/footers/FooterFive' inside of [project]/SOMI IT/LE MITOUARD/startix-nextjs


Import trace:
  Server Component:
    ./SOMI IT/LE MITOUARD/startix-nextjs/src/components/homes/home-2/index.tsx
    ./SOMI IT/LE MITOUARD/startix-nextjs/src/app/(homes)/home-2/page.tsx

https://nextjs.org/docs/messages/module-not-found


 ⨯ ./SOMI IT/LE MITOUARD/startix-nextjs/src/components/homes/home-2/index.tsx:21:1
Module not found: Can't resolve '@/layouts/footers/FooterFive'
[0m [90m 19 |[39m [36mimport[39m [33mCtaHomeTwo[39m [36mfrom[39m [32m'./CtaHomeTwo'[39m
 [90m 20 |[39m [36mimport[39m [33mSvgIconTwo[39m [36mfrom[39m [32m'@/svg/SvgIconTwo'[39m
[31m[1m>[22m[39m[90m 21 |[39m [36mimport[39m [33mFooter[39m [36mfrom[39m [32m'@/layouts/footers/FooterFive'[39m
 [90m    |[39m [31m[1m^[22m[39m[31m[1m^[22m[39m[31m[1m^[22m[39m[31m[1m^[22m[39m[31m[1m^[22m[39m[31m[1m^[22m[39m[31m[1m^[22m[39m[31m[1m^[22m[39m[31m[1m^[22m[39m[31m[1m^[22m[39m[31m[1m^[22m[39m[31m[1m^[22m[39m[31m[1m^[22m[39m[31m[1m^[22m[39m[31m[1m^[22m[39m[31m[1m^[22m[39m[31m[1m^[22m[39m[31m[1m^[22m[39m[31m[1m^[22m[39m[31m[1m^[22m[39m[31m[1m^[22m[39m[31m[1m^[22m[39m[31m[1m^[22m[39m[31m[1m^[22m[39m[31m[1m^[22m[39m[31m[1m^[22m[39m[31m[1m^[22m[39m[31m[1m^[22m[39m[31m[1m^[22m[39m[31m[1m^[22m[39m[31m[1m^[22m[39m[31m[1m^[22m[39m[31m[1m^[22m[39m[31m[1m^[22m[39m[31m[1m^[22m[39m[31m[1m^[22m[39m[31m[1m^[22m[39m[31m[1m^[22m[39m[31m[1m^[22m[39m[31m[1m^[22m[39m[31m[1m^[22m[39m[31m[1m^[22m[39m[31m[1m^[22m[39m[31m[1m^[22m[39m[31m[1m^[22m[39m[31m[1m^[22m[39m[31m[1m^[22m[39m[31m[1m^[22m[39m[31m[1m^[22m[39m
 [90m 22 |[39m
 [90m 23 |[39m [36mexport[39m [36mdefault[39m [36mfunction[39m [33mHomeTwo[39m() {
 [90m 24 |[39m   [36mreturn[39m ([0m

Import map: aliased to relative './src/layouts/footers/FooterFive' inside of [project]/SOMI IT/LE MITOUARD/startix-nextjs


Import trace:
  Server Component:
    ./SOMI IT/LE MITOUARD/startix-nextjs/src/components/homes/home-2/index.tsx
    ./SOMI IT/LE MITOUARD/startix-nextjs/src/app/(homes)/home-2/page.tsx

https://nextjs.org/docs/messages/module-not-found


 ⨯ ./SOMI IT/LE MITOUARD/startix-nextjs/src/components/homes/home-2/index.tsx:21:1
Module not found: Can't resolve '@/layouts/footers/FooterFive'
[0m [90m 19 |[39m [36mimport[39m [33mCtaHomeTwo[39m [36mfrom[39m [32m'./CtaHomeTwo'[39m
 [90m 20 |[39m [36mimport[39m [33mSvgIconTwo[39m [36mfrom[39m [32m'@/svg/SvgIconTwo'[39m
[31m[1m>[22m[39m[90m 21 |[39m [36mimport[39m [33mFooter[39m [36mfrom[39m [32m'@/layouts/footers/FooterFive'[39m
 [90m    |[39m [31m[1m^[22m[39m[31m[1m^[22m[39m[31m[1m^[22m[39m[31m[1m^[22m[39m[31m[1m^[22m[39m[31m[1m^[22m[39m[31m[1m^[22m[39m[31m[1m^[22m[39m[31m[1m^[22m[39m[31m[1m^[22m[39m[31m[1m^[22m[39m[31m[1m^[22m[39m[31m[1m^[22m[39m[31m[1m^[22m[39m[31m[1m^[22m[39m[31m[1m^[22m[39m[31m[1m^[22m[39m[31m[1m^[22m[39m[31m[1m^[22m[39m[31m[1m^[22m[39m[31m[1m^[22m[39m[31m[1m^[22m[39m[31m[1m^[22m[39m[31m[1m^[22m[39m[31m[1m^[22m[39m[31m[1m^[22m[39m[31m[1m^[22m[39m[31m[1m^[22m[39m[31m[1m^[22m[39m[31m[1m^[22m[39m[31m[1m^[22m[39m[31m[1m^[22m[39m[31m[1m^[22m[39m[31m[1m^[22m[39m[31m[1m^[22m[39m[31m[1m^[22m[39m[31m[1m^[22m[39m[31m[1m^[22m[39m[31m[1m^[22m[39m[31m[1m^[22m[39m[31m[1m^[22m[39m[31m[1m^[22m[39m[31m[1m^[22m[39m[31m[1m^[22m[39m[31m[1m^[22m[39m[31m[1m^[22m[39m[31m[1m^[22m[39m[31m[1m^[22m[39m[31m[1m^[22m[39m
 [90m 22 |[39m
 [90m 23 |[39m [36mexport[39m [36mdefault[39m [36mfunction[39m [33mHomeTwo[39m() {
 [90m 24 |[39m   [36mreturn[39m ([0m

Import map: aliased to relative './src/layouts/footers/FooterFive' inside of [project]/SOMI IT/LE MITOUARD/startix-nextjs


Import trace:
  Server Component:
    ./SOMI IT/LE MITOUARD/startix-nextjs/src/components/homes/home-2/index.tsx
    ./SOMI IT/LE MITOUARD/startix-nextjs/src/app/(homes)/home-2/page.tsx

https://nextjs.org/docs/messages/module-not-found


 ⨯ ./SOMI IT/LE MITOUARD/startix-nextjs/src/components/homes/home-2/index.tsx:21:1
Module not found: Can't resolve '@/layouts/footers/FooterFive'
[0m [90m 19 |[39m [36mimport[39m [33mCtaHomeTwo[39m [36mfrom[39m [32m'./CtaHomeTwo'[39m
 [90m 20 |[39m [36mimport[39m [33mSvgIconTwo[39m [36mfrom[39m [32m'@/svg/SvgIconTwo'[39m
[31m[1m>[22m[39m[90m 21 |[39m [36mimport[39m [33mFooter[39m [36mfrom[39m [32m'@/layouts/footers/FooterFive'[39m
 [90m    |[39m [31m[1m^[22m[39m[31m[1m^[22m[39m[31m[1m^[22m[39m[31m[1m^[22m[39m[31m[1m^[22m[39m[31m[1m^[22m[39m[31m[1m^[22m[39m[31m[1m^[22m[39m[31m[1m^[22m[39m[31m[1m^[22m[39m[31m[1m^[22m[39m[31m[1m^[22m[39m[31m[1m^[22m[39m[31m[1m^[22m[39m[31m[1m^[22m[39m[31m[1m^[22m[39m[31m[1m^[22m[39m[31m[1m^[22m[39m[31m[1m^[22m[39m[31m[1m^[22m[39m[31m[1m^[22m[39m[31m[1m^[22m[39m[31m[1m^[22m[39m[31m[1m^[22m[39m[31m[1m^[22m[39m[31m[1m^[22m[39m[31m[1m^[22m[39m[31m[1m^[22m[39m[31m[1m^[22m[39m[31m[1m^[22m[39m[31m[1m^[22m[39m[31m[1m^[22m[39m[31m[1m^[22m[39m[31m[1m^[22m[39m[31m[1m^[22m[39m[31m[1m^[22m[39m[31m[1m^[22m[39m[31m[1m^[22m[39m[31m[1m^[22m[39m[31m[1m^[22m[39m[31m[1m^[22m[39m[31m[1m^[22m[39m[31m[1m^[22m[39m[31m[1m^[22m[39m[31m[1m^[22m[39m[31m[1m^[22m[39m[31m[1m^[22m[39m[31m[1m^[22m[39m[31m[1m^[22m[39m
 [90m 22 |[39m
 [90m 23 |[39m [36mexport[39m [36mdefault[39m [36mfunction[39m [33mHomeTwo[39m() {
 [90m 24 |[39m   [36mreturn[39m ([0m

Import map: aliased to relative './src/layouts/footers/FooterFive' inside of [project]/SOMI IT/LE MITOUARD/startix-nextjs


Import trace:
  Server Component:
    ./SOMI IT/LE MITOUARD/startix-nextjs/src/components/homes/home-2/index.tsx
    ./SOMI IT/LE MITOUARD/startix-nextjs/src/app/(homes)/home-2/page.tsx

https://nextjs.org/docs/messages/module-not-found


 ⨯ ./SOMI IT/LE MITOUARD/startix-nextjs/src/components/homes/home-2/index.tsx:21:1
Module not found: Can't resolve '@/layouts/footers/FooterFive'
[0m [90m 19 |[39m [36mimport[39m [33mCtaHomeTwo[39m [36mfrom[39m [32m'./CtaHomeTwo'[39m
 [90m 20 |[39m [36mimport[39m [33mSvgIconTwo[39m [36mfrom[39m [32m'@/svg/SvgIconTwo'[39m
[31m[1m>[22m[39m[90m 21 |[39m [36mimport[39m [33mFooter[39m [36mfrom[39m [32m'@/layouts/footers/FooterFive'[39m
 [90m    |[39m [31m[1m^[22m[39m[31m[1m^[22m[39m[31m[1m^[22m[39m[31m[1m^[22m[39m[31m[1m^[22m[39m[31m[1m^[22m[39m[31m[1m^[22m[39m[31m[1m^[22m[39m[31m[1m^[22m[39m[31m[1m^[22m[39m[31m[1m^[22m[39m[31m[1m^[22m[39m[31m[1m^[22m[39m[31m[1m^[22m[39m[31m[1m^[22m[39m[31m[1m^[22m[39m[31m[1m^[22m[39m[31m[1m^[22m[39m[31m[1m^[22m[39m[31m[1m^[22m[39m[31m[1m^[22m[39m[31m[1m^[22m[39m[31m[1m^[22m[39m[31m[1m^[22m[39m[31m[1m^[22m[39m[31m[1m^[22m[39m[31m[1m^[22m[39m[31m[1m^[22m[39m[31m[1m^[22m[39m[31m[1m^[22m[39m[31m[1m^[22m[39m[31m[1m^[22m[39m[31m[1m^[22m[39m[31m[1m^[22m[39m[31m[1m^[22m[39m[31m[1m^[22m[39m[31m[1m^[22m[39m[31m[1m^[22m[39m[31m[1m^[22m[39m[31m[1m^[22m[39m[31m[1m^[22m[39m[31m[1m^[22m[39m[31m[1m^[22m[39m[31m[1m^[22m[39m[31m[1m^[22m[39m[31m[1m^[22m[39m[31m[1m^[22m[39m[31m[1m^[22m[39m[31m[1m^[22m[39m
 [90m 22 |[39m
 [90m 23 |[39m [36mexport[39m [36mdefault[39m [36mfunction[39m [33mHomeTwo[39m() {
 [90m 24 |[39m   [36mreturn[39m ([0m

Import map: aliased to relative './src/layouts/footers/FooterFive' inside of [project]/SOMI IT/LE MITOUARD/startix-nextjs


Import trace:
  Server Component:
    ./SOMI IT/LE MITOUARD/startix-nextjs/src/components/homes/home-2/index.tsx
    ./SOMI IT/LE MITOUARD/startix-nextjs/src/app/(homes)/home-2/page.tsx

https://nextjs.org/docs/messages/module-not-found


 ⨯ ./SOMI IT/LE MITOUARD/startix-nextjs/src/components/homes/home-2/index.tsx:21:1
Module not found: Can't resolve '@/layouts/footers/FooterFive'
[0m [90m 19 |[39m [36mimport[39m [33mCtaHomeTwo[39m [36mfrom[39m [32m'./CtaHomeTwo'[39m
 [90m 20 |[39m [36mimport[39m [33mSvgIconTwo[39m [36mfrom[39m [32m'@/svg/SvgIconTwo'[39m
[31m[1m>[22m[39m[90m 21 |[39m [36mimport[39m [33mFooter[39m [36mfrom[39m [32m'@/layouts/footers/FooterFive'[39m
 [90m    |[39m [31m[1m^[22m[39m[31m[1m^[22m[39m[31m[1m^[22m[39m[31m[1m^[22m[39m[31m[1m^[22m[39m[31m[1m^[22m[39m[31m[1m^[22m[39m[31m[1m^[22m[39m[31m[1m^[22m[39m[31m[1m^[22m[39m[31m[1m^[22m[39m[31m[1m^[22m[39m[31m[1m^[22m[39m[31m[1m^[22m[39m[31m[1m^[22m[39m[31m[1m^[22m[39m[31m[1m^[22m[39m[31m[1m^[22m[39m[31m[1m^[22m[39m[31m[1m^[22m[39m[31m[1m^[22m[39m[31m[1m^[22m[39m[31m[1m^[22m[39m[31m[1m^[22m[39m[31m[1m^[22m[39m[31m[1m^[22m[39m[31m[1m^[22m[39m[31m[1m^[22m[39m[31m[1m^[22m[39m[31m[1m^[22m[39m[31m[1m^[22m[39m[31m[1m^[22m[39m[31m[1m^[22m[39m[31m[1m^[22m[39m[31m[1m^[22m[39m[31m[1m^[22m[39m[31m[1m^[22m[39m[31m[1m^[22m[39m[31m[1m^[22m[39m[31m[1m^[22m[39m[31m[1m^[22m[39m[31m[1m^[22m[39m[31m[1m^[22m[39m[31m[1m^[22m[39m[31m[1m^[22m[39m[31m[1m^[22m[39m[31m[1m^[22m[39m[31m[1m^[22m[39m[31m[1m^[22m[39m
 [90m 22 |[39m
 [90m 23 |[39m [36mexport[39m [36mdefault[39m [36mfunction[39m [33mHomeTwo[39m() {
 [90m 24 |[39m   [36mreturn[39m ([0m

Import map: aliased to relative './src/layouts/footers/FooterFive' inside of [project]/SOMI IT/LE MITOUARD/startix-nextjs


Import trace:
  Server Component:
    ./SOMI IT/LE MITOUARD/startix-nextjs/src/components/homes/home-2/index.tsx
    ./SOMI IT/LE MITOUARD/startix-nextjs/src/app/(homes)/home-2/page.tsx

https://nextjs.org/docs/messages/module-not-found


 ⨯ ./SOMI IT/LE MITOUARD/startix-nextjs/src/components/homes/home-2/index.tsx:21:1
Module not found: Can't resolve '@/layouts/footers/FooterFive'
[0m [90m 19 |[39m [36mimport[39m [33mCtaHomeTwo[39m [36mfrom[39m [32m'./CtaHomeTwo'[39m
 [90m 20 |[39m [36mimport[39m [33mSvgIconTwo[39m [36mfrom[39m [32m'@/svg/SvgIconTwo'[39m
[31m[1m>[22m[39m[90m 21 |[39m [36mimport[39m [33mFooter[39m [36mfrom[39m [32m'@/layouts/footers/FooterFive'[39m
 [90m    |[39m [31m[1m^[22m[39m[31m[1m^[22m[39m[31m[1m^[22m[39m[31m[1m^[22m[39m[31m[1m^[22m[39m[31m[1m^[22m[39m[31m[1m^[22m[39m[31m[1m^[22m[39m[31m[1m^[22m[39m[31m[1m^[22m[39m[31m[1m^[22m[39m[31m[1m^[22m[39m[31m[1m^[22m[39m[31m[1m^[22m[39m[31m[1m^[22m[39m[31m[1m^[22m[39m[31m[1m^[22m[39m[31m[1m^[22m[39m[31m[1m^[22m[39m[31m[1m^[22m[39m[31m[1m^[22m[39m[31m[1m^[22m[39m[31m[1m^[22m[39m[31m[1m^[22m[39m[31m[1m^[22m[39m[31m[1m^[22m[39m[31m[1m^[22m[39m[31m[1m^[22m[39m[31m[1m^[22m[39m[31m[1m^[22m[39m[31m[1m^[22m[39m[31m[1m^[22m[39m[31m[1m^[22m[39m[31m[1m^[22m[39m[31m[1m^[22m[39m[31m[1m^[22m[39m[31m[1m^[22m[39m[31m[1m^[22m[39m[31m[1m^[22m[39m[31m[1m^[22m[39m[31m[1m^[22m[39m[31m[1m^[22m[39m[31m[1m^[22m[39m[31m[1m^[22m[39m[31m[1m^[22m[39m[31m[1m^[22m[39m[31m[1m^[22m[39m[31m[1m^[22m[39m[31m[1m^[22m[39m
 [90m 22 |[39m
 [90m 23 |[39m [36mexport[39m [36mdefault[39m [36mfunction[39m [33mHomeTwo[39m() {
 [90m 24 |[39m   [36mreturn[39m ([0m

Import map: aliased to relative './src/layouts/footers/FooterFive' inside of [project]/SOMI IT/LE MITOUARD/startix-nextjs


Import trace:
  Server Component:
    ./SOMI IT/LE MITOUARD/startix-nextjs/src/components/homes/home-2/index.tsx
    ./SOMI IT/LE MITOUARD/startix-nextjs/src/app/(homes)/home-2/page.tsx

https://nextjs.org/docs/messages/module-not-found


 ⨯ ./SOMI IT/LE MITOUARD/startix-nextjs/src/components/homes/home-2/index.tsx:21:1
Module not found: Can't resolve '@/layouts/footers/FooterFive'
[0m [90m 19 |[39m [36mimport[39m [33mCtaHomeTwo[39m [36mfrom[39m [32m'./CtaHomeTwo'[39m
 [90m 20 |[39m [36mimport[39m [33mSvgIconTwo[39m [36mfrom[39m [32m'@/svg/SvgIconTwo'[39m
[31m[1m>[22m[39m[90m 21 |[39m [36mimport[39m [33mFooter[39m [36mfrom[39m [32m'@/layouts/footers/FooterFive'[39m
 [90m    |[39m [31m[1m^[22m[39m[31m[1m^[22m[39m[31m[1m^[22m[39m[31m[1m^[22m[39m[31m[1m^[22m[39m[31m[1m^[22m[39m[31m[1m^[22m[39m[31m[1m^[22m[39m[31m[1m^[22m[39m[31m[1m^[22m[39m[31m[1m^[22m[39m[31m[1m^[22m[39m[31m[1m^[22m[39m[31m[1m^[22m[39m[31m[1m^[22m[39m[31m[1m^[22m[39m[31m[1m^[22m[39m[31m[1m^[22m[39m[31m[1m^[22m[39m[31m[1m^[22m[39m[31m[1m^[22m[39m[31m[1m^[22m[39m[31m[1m^[22m[39m[31m[1m^[22m[39m[31m[1m^[22m[39m[31m[1m^[22m[39m[31m[1m^[22m[39m[31m[1m^[22m[39m[31m[1m^[22m[39m[31m[1m^[22m[39m[31m[1m^[22m[39m[31m[1m^[22m[39m[31m[1m^[22m[39m[31m[1m^[22m[39m[31m[1m^[22m[39m[31m[1m^[22m[39m[31m[1m^[22m[39m[31m[1m^[22m[39m[31m[1m^[22m[39m[31m[1m^[22m[39m[31m[1m^[22m[39m[31m[1m^[22m[39m[31m[1m^[22m[39m[31m[1m^[22m[39m[31m[1m^[22m[39m[31m[1m^[22m[39m[31m[1m^[22m[39m[31m[1m^[22m[39m[31m[1m^[22m[39m
 [90m 22 |[39m
 [90m 23 |[39m [36mexport[39m [36mdefault[39m [36mfunction[39m [33mHomeTwo[39m() {
 [90m 24 |[39m   [36mreturn[39m ([0m

Import map: aliased to relative './src/layouts/footers/FooterFive' inside of [project]/SOMI IT/LE MITOUARD/startix-nextjs


Import trace:
  Server Component:
    ./SOMI IT/LE MITOUARD/startix-nextjs/src/components/homes/home-2/index.tsx
    ./SOMI IT/LE MITOUARD/startix-nextjs/src/app/(homes)/home-2/page.tsx

https://nextjs.org/docs/messages/module-not-found


 ⨯ ./SOMI IT/LE MITOUARD/startix-nextjs/src/components/homes/home-2/index.tsx:21:1
Module not found: Can't resolve '@/layouts/footers/FooterFive'
[0m [90m 19 |[39m [36mimport[39m [33mCtaHomeTwo[39m [36mfrom[39m [32m'./CtaHomeTwo'[39m
 [90m 20 |[39m [36mimport[39m [33mSvgIconTwo[39m [36mfrom[39m [32m'@/svg/SvgIconTwo'[39m
[31m[1m>[22m[39m[90m 21 |[39m [36mimport[39m [33mFooter[39m [36mfrom[39m [32m'@/layouts/footers/FooterFive'[39m
 [90m    |[39m [31m[1m^[22m[39m[31m[1m^[22m[39m[31m[1m^[22m[39m[31m[1m^[22m[39m[31m[1m^[22m[39m[31m[1m^[22m[39m[31m[1m^[22m[39m[31m[1m^[22m[39m[31m[1m^[22m[39m[31m[1m^[22m[39m[31m[1m^[22m[39m[31m[1m^[22m[39m[31m[1m^[22m[39m[31m[1m^[22m[39m[31m[1m^[22m[39m[31m[1m^[22m[39m[31m[1m^[22m[39m[31m[1m^[22m[39m[31m[1m^[22m[39m[31m[1m^[22m[39m[31m[1m^[22m[39m[31m[1m^[22m[39m[31m[1m^[22m[39m[31m[1m^[22m[39m[31m[1m^[22m[39m[31m[1m^[22m[39m[31m[1m^[22m[39m[31m[1m^[22m[39m[31m[1m^[22m[39m[31m[1m^[22m[39m[31m[1m^[22m[39m[31m[1m^[22m[39m[31m[1m^[22m[39m[31m[1m^[22m[39m[31m[1m^[22m[39m[31m[1m^[22m[39m[31m[1m^[22m[39m[31m[1m^[22m[39m[31m[1m^[22m[39m[31m[1m^[22m[39m[31m[1m^[22m[39m[31m[1m^[22m[39m[31m[1m^[22m[39m[31m[1m^[22m[39m[31m[1m^[22m[39m[31m[1m^[22m[39m[31m[1m^[22m[39m[31m[1m^[22m[39m[31m[1m^[22m[39m
 [90m 22 |[39m
 [90m 23 |[39m [36mexport[39m [36mdefault[39m [36mfunction[39m [33mHomeTwo[39m() {
 [90m 24 |[39m   [36mreturn[39m ([0m

Import map: aliased to relative './src/layouts/footers/FooterFive' inside of [project]/SOMI IT/LE MITOUARD/startix-nextjs


Import trace:
  Server Component:
    ./SOMI IT/LE MITOUARD/startix-nextjs/src/components/homes/home-2/index.tsx
    ./SOMI IT/LE MITOUARD/startix-nextjs/src/app/(homes)/home-2/page.tsx

https://nextjs.org/docs/messages/module-not-found


 ⨯ ./SOMI IT/LE MITOUARD/startix-nextjs/src/components/homes/home-2/index.tsx:21:1
Module not found: Can't resolve '@/layouts/footers/FooterFive'
[0m [90m 19 |[39m [36mimport[39m [33mCtaHomeTwo[39m [36mfrom[39m [32m'./CtaHomeTwo'[39m
 [90m 20 |[39m [36mimport[39m [33mSvgIconTwo[39m [36mfrom[39m [32m'@/svg/SvgIconTwo'[39m
[31m[1m>[22m[39m[90m 21 |[39m [36mimport[39m [33mFooter[39m [36mfrom[39m [32m'@/layouts/footers/FooterFive'[39m
 [90m    |[39m [31m[1m^[22m[39m[31m[1m^[22m[39m[31m[1m^[22m[39m[31m[1m^[22m[39m[31m[1m^[22m[39m[31m[1m^[22m[39m[31m[1m^[22m[39m[31m[1m^[22m[39m[31m[1m^[22m[39m[31m[1m^[22m[39m[31m[1m^[22m[39m[31m[1m^[22m[39m[31m[1m^[22m[39m[31m[1m^[22m[39m[31m[1m^[22m[39m[31m[1m^[22m[39m[31m[1m^[22m[39m[31m[1m^[22m[39m[31m[1m^[22m[39m[31m[1m^[22m[39m[31m[1m^[22m[39m[31m[1m^[22m[39m[31m[1m^[22m[39m[31m[1m^[22m[39m[31m[1m^[22m[39m[31m[1m^[22m[39m[31m[1m^[22m[39m[31m[1m^[22m[39m[31m[1m^[22m[39m[31m[1m^[22m[39m[31m[1m^[22m[39m[31m[1m^[22m[39m[31m[1m^[22m[39m[31m[1m^[22m[39m[31m[1m^[22m[39m[31m[1m^[22m[39m[31m[1m^[22m[39m[31m[1m^[22m[39m[31m[1m^[22m[39m[31m[1m^[22m[39m[31m[1m^[22m[39m[31m[1m^[22m[39m[31m[1m^[22m[39m[31m[1m^[22m[39m[31m[1m^[22m[39m[31m[1m^[22m[39m[31m[1m^[22m[39m[31m[1m^[22m[39m[31m[1m^[22m[39m
 [90m 22 |[39m
 [90m 23 |[39m [36mexport[39m [36mdefault[39m [36mfunction[39m [33mHomeTwo[39m() {
 [90m 24 |[39m   [36mreturn[39m ([0m

Import map: aliased to relative './src/layouts/footers/FooterFive' inside of [project]/SOMI IT/LE MITOUARD/startix-nextjs


Import trace:
  Server Component:
    ./SOMI IT/LE MITOUARD/startix-nextjs/src/components/homes/home-2/index.tsx
    ./SOMI IT/LE MITOUARD/startix-nextjs/src/app/(homes)/home-2/page.tsx

https://nextjs.org/docs/messages/module-not-found


 ⨯ ./SOMI IT/LE MITOUARD/startix-nextjs/src/components/homes/home-2/index.tsx:21:1
Module not found: Can't resolve '@/layouts/footers/FooterFive'
[0m [90m 19 |[39m [36mimport[39m [33mCtaHomeTwo[39m [36mfrom[39m [32m'./CtaHomeTwo'[39m
 [90m 20 |[39m [36mimport[39m [33mSvgIconTwo[39m [36mfrom[39m [32m'@/svg/SvgIconTwo'[39m
[31m[1m>[22m[39m[90m 21 |[39m [36mimport[39m [33mFooter[39m [36mfrom[39m [32m'@/layouts/footers/FooterFive'[39m
 [90m    |[39m [31m[1m^[22m[39m[31m[1m^[22m[39m[31m[1m^[22m[39m[31m[1m^[22m[39m[31m[1m^[22m[39m[31m[1m^[22m[39m[31m[1m^[22m[39m[31m[1m^[22m[39m[31m[1m^[22m[39m[31m[1m^[22m[39m[31m[1m^[22m[39m[31m[1m^[22m[39m[31m[1m^[22m[39m[31m[1m^[22m[39m[31m[1m^[22m[39m[31m[1m^[22m[39m[31m[1m^[22m[39m[31m[1m^[22m[39m[31m[1m^[22m[39m[31m[1m^[22m[39m[31m[1m^[22m[39m[31m[1m^[22m[39m[31m[1m^[22m[39m[31m[1m^[22m[39m[31m[1m^[22m[39m[31m[1m^[22m[39m[31m[1m^[22m[39m[31m[1m^[22m[39m[31m[1m^[22m[39m[31m[1m^[22m[39m[31m[1m^[22m[39m[31m[1m^[22m[39m[31m[1m^[22m[39m[31m[1m^[22m[39m[31m[1m^[22m[39m[31m[1m^[22m[39m[31m[1m^[22m[39m[31m[1m^[22m[39m[31m[1m^[22m[39m[31m[1m^[22m[39m[31m[1m^[22m[39m[31m[1m^[22m[39m[31m[1m^[22m[39m[31m[1m^[22m[39m[31m[1m^[22m[39m[31m[1m^[22m[39m[31m[1m^[22m[39m[31m[1m^[22m[39m[31m[1m^[22m[39m
 [90m 22 |[39m
 [90m 23 |[39m [36mexport[39m [36mdefault[39m [36mfunction[39m [33mHomeTwo[39m() {
 [90m 24 |[39m   [36mreturn[39m ([0m

Import map: aliased to relative './src/layouts/footers/FooterFive' inside of [project]/SOMI IT/LE MITOUARD/startix-nextjs


Import trace:
  Server Component:
    ./SOMI IT/LE MITOUARD/startix-nextjs/src/components/homes/home-2/index.tsx
    ./SOMI IT/LE MITOUARD/startix-nextjs/src/app/(homes)/home-2/page.tsx

https://nextjs.org/docs/messages/module-not-found


 ⨯ ./SOMI IT/LE MITOUARD/startix-nextjs/src/components/homes/home-2/index.tsx:21:1
Module not found: Can't resolve '@/layouts/footers/FooterFive'
[0m [90m 19 |[39m [36mimport[39m [33mCtaHomeTwo[39m [36mfrom[39m [32m'./CtaHomeTwo'[39m
 [90m 20 |[39m [36mimport[39m [33mSvgIconTwo[39m [36mfrom[39m [32m'@/svg/SvgIconTwo'[39m
[31m[1m>[22m[39m[90m 21 |[39m [36mimport[39m [33mFooter[39m [36mfrom[39m [32m'@/layouts/footers/FooterFive'[39m
 [90m    |[39m [31m[1m^[22m[39m[31m[1m^[22m[39m[31m[1m^[22m[39m[31m[1m^[22m[39m[31m[1m^[22m[39m[31m[1m^[22m[39m[31m[1m^[22m[39m[31m[1m^[22m[39m[31m[1m^[22m[39m[31m[1m^[22m[39m[31m[1m^[22m[39m[31m[1m^[22m[39m[31m[1m^[22m[39m[31m[1m^[22m[39m[31m[1m^[22m[39m[31m[1m^[22m[39m[31m[1m^[22m[39m[31m[1m^[22m[39m[31m[1m^[22m[39m[31m[1m^[22m[39m[31m[1m^[22m[39m[31m[1m^[22m[39m[31m[1m^[22m[39m[31m[1m^[22m[39m[31m[1m^[22m[39m[31m[1m^[22m[39m[31m[1m^[22m[39m[31m[1m^[22m[39m[31m[1m^[22m[39m[31m[1m^[22m[39m[31m[1m^[22m[39m[31m[1m^[22m[39m[31m[1m^[22m[39m[31m[1m^[22m[39m[31m[1m^[22m[39m[31m[1m^[22m[39m[31m[1m^[22m[39m[31m[1m^[22m[39m[31m[1m^[22m[39m[31m[1m^[22m[39m[31m[1m^[22m[39m[31m[1m^[22m[39m[31m[1m^[22m[39m[31m[1m^[22m[39m[31m[1m^[22m[39m[31m[1m^[22m[39m[31m[1m^[22m[39m[31m[1m^[22m[39m[31m[1m^[22m[39m
 [90m 22 |[39m
 [90m 23 |[39m [36mexport[39m [36mdefault[39m [36mfunction[39m [33mHomeTwo[39m() {
 [90m 24 |[39m   [36mreturn[39m ([0m

Import map: aliased to relative './src/layouts/footers/FooterFive' inside of [project]/SOMI IT/LE MITOUARD/startix-nextjs


Import trace:
  Server Component:
    ./SOMI IT/LE MITOUARD/startix-nextjs/src/components/homes/home-2/index.tsx
    ./SOMI IT/LE MITOUARD/startix-nextjs/src/app/(homes)/home-2/page.tsx

https://nextjs.org/docs/messages/module-not-found


 ⨯ ./SOMI IT/LE MITOUARD/startix-nextjs/src/components/homes/home-2/index.tsx:21:1
Module not found: Can't resolve '@/layouts/footers/FooterFive'
[0m [90m 19 |[39m [36mimport[39m [33mCtaHomeTwo[39m [36mfrom[39m [32m'./CtaHomeTwo'[39m
 [90m 20 |[39m [36mimport[39m [33mSvgIconTwo[39m [36mfrom[39m [32m'@/svg/SvgIconTwo'[39m
[31m[1m>[22m[39m[90m 21 |[39m [36mimport[39m [33mFooter[39m [36mfrom[39m [32m'@/layouts/footers/FooterFive'[39m
 [90m    |[39m [31m[1m^[22m[39m[31m[1m^[22m[39m[31m[1m^[22m[39m[31m[1m^[22m[39m[31m[1m^[22m[39m[31m[1m^[22m[39m[31m[1m^[22m[39m[31m[1m^[22m[39m[31m[1m^[22m[39m[31m[1m^[22m[39m[31m[1m^[22m[39m[31m[1m^[22m[39m[31m[1m^[22m[39m[31m[1m^[22m[39m[31m[1m^[22m[39m[31m[1m^[22m[39m[31m[1m^[22m[39m[31m[1m^[22m[39m[31m[1m^[22m[39m[31m[1m^[22m[39m[31m[1m^[22m[39m[31m[1m^[22m[39m[31m[1m^[22m[39m[31m[1m^[22m[39m[31m[1m^[22m[39m[31m[1m^[22m[39m[31m[1m^[22m[39m[31m[1m^[22m[39m[31m[1m^[22m[39m[31m[1m^[22m[39m[31m[1m^[22m[39m[31m[1m^[22m[39m[31m[1m^[22m[39m[31m[1m^[22m[39m[31m[1m^[22m[39m[31m[1m^[22m[39m[31m[1m^[22m[39m[31m[1m^[22m[39m[31m[1m^[22m[39m[31m[1m^[22m[39m[31m[1m^[22m[39m[31m[1m^[22m[39m[31m[1m^[22m[39m[31m[1m^[22m[39m[31m[1m^[22m[39m[31m[1m^[22m[39m[31m[1m^[22m[39m[31m[1m^[22m[39m[31m[1m^[22m[39m
 [90m 22 |[39m
 [90m 23 |[39m [36mexport[39m [36mdefault[39m [36mfunction[39m [33mHomeTwo[39m() {
 [90m 24 |[39m   [36mreturn[39m ([0m

Import map: aliased to relative './src/layouts/footers/FooterFive' inside of [project]/SOMI IT/LE MITOUARD/startix-nextjs


Import trace:
  Server Component:
    ./SOMI IT/LE MITOUARD/startix-nextjs/src/components/homes/home-2/index.tsx
    ./SOMI IT/LE MITOUARD/startix-nextjs/src/app/(homes)/home-2/page.tsx

https://nextjs.org/docs/messages/module-not-found


 ⨯ ./SOMI IT/LE MITOUARD/startix-nextjs/src/components/homes/home-2/index.tsx:21:1
Module not found: Can't resolve '@/layouts/footers/FooterFive'
[0m [90m 19 |[39m [36mimport[39m [33mCtaHomeTwo[39m [36mfrom[39m [32m'./CtaHomeTwo'[39m
 [90m 20 |[39m [36mimport[39m [33mSvgIconTwo[39m [36mfrom[39m [32m'@/svg/SvgIconTwo'[39m
[31m[1m>[22m[39m[90m 21 |[39m [36mimport[39m [33mFooter[39m [36mfrom[39m [32m'@/layouts/footers/FooterFive'[39m
 [90m    |[39m [31m[1m^[22m[39m[31m[1m^[22m[39m[31m[1m^[22m[39m[31m[1m^[22m[39m[31m[1m^[22m[39m[31m[1m^[22m[39m[31m[1m^[22m[39m[31m[1m^[22m[39m[31m[1m^[22m[39m[31m[1m^[22m[39m[31m[1m^[22m[39m[31m[1m^[22m[39m[31m[1m^[22m[39m[31m[1m^[22m[39m[31m[1m^[22m[39m[31m[1m^[22m[39m[31m[1m^[22m[39m[31m[1m^[22m[39m[31m[1m^[22m[39m[31m[1m^[22m[39m[31m[1m^[22m[39m[31m[1m^[22m[39m[31m[1m^[22m[39m[31m[1m^[22m[39m[31m[1m^[22m[39m[31m[1m^[22m[39m[31m[1m^[22m[39m[31m[1m^[22m[39m[31m[1m^[22m[39m[31m[1m^[22m[39m[31m[1m^[22m[39m[31m[1m^[22m[39m[31m[1m^[22m[39m[31m[1m^[22m[39m[31m[1m^[22m[39m[31m[1m^[22m[39m[31m[1m^[22m[39m[31m[1m^[22m[39m[31m[1m^[22m[39m[31m[1m^[22m[39m[31m[1m^[22m[39m[31m[1m^[22m[39m[31m[1m^[22m[39m[31m[1m^[22m[39m[31m[1m^[22m[39m[31m[1m^[22m[39m[31m[1m^[22m[39m[31m[1m^[22m[39m[31m[1m^[22m[39m
 [90m 22 |[39m
 [90m 23 |[39m [36mexport[39m [36mdefault[39m [36mfunction[39m [33mHomeTwo[39m() {
 [90m 24 |[39m   [36mreturn[39m ([0m

Import map: aliased to relative './src/layouts/footers/FooterFive' inside of [project]/SOMI IT/LE MITOUARD/startix-nextjs


Import trace:
  Server Component:
    ./SOMI IT/LE MITOUARD/startix-nextjs/src/components/homes/home-2/index.tsx
    ./SOMI IT/LE MITOUARD/startix-nextjs/src/app/(homes)/home-2/page.tsx

https://nextjs.org/docs/messages/module-not-found


 ⨯ ./SOMI IT/LE MITOUARD/startix-nextjs/src/components/homes/home-2/index.tsx:21:1
Module not found: Can't resolve '@/layouts/footers/FooterFive'
[0m [90m 19 |[39m [36mimport[39m [33mCtaHomeTwo[39m [36mfrom[39m [32m'./CtaHomeTwo'[39m
 [90m 20 |[39m [36mimport[39m [33mSvgIconTwo[39m [36mfrom[39m [32m'@/svg/SvgIconTwo'[39m
[31m[1m>[22m[39m[90m 21 |[39m [36mimport[39m [33mFooter[39m [36mfrom[39m [32m'@/layouts/footers/FooterFive'[39m
 [90m    |[39m [31m[1m^[22m[39m[31m[1m^[22m[39m[31m[1m^[22m[39m[31m[1m^[22m[39m[31m[1m^[22m[39m[31m[1m^[22m[39m[31m[1m^[22m[39m[31m[1m^[22m[39m[31m[1m^[22m[39m[31m[1m^[22m[39m[31m[1m^[22m[39m[31m[1m^[22m[39m[31m[1m^[22m[39m[31m[1m^[22m[39m[31m[1m^[22m[39m[31m[1m^[22m[39m[31m[1m^[22m[39m[31m[1m^[22m[39m[31m[1m^[22m[39m[31m[1m^[22m[39m[31m[1m^[22m[39m[31m[1m^[22m[39m[31m[1m^[22m[39m[31m[1m^[22m[39m[31m[1m^[22m[39m[31m[1m^[22m[39m[31m[1m^[22m[39m[31m[1m^[22m[39m[31m[1m^[22m[39m[31m[1m^[22m[39m[31m[1m^[22m[39m[31m[1m^[22m[39m[31m[1m^[22m[39m[31m[1m^[22m[39m[31m[1m^[22m[39m[31m[1m^[22m[39m[31m[1m^[22m[39m[31m[1m^[22m[39m[31m[1m^[22m[39m[31m[1m^[22m[39m[31m[1m^[22m[39m[31m[1m^[22m[39m[31m[1m^[22m[39m[31m[1m^[22m[39m[31m[1m^[22m[39m[31m[1m^[22m[39m[31m[1m^[22m[39m[31m[1m^[22m[39m[31m[1m^[22m[39m
 [90m 22 |[39m
 [90m 23 |[39m [36mexport[39m [36mdefault[39m [36mfunction[39m [33mHomeTwo[39m() {
 [90m 24 |[39m   [36mreturn[39m ([0m

Import map: aliased to relative './src/layouts/footers/FooterFive' inside of [project]/SOMI IT/LE MITOUARD/startix-nextjs


Import trace:
  Server Component:
    ./SOMI IT/LE MITOUARD/startix-nextjs/src/components/homes/home-2/index.tsx
    ./SOMI IT/LE MITOUARD/startix-nextjs/src/app/(homes)/home-2/page.tsx

https://nextjs.org/docs/messages/module-not-found


 ⨯ ./SOMI IT/LE MITOUARD/startix-nextjs/src/components/homes/home-2/index.tsx:21:1
Module not found: Can't resolve '@/layouts/footers/FooterFive'
[0m [90m 19 |[39m [36mimport[39m [33mCtaHomeTwo[39m [36mfrom[39m [32m'./CtaHomeTwo'[39m
 [90m 20 |[39m [36mimport[39m [33mSvgIconTwo[39m [36mfrom[39m [32m'@/svg/SvgIconTwo'[39m
[31m[1m>[22m[39m[90m 21 |[39m [36mimport[39m [33mFooter[39m [36mfrom[39m [32m'@/layouts/footers/FooterFive'[39m
 [90m    |[39m [31m[1m^[22m[39m[31m[1m^[22m[39m[31m[1m^[22m[39m[31m[1m^[22m[39m[31m[1m^[22m[39m[31m[1m^[22m[39m[31m[1m^[22m[39m[31m[1m^[22m[39m[31m[1m^[22m[39m[31m[1m^[22m[39m[31m[1m^[22m[39m[31m[1m^[22m[39m[31m[1m^[22m[39m[31m[1m^[22m[39m[31m[1m^[22m[39m[31m[1m^[22m[39m[31m[1m^[22m[39m[31m[1m^[22m[39m[31m[1m^[22m[39m[31m[1m^[22m[39m[31m[1m^[22m[39m[31m[1m^[22m[39m[31m[1m^[22m[39m[31m[1m^[22m[39m[31m[1m^[22m[39m[31m[1m^[22m[39m[31m[1m^[22m[39m[31m[1m^[22m[39m[31m[1m^[22m[39m[31m[1m^[22m[39m[31m[1m^[22m[39m[31m[1m^[22m[39m[31m[1m^[22m[39m[31m[1m^[22m[39m[31m[1m^[22m[39m[31m[1m^[22m[39m[31m[1m^[22m[39m[31m[1m^[22m[39m[31m[1m^[22m[39m[31m[1m^[22m[39m[31m[1m^[22m[39m[31m[1m^[22m[39m[31m[1m^[22m[39m[31m[1m^[22m[39m[31m[1m^[22m[39m[31m[1m^[22m[39m[31m[1m^[22m[39m[31m[1m^[22m[39m[31m[1m^[22m[39m
 [90m 22 |[39m
 [90m 23 |[39m [36mexport[39m [36mdefault[39m [36mfunction[39m [33mHomeTwo[39m() {
 [90m 24 |[39m   [36mreturn[39m ([0m

Import map: aliased to relative './src/layouts/footers/FooterFive' inside of [project]/SOMI IT/LE MITOUARD/startix-nextjs


Import trace:
  Server Component:
    ./SOMI IT/LE MITOUARD/startix-nextjs/src/components/homes/home-2/index.tsx
    ./SOMI IT/LE MITOUARD/startix-nextjs/src/app/(homes)/home-2/page.tsx

https://nextjs.org/docs/messages/module-not-found


 ⨯ ./SOMI IT/LE MITOUARD/startix-nextjs/src/components/homes/home-2/index.tsx:21:1
Module not found: Can't resolve '@/layouts/footers/FooterFive'
[0m [90m 19 |[39m [36mimport[39m [33mCtaHomeTwo[39m [36mfrom[39m [32m'./CtaHomeTwo'[39m
 [90m 20 |[39m [36mimport[39m [33mSvgIconTwo[39m [36mfrom[39m [32m'@/svg/SvgIconTwo'[39m
[31m[1m>[22m[39m[90m 21 |[39m [36mimport[39m [33mFooter[39m [36mfrom[39m [32m'@/layouts/footers/FooterFive'[39m
 [90m    |[39m [31m[1m^[22m[39m[31m[1m^[22m[39m[31m[1m^[22m[39m[31m[1m^[22m[39m[31m[1m^[22m[39m[31m[1m^[22m[39m[31m[1m^[22m[39m[31m[1m^[22m[39m[31m[1m^[22m[39m[31m[1m^[22m[39m[31m[1m^[22m[39m[31m[1m^[22m[39m[31m[1m^[22m[39m[31m[1m^[22m[39m[31m[1m^[22m[39m[31m[1m^[22m[39m[31m[1m^[22m[39m[31m[1m^[22m[39m[31m[1m^[22m[39m[31m[1m^[22m[39m[31m[1m^[22m[39m[31m[1m^[22m[39m[31m[1m^[22m[39m[31m[1m^[22m[39m[31m[1m^[22m[39m[31m[1m^[22m[39m[31m[1m^[22m[39m[31m[1m^[22m[39m[31m[1m^[22m[39m[31m[1m^[22m[39m[31m[1m^[22m[39m[31m[1m^[22m[39m[31m[1m^[22m[39m[31m[1m^[22m[39m[31m[1m^[22m[39m[31m[1m^[22m[39m[31m[1m^[22m[39m[31m[1m^[22m[39m[31m[1m^[22m[39m[31m[1m^[22m[39m[31m[1m^[22m[39m[31m[1m^[22m[39m[31m[1m^[22m[39m[31m[1m^[22m[39m[31m[1m^[22m[39m[31m[1m^[22m[39m[31m[1m^[22m[39m[31m[1m^[22m[39m[31m[1m^[22m[39m
 [90m 22 |[39m
 [90m 23 |[39m [36mexport[39m [36mdefault[39m [36mfunction[39m [33mHomeTwo[39m() {
 [90m 24 |[39m   [36mreturn[39m ([0m

Import map: aliased to relative './src/layouts/footers/FooterFive' inside of [project]/SOMI IT/LE MITOUARD/startix-nextjs


Import trace:
  Server Component:
    ./SOMI IT/LE MITOUARD/startix-nextjs/src/components/homes/home-2/index.tsx
    ./SOMI IT/LE MITOUARD/startix-nextjs/src/app/(homes)/home-2/page.tsx

https://nextjs.org/docs/messages/module-not-found


 ⨯ ./SOMI IT/LE MITOUARD/startix-nextjs/src/components/homes/home-2/index.tsx:21:1
Module not found: Can't resolve '@/layouts/footers/FooterFive'
[0m [90m 19 |[39m [36mimport[39m [33mCtaHomeTwo[39m [36mfrom[39m [32m'./CtaHomeTwo'[39m
 [90m 20 |[39m [36mimport[39m [33mSvgIconTwo[39m [36mfrom[39m [32m'@/svg/SvgIconTwo'[39m
[31m[1m>[22m[39m[90m 21 |[39m [36mimport[39m [33mFooter[39m [36mfrom[39m [32m'@/layouts/footers/FooterFive'[39m
 [90m    |[39m [31m[1m^[22m[39m[31m[1m^[22m[39m[31m[1m^[22m[39m[31m[1m^[22m[39m[31m[1m^[22m[39m[31m[1m^[22m[39m[31m[1m^[22m[39m[31m[1m^[22m[39m[31m[1m^[22m[39m[31m[1m^[22m[39m[31m[1m^[22m[39m[31m[1m^[22m[39m[31m[1m^[22m[39m[31m[1m^[22m[39m[31m[1m^[22m[39m[31m[1m^[22m[39m[31m[1m^[22m[39m[31m[1m^[22m[39m[31m[1m^[22m[39m[31m[1m^[22m[39m[31m[1m^[22m[39m[31m[1m^[22m[39m[31m[1m^[22m[39m[31m[1m^[22m[39m[31m[1m^[22m[39m[31m[1m^[22m[39m[31m[1m^[22m[39m[31m[1m^[22m[39m[31m[1m^[22m[39m[31m[1m^[22m[39m[31m[1m^[22m[39m[31m[1m^[22m[39m[31m[1m^[22m[39m[31m[1m^[22m[39m[31m[1m^[22m[39m[31m[1m^[22m[39m[31m[1m^[22m[39m[31m[1m^[22m[39m[31m[1m^[22m[39m[31m[1m^[22m[39m[31m[1m^[22m[39m[31m[1m^[22m[39m[31m[1m^[22m[39m[31m[1m^[22m[39m[31m[1m^[22m[39m[31m[1m^[22m[39m[31m[1m^[22m[39m[31m[1m^[22m[39m[31m[1m^[22m[39m
 [90m 22 |[39m
 [90m 23 |[39m [36mexport[39m [36mdefault[39m [36mfunction[39m [33mHomeTwo[39m() {
 [90m 24 |[39m   [36mreturn[39m ([0m

Import map: aliased to relative './src/layouts/footers/FooterFive' inside of [project]/SOMI IT/LE MITOUARD/startix-nextjs


Import trace:
  Server Component:
    ./SOMI IT/LE MITOUARD/startix-nextjs/src/components/homes/home-2/index.tsx
    ./SOMI IT/LE MITOUARD/startix-nextjs/src/app/(homes)/home-2/page.tsx

https://nextjs.org/docs/messages/module-not-found


 ⨯ ./SOMI IT/LE MITOUARD/startix-nextjs/src/components/homes/home-2/index.tsx:21:1
Module not found: Can't resolve '@/layouts/footers/FooterFive'
[0m [90m 19 |[39m [36mimport[39m [33mCtaHomeTwo[39m [36mfrom[39m [32m'./CtaHomeTwo'[39m
 [90m 20 |[39m [36mimport[39m [33mSvgIconTwo[39m [36mfrom[39m [32m'@/svg/SvgIconTwo'[39m
[31m[1m>[22m[39m[90m 21 |[39m [36mimport[39m [33mFooter[39m [36mfrom[39m [32m'@/layouts/footers/FooterFive'[39m
 [90m    |[39m [31m[1m^[22m[39m[31m[1m^[22m[39m[31m[1m^[22m[39m[31m[1m^[22m[39m[31m[1m^[22m[39m[31m[1m^[22m[39m[31m[1m^[22m[39m[31m[1m^[22m[39m[31m[1m^[22m[39m[31m[1m^[22m[39m[31m[1m^[22m[39m[31m[1m^[22m[39m[31m[1m^[22m[39m[31m[1m^[22m[39m[31m[1m^[22m[39m[31m[1m^[22m[39m[31m[1m^[22m[39m[31m[1m^[22m[39m[31m[1m^[22m[39m[31m[1m^[22m[39m[31m[1m^[22m[39m[31m[1m^[22m[39m[31m[1m^[22m[39m[31m[1m^[22m[39m[31m[1m^[22m[39m[31m[1m^[22m[39m[31m[1m^[22m[39m[31m[1m^[22m[39m[31m[1m^[22m[39m[31m[1m^[22m[39m[31m[1m^[22m[39m[31m[1m^[22m[39m[31m[1m^[22m[39m[31m[1m^[22m[39m[31m[1m^[22m[39m[31m[1m^[22m[39m[31m[1m^[22m[39m[31m[1m^[22m[39m[31m[1m^[22m[39m[31m[1m^[22m[39m[31m[1m^[22m[39m[31m[1m^[22m[39m[31m[1m^[22m[39m[31m[1m^[22m[39m[31m[1m^[22m[39m[31m[1m^[22m[39m[31m[1m^[22m[39m[31m[1m^[22m[39m[31m[1m^[22m[39m
 [90m 22 |[39m
 [90m 23 |[39m [36mexport[39m [36mdefault[39m [36mfunction[39m [33mHomeTwo[39m() {
 [90m 24 |[39m   [36mreturn[39m ([0m

Import map: aliased to relative './src/layouts/footers/FooterFive' inside of [project]/SOMI IT/LE MITOUARD/startix-nextjs


Import trace:
  Server Component:
    ./SOMI IT/LE MITOUARD/startix-nextjs/src/components/homes/home-2/index.tsx
    ./SOMI IT/LE MITOUARD/startix-nextjs/src/app/(homes)/home-2/page.tsx

https://nextjs.org/docs/messages/module-not-found


 ⨯ ./SOMI IT/LE MITOUARD/startix-nextjs/src/components/homes/home-2/index.tsx:21:1
Module not found: Can't resolve '@/layouts/footers/FooterFive'
[0m [90m 19 |[39m [36mimport[39m [33mCtaHomeTwo[39m [36mfrom[39m [32m'./CtaHomeTwo'[39m
 [90m 20 |[39m [36mimport[39m [33mSvgIconTwo[39m [36mfrom[39m [32m'@/svg/SvgIconTwo'[39m
[31m[1m>[22m[39m[90m 21 |[39m [36mimport[39m [33mFooter[39m [36mfrom[39m [32m'@/layouts/footers/FooterFive'[39m
 [90m    |[39m [31m[1m^[22m[39m[31m[1m^[22m[39m[31m[1m^[22m[39m[31m[1m^[22m[39m[31m[1m^[22m[39m[31m[1m^[22m[39m[31m[1m^[22m[39m[31m[1m^[22m[39m[31m[1m^[22m[39m[31m[1m^[22m[39m[31m[1m^[22m[39m[31m[1m^[22m[39m[31m[1m^[22m[39m[31m[1m^[22m[39m[31m[1m^[22m[39m[31m[1m^[22m[39m[31m[1m^[22m[39m[31m[1m^[22m[39m[31m[1m^[22m[39m[31m[1m^[22m[39m[31m[1m^[22m[39m[31m[1m^[22m[39m[31m[1m^[22m[39m[31m[1m^[22m[39m[31m[1m^[22m[39m[31m[1m^[22m[39m[31m[1m^[22m[39m[31m[1m^[22m[39m[31m[1m^[22m[39m[31m[1m^[22m[39m[31m[1m^[22m[39m[31m[1m^[22m[39m[31m[1m^[22m[39m[31m[1m^[22m[39m[31m[1m^[22m[39m[31m[1m^[22m[39m[31m[1m^[22m[39m[31m[1m^[22m[39m[31m[1m^[22m[39m[31m[1m^[22m[39m[31m[1m^[22m[39m[31m[1m^[22m[39m[31m[1m^[22m[39m[31m[1m^[22m[39m[31m[1m^[22m[39m[31m[1m^[22m[39m[31m[1m^[22m[39m[31m[1m^[22m[39m[31m[1m^[22m[39m
 [90m 22 |[39m
 [90m 23 |[39m [36mexport[39m [36mdefault[39m [36mfunction[39m [33mHomeTwo[39m() {
 [90m 24 |[39m   [36mreturn[39m ([0m

Import map: aliased to relative './src/layouts/footers/FooterFive' inside of [project]/SOMI IT/LE MITOUARD/startix-nextjs


Import trace:
  Server Component:
    ./SOMI IT/LE MITOUARD/startix-nextjs/src/components/homes/home-2/index.tsx
    ./SOMI IT/LE MITOUARD/startix-nextjs/src/app/(homes)/home-2/page.tsx

https://nextjs.org/docs/messages/module-not-found


 ⨯ ./SOMI IT/LE MITOUARD/startix-nextjs/src/components/homes/home-2/index.tsx:21:1
Module not found: Can't resolve '@/layouts/footers/FooterFive'
[0m [90m 19 |[39m [36mimport[39m [33mCtaHomeTwo[39m [36mfrom[39m [32m'./CtaHomeTwo'[39m
 [90m 20 |[39m [36mimport[39m [33mSvgIconTwo[39m [36mfrom[39m [32m'@/svg/SvgIconTwo'[39m
[31m[1m>[22m[39m[90m 21 |[39m [36mimport[39m [33mFooter[39m [36mfrom[39m [32m'@/layouts/footers/FooterFive'[39m
 [90m    |[39m [31m[1m^[22m[39m[31m[1m^[22m[39m[31m[1m^[22m[39m[31m[1m^[22m[39m[31m[1m^[22m[39m[31m[1m^[22m[39m[31m[1m^[22m[39m[31m[1m^[22m[39m[31m[1m^[22m[39m[31m[1m^[22m[39m[31m[1m^[22m[39m[31m[1m^[22m[39m[31m[1m^[22m[39m[31m[1m^[22m[39m[31m[1m^[22m[39m[31m[1m^[22m[39m[31m[1m^[22m[39m[31m[1m^[22m[39m[31m[1m^[22m[39m[31m[1m^[22m[39m[31m[1m^[22m[39m[31m[1m^[22m[39m[31m[1m^[22m[39m[31m[1m^[22m[39m[31m[1m^[22m[39m[31m[1m^[22m[39m[31m[1m^[22m[39m[31m[1m^[22m[39m[31m[1m^[22m[39m[31m[1m^[22m[39m[31m[1m^[22m[39m[31m[1m^[22m[39m[31m[1m^[22m[39m[31m[1m^[22m[39m[31m[1m^[22m[39m[31m[1m^[22m[39m[31m[1m^[22m[39m[31m[1m^[22m[39m[31m[1m^[22m[39m[31m[1m^[22m[39m[31m[1m^[22m[39m[31m[1m^[22m[39m[31m[1m^[22m[39m[31m[1m^[22m[39m[31m[1m^[22m[39m[31m[1m^[22m[39m[31m[1m^[22m[39m[31m[1m^[22m[39m[31m[1m^[22m[39m
 [90m 22 |[39m
 [90m 23 |[39m [36mexport[39m [36mdefault[39m [36mfunction[39m [33mHomeTwo[39m() {
 [90m 24 |[39m   [36mreturn[39m ([0m

Import map: aliased to relative './src/layouts/footers/FooterFive' inside of [project]/SOMI IT/LE MITOUARD/startix-nextjs


Import trace:
  Server Component:
    ./SOMI IT/LE MITOUARD/startix-nextjs/src/components/homes/home-2/index.tsx
    ./SOMI IT/LE MITOUARD/startix-nextjs/src/app/(homes)/home-2/page.tsx

https://nextjs.org/docs/messages/module-not-found


 ✓ Compiled in 105ms
 ⚠ ./SOMI IT/LE MITOUARD/startix-nextjs/src/styles/index.scss
Issue while running loader
SassWarning: Deprecation Warning on line 3, column 8 of file:///Users/chandrelsomi/SOMI%20IT/LE%20MITOUARD/startix-nextjs/src/styles/index.scss:3:8:
Sass @import rules are deprecated and will be removed in Dart Sass 3.0.0.

More info and automated migrator: https://sass-lang.com/d/import

3 | @import "../../public/assets/scss/styles.scss"; 

src/styles/index.scss 4:9  root stylesheet



 ⚠ ./SOMI IT/LE MITOUARD/startix-nextjs/src/styles/index.scss
Issue while running loader
SassWarning: Deprecation Warning on line 3, column 8 of file:///Users/chandrelsomi/SOMI%20IT/LE%20MITOUARD/startix-nextjs/src/styles/index.scss:3:8:
Sass @import rules are deprecated and will be removed in Dart Sass 3.0.0.

More info and automated migrator: https://sass-lang.com/d/import

3 | @import "../../public/assets/scss/styles.scss"; 

src/styles/index.scss 4:9  root stylesheet



 GET /home-2 200 in 378ms (compile: 126ms, render: 252ms)
 GET /home-2 200 in 196ms (compile: 1831µs, render: 194ms)
 ⚠ ./SOMI IT/LE MITOUARD/startix-nextjs/src/styles/index.scss
Issue while running loader
SassWarning: Deprecation Warning on line 3, column 8 of file:///Users/chandrelsomi/SOMI%20IT/LE%20MITOUARD/startix-nextjs/src/styles/index.scss:3:8:
Sass @import rules are deprecated and will be removed in Dart Sass 3.0.0.

More info and automated migrator: https://sass-lang.com/d/import

3 | @import "../../public/assets/scss/styles.scss"; 

src/styles/index.scss 4:9  root stylesheet



 GET /.well-known/appspecific/com.chrome.devtools.json 200 in 238ms (compile: 8ms, render: 229ms)
 ⚠ ./SOMI IT/LE MITOUARD/startix-nextjs/src/styles/index.scss
Issue while running loader
SassWarning: Deprecation Warning on line 3, column 8 of file:///Users/chandrelsomi/SOMI%20IT/LE%20MITOUARD/startix-nextjs/src/styles/index.scss:3:8:
Sass @import rules are deprecated and will be removed in Dart Sass 3.0.0.

More info and automated migrator: https://sass-lang.com/d/import

3 | @import "../../public/assets/scss/styles.scss"; 

src/styles/index.scss 4:9  root stylesheet



 ⚠ ./SOMI IT/LE MITOUARD/startix-nextjs/src/styles/index.scss
Issue while running loader
SassWarning: Deprecation Warning on line 3, column 8 of file:///Users/chandrelsomi/SOMI%20IT/LE%20MITOUARD/startix-nextjs/src/styles/index.scss:3:8:
Sass @import rules are deprecated and will be removed in Dart Sass 3.0.0.

More info and automated migrator: https://sass-lang.com/d/import

3 | @import "../../public/assets/scss/styles.scss"; 

src/styles/index.scss 4:9  root stylesheet



 ⚠ ./SOMI IT/LE MITOUARD/startix-nextjs/src/styles/index.scss
Issue while running loader
SassWarning: Deprecation Warning on line 3, column 8 of file:///Users/chandrelsomi/SOMI%20IT/LE%20MITOUARD/startix-nextjs/src/styles/index.scss:3:8:
Sass @import rules are deprecated and will be removed in Dart Sass 3.0.0.

More info and automated migrator: https://sass-lang.com/d/import

3 | @import "../../public/assets/scss/styles.scss"; 

src/styles/index.scss 4:9  root stylesheet



 ⚠ ./SOMI IT/LE MITOUARD/startix-nextjs/src/styles/index.scss
Issue while running loader
SassWarning: Deprecation Warning on line 3, column 8 of file:///Users/chandrelsomi/SOMI%20IT/LE%20MITOUARD/startix-nextjs/src/styles/index.scss:3:8:
Sass @import rules are deprecated and will be removed in Dart Sass 3.0.0.

More info and automated migrator: https://sass-lang.com/d/import

3 | @import "../../public/assets/scss/styles.scss"; 

src/styles/index.scss 4:9  root stylesheet



 ⚠ ./SOMI IT/LE MITOUARD/startix-nextjs/src/styles/index.scss
Issue while running loader
SassWarning: Deprecation Warning on line 3, column 8 of file:///Users/chandrelsomi/SOMI%20IT/LE%20MITOUARD/startix-nextjs/src/styles/index.scss:3:8:
Sass @import rules are deprecated and will be removed in Dart Sass 3.0.0.

More info and automated migrator: https://sass-lang.com/d/import

3 | @import "../../public/assets/scss/styles.scss"; 

src/styles/index.scss 4:9  root stylesheet



 ⚠ ./SOMI IT/LE MITOUARD/startix-nextjs/src/styles/index.scss
Issue while running loader
SassWarning: Deprecation Warning on line 3, column 8 of file:///Users/chandrelsomi/SOMI%20IT/LE%20MITOUARD/startix-nextjs/src/styles/index.scss:3:8:
Sass @import rules are deprecated and will be removed in Dart Sass 3.0.0.

More info and automated migrator: https://sass-lang.com/d/import

3 | @import "../../public/assets/scss/styles.scss"; 

src/styles/index.scss 4:9  root stylesheet



 ⚠ ./SOMI IT/LE MITOUARD/startix-nextjs/src/styles/index.scss
Issue while running loader
SassWarning: Deprecation Warning on line 3, column 8 of file:///Users/chandrelsomi/SOMI%20IT/LE%20MITOUARD/startix-nextjs/src/styles/index.scss:3:8:
Sass @import rules are deprecated and will be removed in Dart Sass 3.0.0.

More info and automated migrator: https://sass-lang.com/d/import

3 | @import "../../public/assets/scss/styles.scss"; 

src/styles/index.scss 4:9  root stylesheet



 ✓ Compiled in 28ms
 ⚠ ./SOMI IT/LE MITOUARD/startix-nextjs/src/styles/index.scss
Issue while running loader
SassWarning: Deprecation Warning on line 3, column 8 of file:///Users/chandrelsomi/SOMI%20IT/LE%20MITOUARD/startix-nextjs/src/styles/index.scss:3:8:
Sass @import rules are deprecated and will be removed in Dart Sass 3.0.0.

More info and automated migrator: https://sass-lang.com/d/import

3 | @import "../../public/assets/scss/styles.scss"; 

src/styles/index.scss 4:9  root stylesheet



 GET /home-2 200 in 270ms (compile: 83ms, render: 187ms)
 ⚠ ./SOMI IT/LE MITOUARD/startix-nextjs/src/styles/index.scss
Issue while running loader
SassWarning: Deprecation Warning on line 3, column 8 of file:///Users/chandrelsomi/SOMI%20IT/LE%20MITOUARD/startix-nextjs/src/styles/index.scss:3:8:
Sass @import rules are deprecated and will be removed in Dart Sass 3.0.0.

More info and automated migrator: https://sass-lang.com/d/import

3 | @import "../../public/assets/scss/styles.scss"; 

src/styles/index.scss 4:9  root stylesheet



 GET /.well-known/appspecific/com.chrome.devtools.json 200 in 102ms (compile: 5ms, render: 97ms)
 ⚠ ./SOMI IT/LE MITOUARD/startix-nextjs/src/styles/index.scss
Issue while running loader
SassWarning: Deprecation Warning on line 3, column 8 of file:///Users/chandrelsomi/SOMI%20IT/LE%20MITOUARD/startix-nextjs/src/styles/index.scss:3:8:
Sass @import rules are deprecated and will be removed in Dart Sass 3.0.0.

More info and automated migrator: https://sass-lang.com/d/import

3 | @import "../../public/assets/scss/styles.scss"; 

src/styles/index.scss 4:9  root stylesheet



 ⚠ ./SOMI IT/LE MITOUARD/startix-nextjs/src/styles/index.scss
Issue while running loader
SassWarning: Deprecation Warning on line 3, column 8 of file:///Users/chandrelsomi/SOMI%20IT/LE%20MITOUARD/startix-nextjs/src/styles/index.scss:3:8:
Sass @import rules are deprecated and will be removed in Dart Sass 3.0.0.

More info and automated migrator: https://sass-lang.com/d/import

3 | @import "../../public/assets/scss/styles.scss"; 

src/styles/index.scss 4:9  root stylesheet



 ⚠ ./SOMI IT/LE MITOUARD/startix-nextjs/src/styles/index.scss
Issue while running loader
SassWarning: Deprecation Warning on line 3, column 8 of file:///Users/chandrelsomi/SOMI%20IT/LE%20MITOUARD/startix-nextjs/src/styles/index.scss:3:8:
Sass @import rules are deprecated and will be removed in Dart Sass 3.0.0.

More info and automated migrator: https://sass-lang.com/d/import

3 | @import "../../public/assets/scss/styles.scss"; 

src/styles/index.scss 4:9  root stylesheet



 ⚠ ./SOMI IT/LE MITOUARD/startix-nextjs/src/styles/index.scss
Issue while running loader
SassWarning: Deprecation Warning on line 3, column 8 of file:///Users/chandrelsomi/SOMI%20IT/LE%20MITOUARD/startix-nextjs/src/styles/index.scss:3:8:
Sass @import rules are deprecated and will be removed in Dart Sass 3.0.0.

More info and automated migrator: https://sass-lang.com/d/import

3 | @import "../../public/assets/scss/styles.scss"; 

src/styles/index.scss 4:9  root stylesheet



 ⚠ ./SOMI IT/LE MITOUARD/startix-nextjs/src/styles/index.scss
Issue while running loader
SassWarning: Deprecation Warning on line 3, column 8 of file:///Users/chandrelsomi/SOMI%20IT/LE%20MITOUARD/startix-nextjs/src/styles/index.scss:3:8:
Sass @import rules are deprecated and will be removed in Dart Sass 3.0.0.

More info and automated migrator: https://sass-lang.com/d/import

3 | @import "../../public/assets/scss/styles.scss"; 

src/styles/index.scss 4:9  root stylesheet



 ⚠ ./SOMI IT/LE MITOUARD/startix-nextjs/src/styles/index.scss
Issue while running loader
SassWarning: Deprecation Warning on line 3, column 8 of file:///Users/chandrelsomi/SOMI%20IT/LE%20MITOUARD/startix-nextjs/src/styles/index.scss:3:8:
Sass @import rules are deprecated and will be removed in Dart Sass 3.0.0.

More info and automated migrator: https://sass-lang.com/d/import

3 | @import "../../public/assets/scss/styles.scss"; 

src/styles/index.scss 4:9  root stylesheet



 ⚠ ./SOMI IT/LE MITOUARD/startix-nextjs/src/styles/index.scss
Issue while running loader
SassWarning: Deprecation Warning on line 3, column 8 of file:///Users/chandrelsomi/SOMI%20IT/LE%20MITOUARD/startix-nextjs/src/styles/index.scss:3:8:
Sass @import rules are deprecated and will be removed in Dart Sass 3.0.0.

More info and automated migrator: https://sass-lang.com/d/import

3 | @import "../../public/assets/scss/styles.scss"; 

src/styles/index.scss 4:9  root stylesheet



 ✓ Compiled in 35ms
 ⚠ ./SOMI IT/LE MITOUARD/startix-nextjs/src/styles/index.scss
Issue while running loader
SassWarning: Deprecation Warning on line 3, column 8 of file:///Users/chandrelsomi/SOMI%20IT/LE%20MITOUARD/startix-nextjs/src/styles/index.scss:3:8:
Sass @import rules are deprecated and will be removed in Dart Sass 3.0.0.

More info and automated migrator: https://sass-lang.com/d/import

3 | @import "../../public/assets/scss/styles.scss"; 

src/styles/index.scss 4:9  root stylesheet



 GET /home-2 200 in 285ms (compile: 104ms, render: 181ms)
 ⚠ ./SOMI IT/LE MITOUARD/startix-nextjs/src/styles/index.scss
Issue while running loader
SassWarning: Deprecation Warning on line 3, column 8 of file:///Users/chandrelsomi/SOMI%20IT/LE%20MITOUARD/startix-nextjs/src/styles/index.scss:3:8:
Sass @import rules are deprecated and will be removed in Dart Sass 3.0.0.

More info and automated migrator: https://sass-lang.com/d/import

3 | @import "../../public/assets/scss/styles.scss"; 

src/styles/index.scss 4:9  root stylesheet



 ⚠ ./SOMI IT/LE MITOUARD/startix-nextjs/src/styles/index.scss
Issue while running loader
SassWarning: Deprecation Warning on line 3, column 8 of file:///Users/chandrelsomi/SOMI%20IT/LE%20MITOUARD/startix-nextjs/src/styles/index.scss:3:8:
Sass @import rules are deprecated and will be removed in Dart Sass 3.0.0.

More info and automated migrator: https://sass-lang.com/d/import

3 | @import "../../public/assets/scss/styles.scss"; 

src/styles/index.scss 4:9  root stylesheet



 ⚠ ./SOMI IT/LE MITOUARD/startix-nextjs/src/styles/index.scss
Issue while running loader
SassWarning: Deprecation Warning on line 3, column 8 of file:///Users/chandrelsomi/SOMI%20IT/LE%20MITOUARD/startix-nextjs/src/styles/index.scss:3:8:
Sass @import rules are deprecated and will be removed in Dart Sass 3.0.0.

More info and automated migrator: https://sass-lang.com/d/import

3 | @import "../../public/assets/scss/styles.scss"; 

src/styles/index.scss 4:9  root stylesheet



 ⚠ ./SOMI IT/LE MITOUARD/startix-nextjs/src/styles/index.scss
Issue while running loader
SassWarning: Deprecation Warning on line 3, column 8 of file:///Users/chandrelsomi/SOMI%20IT/LE%20MITOUARD/startix-nextjs/src/styles/index.scss:3:8:
Sass @import rules are deprecated and will be removed in Dart Sass 3.0.0.

More info and automated migrator: https://sass-lang.com/d/import

3 | @import "../../public/assets/scss/styles.scss"; 

src/styles/index.scss 4:9  root stylesheet



 ⚠ ./SOMI IT/LE MITOUARD/startix-nextjs/src/styles/index.scss
Issue while running loader
SassWarning: Deprecation Warning on line 3, column 8 of file:///Users/chandrelsomi/SOMI%20IT/LE%20MITOUARD/startix-nextjs/src/styles/index.scss:3:8:
Sass @import rules are deprecated and will be removed in Dart Sass 3.0.0.

More info and automated migrator: https://sass-lang.com/d/import

3 | @import "../../public/assets/scss/styles.scss"; 

src/styles/index.scss 4:9  root stylesheet



 ⚠ ./SOMI IT/LE MITOUARD/startix-nextjs/src/styles/index.scss
Issue while running loader
SassWarning: Deprecation Warning on line 3, column 8 of file:///Users/chandrelsomi/SOMI%20IT/LE%20MITOUARD/startix-nextjs/src/styles/index.scss:3:8:
Sass @import rules are deprecated and will be removed in Dart Sass 3.0.0.

More info and automated migrator: https://sass-lang.com/d/import

3 | @import "../../public/assets/scss/styles.scss"; 

src/styles/index.scss 4:9  root stylesheet



 ⚠ ./SOMI IT/LE MITOUARD/startix-nextjs/src/styles/index.scss
Issue while running loader
SassWarning: Deprecation Warning on line 3, column 8 of file:///Users/chandrelsomi/SOMI%20IT/LE%20MITOUARD/startix-nextjs/src/styles/index.scss:3:8:
Sass @import rules are deprecated and will be removed in Dart Sass 3.0.0.

More info and automated migrator: https://sass-lang.com/d/import

3 | @import "../../public/assets/scss/styles.scss"; 

src/styles/index.scss 4:9  root stylesheet



 ⚠ ./SOMI IT/LE MITOUARD/startix-nextjs/src/styles/index.scss
Issue while running loader
SassWarning: Deprecation Warning on line 3, column 8 of file:///Users/chandrelsomi/SOMI%20IT/LE%20MITOUARD/startix-nextjs/src/styles/index.scss:3:8:
Sass @import rules are deprecated and will be removed in Dart Sass 3.0.0.

More info and automated migrator: https://sass-lang.com/d/import

3 | @import "../../public/assets/scss/styles.scss"; 

src/styles/index.scss 4:9  root stylesheet



 GET /.well-known/appspecific/com.chrome.devtools.json 200 in 78ms (compile: 6ms, render: 72ms)
 ✓ Compiled in 17ms
 ⚠ ./SOMI IT/LE MITOUARD/startix-nextjs/src/styles/index.scss
Issue while running loader
SassWarning: Deprecation Warning on line 3, column 8 of file:///Users/chandrelsomi/SOMI%20IT/LE%20MITOUARD/startix-nextjs/src/styles/index.scss:3:8:
Sass @import rules are deprecated and will be removed in Dart Sass 3.0.0.

More info and automated migrator: https://sass-lang.com/d/import

3 | @import "../../public/assets/scss/styles.scss"; 

src/styles/index.scss 4:9  root stylesheet



 GET /home-2 200 in 329ms (compile: 124ms, render: 205ms)
 ⚠ ./SOMI IT/LE MITOUARD/startix-nextjs/src/styles/index.scss
Issue while running loader
SassWarning: Deprecation Warning on line 3, column 8 of file:///Users/chandrelsomi/SOMI%20IT/LE%20MITOUARD/startix-nextjs/src/styles/index.scss:3:8:
Sass @import rules are deprecated and will be removed in Dart Sass 3.0.0.

More info and automated migrator: https://sass-lang.com/d/import

3 | @import "../../public/assets/scss/styles.scss"; 

src/styles/index.scss 4:9  root stylesheet



 GET /.well-known/appspecific/com.chrome.devtools.json 200 in 130ms (compile: 6ms, render: 124ms)
 ⚠ ./SOMI IT/LE MITOUARD/startix-nextjs/src/styles/index.scss
Issue while running loader
SassWarning: Deprecation Warning on line 3, column 8 of file:///Users/chandrelsomi/SOMI%20IT/LE%20MITOUARD/startix-nextjs/src/styles/index.scss:3:8:
Sass @import rules are deprecated and will be removed in Dart Sass 3.0.0.

More info and automated migrator: https://sass-lang.com/d/import

3 | @import "../../public/assets/scss/styles.scss"; 

src/styles/index.scss 4:9  root stylesheet



 ⚠ ./SOMI IT/LE MITOUARD/startix-nextjs/src/styles/index.scss
Issue while running loader
SassWarning: Deprecation Warning on line 3, column 8 of file:///Users/chandrelsomi/SOMI%20IT/LE%20MITOUARD/startix-nextjs/src/styles/index.scss:3:8:
Sass @import rules are deprecated and will be removed in Dart Sass 3.0.0.

More info and automated migrator: https://sass-lang.com/d/import

3 | @import "../../public/assets/scss/styles.scss"; 

src/styles/index.scss 4:9  root stylesheet



 ⚠ ./SOMI IT/LE MITOUARD/startix-nextjs/src/styles/index.scss
Issue while running loader
SassWarning: Deprecation Warning on line 3, column 8 of file:///Users/chandrelsomi/SOMI%20IT/LE%20MITOUARD/startix-nextjs/src/styles/index.scss:3:8:
Sass @import rules are deprecated and will be removed in Dart Sass 3.0.0.

More info and automated migrator: https://sass-lang.com/d/import

3 | @import "../../public/assets/scss/styles.scss"; 

src/styles/index.scss 4:9  root stylesheet



 ⚠ ./SOMI IT/LE MITOUARD/startix-nextjs/src/styles/index.scss
Issue while running loader
SassWarning: Deprecation Warning on line 3, column 8 of file:///Users/chandrelsomi/SOMI%20IT/LE%20MITOUARD/startix-nextjs/src/styles/index.scss:3:8:
Sass @import rules are deprecated and will be removed in Dart Sass 3.0.0.

More info and automated migrator: https://sass-lang.com/d/import

3 | @import "../../public/assets/scss/styles.scss"; 

src/styles/index.scss 4:9  root stylesheet



 ⚠ ./SOMI IT/LE MITOUARD/startix-nextjs/src/styles/index.scss
Issue while running loader
SassWarning: Deprecation Warning on line 3, column 8 of file:///Users/chandrelsomi/SOMI%20IT/LE%20MITOUARD/startix-nextjs/src/styles/index.scss:3:8:
Sass @import rules are deprecated and will be removed in Dart Sass 3.0.0.

More info and automated migrator: https://sass-lang.com/d/import

3 | @import "../../public/assets/scss/styles.scss"; 

src/styles/index.scss 4:9  root stylesheet



 ⚠ ./SOMI IT/LE MITOUARD/startix-nextjs/src/styles/index.scss
Issue while running loader
SassWarning: Deprecation Warning on line 3, column 8 of file:///Users/chandrelsomi/SOMI%20IT/LE%20MITOUARD/startix-nextjs/src/styles/index.scss:3:8:
Sass @import rules are deprecated and will be removed in Dart Sass 3.0.0.

More info and automated migrator: https://sass-lang.com/d/import

3 | @import "../../public/assets/scss/styles.scss"; 

src/styles/index.scss 4:9  root stylesheet



 ⚠ ./SOMI IT/LE MITOUARD/startix-nextjs/src/styles/index.scss
Issue while running loader
SassWarning: Deprecation Warning on line 3, column 8 of file:///Users/chandrelsomi/SOMI%20IT/LE%20MITOUARD/startix-nextjs/src/styles/index.scss:3:8:
Sass @import rules are deprecated and will be removed in Dart Sass 3.0.0.

More info and automated migrator: https://sass-lang.com/d/import

3 | @import "../../public/assets/scss/styles.scss"; 

src/styles/index.scss 4:9  root stylesheet



 ⚠ ./SOMI IT/LE MITOUARD/startix-nextjs/src/styles/index.scss
Issue while running loader
SassWarning: Deprecation Warning on line 3, column 8 of file:///Users/chandrelsomi/SOMI%20IT/LE%20MITOUARD/startix-nextjs/src/styles/index.scss:3:8:
Sass @import rules are deprecated and will be removed in Dart Sass 3.0.0.

More info and automated migrator: https://sass-lang.com/d/import

3 | @import "../../public/assets/scss/styles.scss"; 

src/styles/index.scss 4:9  root stylesheet



 GET /home-2 200 in 95ms (compile: 12ms, render: 83ms)
 ⚠ ./SOMI IT/LE MITOUARD/startix-nextjs/src/styles/index.scss
Issue while running loader
SassWarning: Deprecation Warning on line 3, column 8 of file:///Users/chandrelsomi/SOMI%20IT/LE%20MITOUARD/startix-nextjs/src/styles/index.scss:3:8:
Sass @import rules are deprecated and will be removed in Dart Sass 3.0.0.

More info and automated migrator: https://sass-lang.com/d/import

3 | @import "../../public/assets/scss/styles.scss"; 

src/styles/index.scss 4:9  root stylesheet



 GET /.well-known/appspecific/com.chrome.devtools.json 200 in 118ms (compile: 15ms, render: 104ms)
 ⚠ ./SOMI IT/LE MITOUARD/startix-nextjs/src/styles/index.scss
Issue while running loader
SassWarning: Deprecation Warning on line 3, column 8 of file:///Users/chandrelsomi/SOMI%20IT/LE%20MITOUARD/startix-nextjs/src/styles/index.scss:3:8:
Sass @import rules are deprecated and will be removed in Dart Sass 3.0.0.

More info and automated migrator: https://sass-lang.com/d/import

3 | @import "../../public/assets/scss/styles.scss"; 

src/styles/index.scss 4:9  root stylesheet



 ⚠ ./SOMI IT/LE MITOUARD/startix-nextjs/src/styles/index.scss
Issue while running loader
SassWarning: Deprecation Warning on line 3, column 8 of file:///Users/chandrelsomi/SOMI%20IT/LE%20MITOUARD/startix-nextjs/src/styles/index.scss:3:8:
Sass @import rules are deprecated and will be removed in Dart Sass 3.0.0.

More info and automated migrator: https://sass-lang.com/d/import

3 | @import "../../public/assets/scss/styles.scss"; 

src/styles/index.scss 4:9  root stylesheet



 ⚠ ./SOMI IT/LE MITOUARD/startix-nextjs/src/styles/index.scss
Issue while running loader
SassWarning: Deprecation Warning on line 3, column 8 of file:///Users/chandrelsomi/SOMI%20IT/LE%20MITOUARD/startix-nextjs/src/styles/index.scss:3:8:
Sass @import rules are deprecated and will be removed in Dart Sass 3.0.0.

More info and automated migrator: https://sass-lang.com/d/import

3 | @import "../../public/assets/scss/styles.scss"; 

src/styles/index.scss 4:9  root stylesheet



 ⚠ ./SOMI IT/LE MITOUARD/startix-nextjs/src/styles/index.scss
Issue while running loader
SassWarning: Deprecation Warning on line 3, column 8 of file:///Users/chandrelsomi/SOMI%20IT/LE%20MITOUARD/startix-nextjs/src/styles/index.scss:3:8:
Sass @import rules are deprecated and will be removed in Dart Sass 3.0.0.

More info and automated migrator: https://sass-lang.com/d/import

3 | @import "../../public/assets/scss/styles.scss"; 

src/styles/index.scss 4:9  root stylesheet



 ⚠ ./SOMI IT/LE MITOUARD/startix-nextjs/src/styles/index.scss
Issue while running loader
SassWarning: Deprecation Warning on line 3, column 8 of file:///Users/chandrelsomi/SOMI%20IT/LE%20MITOUARD/startix-nextjs/src/styles/index.scss:3:8:
Sass @import rules are deprecated and will be removed in Dart Sass 3.0.0.

More info and automated migrator: https://sass-lang.com/d/import

3 | @import "../../public/assets/scss/styles.scss"; 

src/styles/index.scss 4:9  root stylesheet



 ⚠ ./SOMI IT/LE MITOUARD/startix-nextjs/src/styles/index.scss
Issue while running loader
SassWarning: Deprecation Warning on line 3, column 8 of file:///Users/chandrelsomi/SOMI%20IT/LE%20MITOUARD/startix-nextjs/src/styles/index.scss:3:8:
Sass @import rules are deprecated and will be removed in Dart Sass 3.0.0.

More info and automated migrator: https://sass-lang.com/d/import

3 | @import "../../public/assets/scss/styles.scss"; 

src/styles/index.scss 4:9  root stylesheet



 ⚠ ./SOMI IT/LE MITOUARD/startix-nextjs/src/styles/index.scss
Issue while running loader
SassWarning: Deprecation Warning on line 3, column 8 of file:///Users/chandrelsomi/SOMI%20IT/LE%20MITOUARD/startix-nextjs/src/styles/index.scss:3:8:
Sass @import rules are deprecated and will be removed in Dart Sass 3.0.0.

More info and automated migrator: https://sass-lang.com/d/import

3 | @import "../../public/assets/scss/styles.scss"; 

src/styles/index.scss 4:9  root stylesheet



 ✓ Compiled in 16ms
 ⚠ ./SOMI IT/LE MITOUARD/startix-nextjs/src/styles/index.scss
Issue while running loader
SassWarning: Deprecation Warning on line 3, column 8 of file:///Users/chandrelsomi/SOMI%20IT/LE%20MITOUARD/startix-nextjs/src/styles/index.scss:3:8:
Sass @import rules are deprecated and will be removed in Dart Sass 3.0.0.

More info and automated migrator: https://sass-lang.com/d/import

3 | @import "../../public/assets/scss/styles.scss"; 

src/styles/index.scss 4:9  root stylesheet



 GET /home-2 200 in 289ms (compile: 99ms, render: 190ms)
 ⚠ ./SOMI IT/LE MITOUARD/startix-nextjs/src/styles/index.scss
Issue while running loader
SassWarning: Deprecation Warning on line 3, column 8 of file:///Users/chandrelsomi/SOMI%20IT/LE%20MITOUARD/startix-nextjs/src/styles/index.scss:3:8:
Sass @import rules are deprecated and will be removed in Dart Sass 3.0.0.

More info and automated migrator: https://sass-lang.com/d/import

3 | @import "../../public/assets/scss/styles.scss"; 

src/styles/index.scss 4:9  root stylesheet



 GET /.well-known/appspecific/com.chrome.devtools.json 200 in 72ms (compile: 6ms, render: 66ms)
 ⚠ ./SOMI IT/LE MITOUARD/startix-nextjs/src/styles/index.scss
Issue while running loader
SassWarning: Deprecation Warning on line 3, column 8 of file:///Users/chandrelsomi/SOMI%20IT/LE%20MITOUARD/startix-nextjs/src/styles/index.scss:3:8:
Sass @import rules are deprecated and will be removed in Dart Sass 3.0.0.

More info and automated migrator: https://sass-lang.com/d/import

3 | @import "../../public/assets/scss/styles.scss"; 

src/styles/index.scss 4:9  root stylesheet



 ⚠ ./SOMI IT/LE MITOUARD/startix-nextjs/src/styles/index.scss
Issue while running loader
SassWarning: Deprecation Warning on line 3, column 8 of file:///Users/chandrelsomi/SOMI%20IT/LE%20MITOUARD/startix-nextjs/src/styles/index.scss:3:8:
Sass @import rules are deprecated and will be removed in Dart Sass 3.0.0.

More info and automated migrator: https://sass-lang.com/d/import

3 | @import "../../public/assets/scss/styles.scss"; 

src/styles/index.scss 4:9  root stylesheet



 ⚠ ./SOMI IT/LE MITOUARD/startix-nextjs/src/styles/index.scss
Issue while running loader
SassWarning: Deprecation Warning on line 3, column 8 of file:///Users/chandrelsomi/SOMI%20IT/LE%20MITOUARD/startix-nextjs/src/styles/index.scss:3:8:
Sass @import rules are deprecated and will be removed in Dart Sass 3.0.0.

More info and automated migrator: https://sass-lang.com/d/import

3 | @import "../../public/assets/scss/styles.scss"; 

src/styles/index.scss 4:9  root stylesheet



 ⚠ ./SOMI IT/LE MITOUARD/startix-nextjs/src/styles/index.scss
Issue while running loader
SassWarning: Deprecation Warning on line 3, column 8 of file:///Users/chandrelsomi/SOMI%20IT/LE%20MITOUARD/startix-nextjs/src/styles/index.scss:3:8:
Sass @import rules are deprecated and will be removed in Dart Sass 3.0.0.

More info and automated migrator: https://sass-lang.com/d/import

3 | @import "../../public/assets/scss/styles.scss"; 

src/styles/index.scss 4:9  root stylesheet



 ⚠ ./SOMI IT/LE MITOUARD/startix-nextjs/src/styles/index.scss
Issue while running loader
SassWarning: Deprecation Warning on line 3, column 8 of file:///Users/chandrelsomi/SOMI%20IT/LE%20MITOUARD/startix-nextjs/src/styles/index.scss:3:8:
Sass @import rules are deprecated and will be removed in Dart Sass 3.0.0.

More info and automated migrator: https://sass-lang.com/d/import

3 | @import "../../public/assets/scss/styles.scss"; 

src/styles/index.scss 4:9  root stylesheet



 ⚠ ./SOMI IT/LE MITOUARD/startix-nextjs/src/styles/index.scss
Issue while running loader
SassWarning: Deprecation Warning on line 3, column 8 of file:///Users/chandrelsomi/SOMI%20IT/LE%20MITOUARD/startix-nextjs/src/styles/index.scss:3:8:
Sass @import rules are deprecated and will be removed in Dart Sass 3.0.0.

More info and automated migrator: https://sass-lang.com/d/import

3 | @import "../../public/assets/scss/styles.scss"; 

src/styles/index.scss 4:9  root stylesheet



 ⚠ ./SOMI IT/LE MITOUARD/startix-nextjs/src/styles/index.scss
Issue while running loader
SassWarning: Deprecation Warning on line 3, column 8 of file:///Users/chandrelsomi/SOMI%20IT/LE%20MITOUARD/startix-nextjs/src/styles/index.scss:3:8:
Sass @import rules are deprecated and will be removed in Dart Sass 3.0.0.

More info and automated migrator: https://sass-lang.com/d/import

3 | @import "../../public/assets/scss/styles.scss"; 

src/styles/index.scss 4:9  root stylesheet



 ✓ Compiled in 23ms
 ⚠ ./SOMI IT/LE MITOUARD/startix-nextjs/src/styles/index.scss
Issue while running loader
SassWarning: Deprecation Warning on line 3, column 8 of file:///Users/chandrelsomi/SOMI%20IT/LE%20MITOUARD/startix-nextjs/src/styles/index.scss:3:8:
Sass @import rules are deprecated and will be removed in Dart Sass 3.0.0.

More info and automated migrator: https://sass-lang.com/d/import

3 | @import "../../public/assets/scss/styles.scss"; 

src/styles/index.scss 4:9  root stylesheet



 GET /home-2 200 in 299ms (compile: 113ms, render: 187ms)
 ⚠ ./SOMI IT/LE MITOUARD/startix-nextjs/src/styles/index.scss
Issue while running loader
SassWarning: Deprecation Warning on line 3, column 8 of file:///Users/chandrelsomi/SOMI%20IT/LE%20MITOUARD/startix-nextjs/src/styles/index.scss:3:8:
Sass @import rules are deprecated and will be removed in Dart Sass 3.0.0.

More info and automated migrator: https://sass-lang.com/d/import

3 | @import "../../public/assets/scss/styles.scss"; 

src/styles/index.scss 4:9  root stylesheet



 GET /.well-known/appspecific/com.chrome.devtools.json 200 in 141ms (compile: 11ms, render: 130ms)
 ⚠ ./SOMI IT/LE MITOUARD/startix-nextjs/src/styles/index.scss
Issue while running loader
SassWarning: Deprecation Warning on line 3, column 8 of file:///Users/chandrelsomi/SOMI%20IT/LE%20MITOUARD/startix-nextjs/src/styles/index.scss:3:8:
Sass @import rules are deprecated and will be removed in Dart Sass 3.0.0.

More info and automated migrator: https://sass-lang.com/d/import

3 | @import "../../public/assets/scss/styles.scss"; 

src/styles/index.scss 4:9  root stylesheet



 ⚠ ./SOMI IT/LE MITOUARD/startix-nextjs/src/styles/index.scss
Issue while running loader
SassWarning: Deprecation Warning on line 3, column 8 of file:///Users/chandrelsomi/SOMI%20IT/LE%20MITOUARD/startix-nextjs/src/styles/index.scss:3:8:
Sass @import rules are deprecated and will be removed in Dart Sass 3.0.0.

More info and automated migrator: https://sass-lang.com/d/import

3 | @import "../../public/assets/scss/styles.scss"; 

src/styles/index.scss 4:9  root stylesheet



 ⚠ ./SOMI IT/LE MITOUARD/startix-nextjs/src/styles/index.scss
Issue while running loader
SassWarning: Deprecation Warning on line 3, column 8 of file:///Users/chandrelsomi/SOMI%20IT/LE%20MITOUARD/startix-nextjs/src/styles/index.scss:3:8:
Sass @import rules are deprecated and will be removed in Dart Sass 3.0.0.

More info and automated migrator: https://sass-lang.com/d/import

3 | @import "../../public/assets/scss/styles.scss"; 

src/styles/index.scss 4:9  root stylesheet



 ⚠ ./SOMI IT/LE MITOUARD/startix-nextjs/src/styles/index.scss
Issue while running loader
SassWarning: Deprecation Warning on line 3, column 8 of file:///Users/chandrelsomi/SOMI%20IT/LE%20MITOUARD/startix-nextjs/src/styles/index.scss:3:8:
Sass @import rules are deprecated and will be removed in Dart Sass 3.0.0.

More info and automated migrator: https://sass-lang.com/d/import

3 | @import "../../public/assets/scss/styles.scss"; 

src/styles/index.scss 4:9  root stylesheet



 ⚠ ./SOMI IT/LE MITOUARD/startix-nextjs/src/styles/index.scss
Issue while running loader
SassWarning: Deprecation Warning on line 3, column 8 of file:///Users/chandrelsomi/SOMI%20IT/LE%20MITOUARD/startix-nextjs/src/styles/index.scss:3:8:
Sass @import rules are deprecated and will be removed in Dart Sass 3.0.0.

More info and automated migrator: https://sass-lang.com/d/import

3 | @import "../../public/assets/scss/styles.scss"; 

src/styles/index.scss 4:9  root stylesheet



 ⚠ ./SOMI IT/LE MITOUARD/startix-nextjs/src/styles/index.scss
Issue while running loader
SassWarning: Deprecation Warning on line 3, column 8 of file:///Users/chandrelsomi/SOMI%20IT/LE%20MITOUARD/startix-nextjs/src/styles/index.scss:3:8:
Sass @import rules are deprecated and will be removed in Dart Sass 3.0.0.

More info and automated migrator: https://sass-lang.com/d/import

3 | @import "../../public/assets/scss/styles.scss"; 

src/styles/index.scss 4:9  root stylesheet



 ⚠ ./SOMI IT/LE MITOUARD/startix-nextjs/src/styles/index.scss
Issue while running loader
SassWarning: Deprecation Warning on line 3, column 8 of file:///Users/chandrelsomi/SOMI%20IT/LE%20MITOUARD/startix-nextjs/src/styles/index.scss:3:8:
Sass @import rules are deprecated and will be removed in Dart Sass 3.0.0.

More info and automated migrator: https://sass-lang.com/d/import

3 | @import "../../public/assets/scss/styles.scss"; 

src/styles/index.scss 4:9  root stylesheet



 ✓ Compiled in 34ms
 ⚠ ./SOMI IT/LE MITOUARD/startix-nextjs/src/styles/index.scss
Issue while running loader
SassWarning: Deprecation Warning on line 3, column 8 of file:///Users/chandrelsomi/SOMI%20IT/LE%20MITOUARD/startix-nextjs/src/styles/index.scss:3:8:
Sass @import rules are deprecated and will be removed in Dart Sass 3.0.0.

More info and automated migrator: https://sass-lang.com/d/import

3 | @import "../../public/assets/scss/styles.scss"; 

src/styles/index.scss 4:9  root stylesheet



 GET /home-2 200 in 284ms (compile: 102ms, render: 181ms)
 ⚠ ./SOMI IT/LE MITOUARD/startix-nextjs/src/styles/index.scss
Issue while running loader
SassWarning: Deprecation Warning on line 3, column 8 of file:///Users/chandrelsomi/SOMI%20IT/LE%20MITOUARD/startix-nextjs/src/styles/index.scss:3:8:
Sass @import rules are deprecated and will be removed in Dart Sass 3.0.0.

More info and automated migrator: https://sass-lang.com/d/import

3 | @import "../../public/assets/scss/styles.scss"; 

src/styles/index.scss 4:9  root stylesheet



 GET /.well-known/appspecific/com.chrome.devtools.json 200 in 110ms (compile: 7ms, render: 102ms)
 ⚠ ./SOMI IT/LE MITOUARD/startix-nextjs/src/styles/index.scss
Issue while running loader
SassWarning: Deprecation Warning on line 3, column 8 of file:///Users/chandrelsomi/SOMI%20IT/LE%20MITOUARD/startix-nextjs/src/styles/index.scss:3:8:
Sass @import rules are deprecated and will be removed in Dart Sass 3.0.0.

More info and automated migrator: https://sass-lang.com/d/import

3 | @import "../../public/assets/scss/styles.scss"; 

src/styles/index.scss 4:9  root stylesheet



 ⚠ ./SOMI IT/LE MITOUARD/startix-nextjs/src/styles/index.scss
Issue while running loader
SassWarning: Deprecation Warning on line 3, column 8 of file:///Users/chandrelsomi/SOMI%20IT/LE%20MITOUARD/startix-nextjs/src/styles/index.scss:3:8:
Sass @import rules are deprecated and will be removed in Dart Sass 3.0.0.

More info and automated migrator: https://sass-lang.com/d/import

3 | @import "../../public/assets/scss/styles.scss"; 

src/styles/index.scss 4:9  root stylesheet



 ⚠ ./SOMI IT/LE MITOUARD/startix-nextjs/src/styles/index.scss
Issue while running loader
SassWarning: Deprecation Warning on line 3, column 8 of file:///Users/chandrelsomi/SOMI%20IT/LE%20MITOUARD/startix-nextjs/src/styles/index.scss:3:8:
Sass @import rules are deprecated and will be removed in Dart Sass 3.0.0.

More info and automated migrator: https://sass-lang.com/d/import

3 | @import "../../public/assets/scss/styles.scss"; 

src/styles/index.scss 4:9  root stylesheet



 ⚠ ./SOMI IT/LE MITOUARD/startix-nextjs/src/styles/index.scss
Issue while running loader
SassWarning: Deprecation Warning on line 3, column 8 of file:///Users/chandrelsomi/SOMI%20IT/LE%20MITOUARD/startix-nextjs/src/styles/index.scss:3:8:
Sass @import rules are deprecated and will be removed in Dart Sass 3.0.0.

More info and automated migrator: https://sass-lang.com/d/import

3 | @import "../../public/assets/scss/styles.scss"; 

src/styles/index.scss 4:9  root stylesheet



 ⚠ ./SOMI IT/LE MITOUARD/startix-nextjs/src/styles/index.scss
Issue while running loader
SassWarning: Deprecation Warning on line 3, column 8 of file:///Users/chandrelsomi/SOMI%20IT/LE%20MITOUARD/startix-nextjs/src/styles/index.scss:3:8:
Sass @import rules are deprecated and will be removed in Dart Sass 3.0.0.

More info and automated migrator: https://sass-lang.com/d/import

3 | @import "../../public/assets/scss/styles.scss"; 

src/styles/index.scss 4:9  root stylesheet



 ⚠ ./SOMI IT/LE MITOUARD/startix-nextjs/src/styles/index.scss
Issue while running loader
SassWarning: Deprecation Warning on line 3, column 8 of file:///Users/chandrelsomi/SOMI%20IT/LE%20MITOUARD/startix-nextjs/src/styles/index.scss:3:8:
Sass @import rules are deprecated and will be removed in Dart Sass 3.0.0.

More info and automated migrator: https://sass-lang.com/d/import

3 | @import "../../public/assets/scss/styles.scss"; 

src/styles/index.scss 4:9  root stylesheet



 ⚠ ./SOMI IT/LE MITOUARD/startix-nextjs/src/styles/index.scss
Issue while running loader
SassWarning: Deprecation Warning on line 3, column 8 of file:///Users/chandrelsomi/SOMI%20IT/LE%20MITOUARD/startix-nextjs/src/styles/index.scss:3:8:
Sass @import rules are deprecated and will be removed in Dart Sass 3.0.0.

More info and automated migrator: https://sass-lang.com/d/import

3 | @import "../../public/assets/scss/styles.scss"; 

src/styles/index.scss 4:9  root stylesheet



 ✓ Compiled in 19ms
 ✓ Compiled in 25ms
 ⚠ ./SOMI IT/LE MITOUARD/startix-nextjs/src/styles/index.scss
Issue while running loader
SassWarning: Deprecation Warning on line 3, column 8 of file:///Users/chandrelsomi/SOMI%20IT/LE%20MITOUARD/startix-nextjs/src/styles/index.scss:3:8:
Sass @import rules are deprecated and will be removed in Dart Sass 3.0.0.

More info and automated migrator: https://sass-lang.com/d/import

3 | @import "../../public/assets/scss/styles.scss"; 

src/styles/index.scss 4:9  root stylesheet



 GET /home-2 200 in 301ms (compile: 101ms, render: 200ms)
 ⚠ ./SOMI IT/LE MITOUARD/startix-nextjs/src/styles/index.scss
Issue while running loader
SassWarning: Deprecation Warning on line 3, column 8 of file:///Users/chandrelsomi/SOMI%20IT/LE%20MITOUARD/startix-nextjs/src/styles/index.scss:3:8:
Sass @import rules are deprecated and will be removed in Dart Sass 3.0.0.

More info and automated migrator: https://sass-lang.com/d/import

3 | @import "../../public/assets/scss/styles.scss"; 

src/styles/index.scss 4:9  root stylesheet



 GET /.well-known/appspecific/com.chrome.devtools.json 200 in 117ms (compile: 14ms, render: 103ms)
 ⚠ ./SOMI IT/LE MITOUARD/startix-nextjs/src/styles/index.scss
Issue while running loader
SassWarning: Deprecation Warning on line 3, column 8 of file:///Users/chandrelsomi/SOMI%20IT/LE%20MITOUARD/startix-nextjs/src/styles/index.scss:3:8:
Sass @import rules are deprecated and will be removed in Dart Sass 3.0.0.

More info and automated migrator: https://sass-lang.com/d/import

3 | @import "../../public/assets/scss/styles.scss"; 

src/styles/index.scss 4:9  root stylesheet



 ⚠ ./SOMI IT/LE MITOUARD/startix-nextjs/src/styles/index.scss
Issue while running loader
SassWarning: Deprecation Warning on line 3, column 8 of file:///Users/chandrelsomi/SOMI%20IT/LE%20MITOUARD/startix-nextjs/src/styles/index.scss:3:8:
Sass @import rules are deprecated and will be removed in Dart Sass 3.0.0.

More info and automated migrator: https://sass-lang.com/d/import

3 | @import "../../public/assets/scss/styles.scss"; 

src/styles/index.scss 4:9  root stylesheet



 ⚠ ./SOMI IT/LE MITOUARD/startix-nextjs/src/styles/index.scss
Issue while running loader
SassWarning: Deprecation Warning on line 3, column 8 of file:///Users/chandrelsomi/SOMI%20IT/LE%20MITOUARD/startix-nextjs/src/styles/index.scss:3:8:
Sass @import rules are deprecated and will be removed in Dart Sass 3.0.0.

More info and automated migrator: https://sass-lang.com/d/import

3 | @import "../../public/assets/scss/styles.scss"; 

src/styles/index.scss 4:9  root stylesheet



 ⚠ ./SOMI IT/LE MITOUARD/startix-nextjs/src/styles/index.scss
Issue while running loader
SassWarning: Deprecation Warning on line 3, column 8 of file:///Users/chandrelsomi/SOMI%20IT/LE%20MITOUARD/startix-nextjs/src/styles/index.scss:3:8:
Sass @import rules are deprecated and will be removed in Dart Sass 3.0.0.

More info and automated migrator: https://sass-lang.com/d/import

3 | @import "../../public/assets/scss/styles.scss"; 

src/styles/index.scss 4:9  root stylesheet



 ⚠ ./SOMI IT/LE MITOUARD/startix-nextjs/src/styles/index.scss
Issue while running loader
SassWarning: Deprecation Warning on line 3, column 8 of file:///Users/chandrelsomi/SOMI%20IT/LE%20MITOUARD/startix-nextjs/src/styles/index.scss:3:8:
Sass @import rules are deprecated and will be removed in Dart Sass 3.0.0.

More info and automated migrator: https://sass-lang.com/d/import

3 | @import "../../public/assets/scss/styles.scss"; 

src/styles/index.scss 4:9  root stylesheet



 ⚠ ./SOMI IT/LE MITOUARD/startix-nextjs/src/styles/index.scss
Issue while running loader
SassWarning: Deprecation Warning on line 3, column 8 of file:///Users/chandrelsomi/SOMI%20IT/LE%20MITOUARD/startix-nextjs/src/styles/index.scss:3:8:
Sass @import rules are deprecated and will be removed in Dart Sass 3.0.0.

More info and automated migrator: https://sass-lang.com/d/import

3 | @import "../../public/assets/scss/styles.scss"; 

src/styles/index.scss 4:9  root stylesheet



 ⚠ ./SOMI IT/LE MITOUARD/startix-nextjs/src/styles/index.scss
Issue while running loader
SassWarning: Deprecation Warning on line 3, column 8 of file:///Users/chandrelsomi/SOMI%20IT/LE%20MITOUARD/startix-nextjs/src/styles/index.scss:3:8:
Sass @import rules are deprecated and will be removed in Dart Sass 3.0.0.

More info and automated migrator: https://sass-lang.com/d/import

3 | @import "../../public/assets/scss/styles.scss"; 

src/styles/index.scss 4:9  root stylesheet



 ⚠ ./SOMI IT/LE MITOUARD/startix-nextjs/src/styles/index.scss
Issue while running loader
SassWarning: Deprecation Warning on line 3, column 8 of file:///Users/chandrelsomi/SOMI%20IT/LE%20MITOUARD/startix-nextjs/src/styles/index.scss:3:8:
Sass @import rules are deprecated and will be removed in Dart Sass 3.0.0.

More info and automated migrator: https://sass-lang.com/d/import

3 | @import "../../public/assets/scss/styles.scss"; 

src/styles/index.scss 4:9  root stylesheet



 GET /home-2 200 in 110ms (compile: 16ms, render: 94ms)
 ⚠ ./SOMI IT/LE MITOUARD/startix-nextjs/src/styles/index.scss
Issue while running loader
SassWarning: Deprecation Warning on line 3, column 8 of file:///Users/chandrelsomi/SOMI%20IT/LE%20MITOUARD/startix-nextjs/src/styles/index.scss:3:8:
Sass @import rules are deprecated and will be removed in Dart Sass 3.0.0.

More info and automated migrator: https://sass-lang.com/d/import

3 | @import "../../public/assets/scss/styles.scss"; 

src/styles/index.scss 4:9  root stylesheet



 GET /.well-known/appspecific/com.chrome.devtools.json 200 in 118ms (compile: 6ms, render: 112ms)
 ⚠ ./SOMI IT/LE MITOUARD/startix-nextjs/src/styles/index.scss
Issue while running loader
SassWarning: Deprecation Warning on line 3, column 8 of file:///Users/chandrelsomi/SOMI%20IT/LE%20MITOUARD/startix-nextjs/src/styles/index.scss:3:8:
Sass @import rules are deprecated and will be removed in Dart Sass 3.0.0.

More info and automated migrator: https://sass-lang.com/d/import

3 | @import "../../public/assets/scss/styles.scss"; 

src/styles/index.scss 4:9  root stylesheet



 ⚠ ./SOMI IT/LE MITOUARD/startix-nextjs/src/styles/index.scss
Issue while running loader
SassWarning: Deprecation Warning on line 3, column 8 of file:///Users/chandrelsomi/SOMI%20IT/LE%20MITOUARD/startix-nextjs/src/styles/index.scss:3:8:
Sass @import rules are deprecated and will be removed in Dart Sass 3.0.0.

More info and automated migrator: https://sass-lang.com/d/import

3 | @import "../../public/assets/scss/styles.scss"; 

src/styles/index.scss 4:9  root stylesheet



 ⚠ ./SOMI IT/LE MITOUARD/startix-nextjs/src/styles/index.scss
Issue while running loader
SassWarning: Deprecation Warning on line 3, column 8 of file:///Users/chandrelsomi/SOMI%20IT/LE%20MITOUARD/startix-nextjs/src/styles/index.scss:3:8:
Sass @import rules are deprecated and will be removed in Dart Sass 3.0.0.

More info and automated migrator: https://sass-lang.com/d/import

3 | @import "../../public/assets/scss/styles.scss"; 

src/styles/index.scss 4:9  root stylesheet



 ⚠ ./SOMI IT/LE MITOUARD/startix-nextjs/src/styles/index.scss
Issue while running loader
SassWarning: Deprecation Warning on line 3, column 8 of file:///Users/chandrelsomi/SOMI%20IT/LE%20MITOUARD/startix-nextjs/src/styles/index.scss:3:8:
Sass @import rules are deprecated and will be removed in Dart Sass 3.0.0.

More info and automated migrator: https://sass-lang.com/d/import

3 | @import "../../public/assets/scss/styles.scss"; 

src/styles/index.scss 4:9  root stylesheet



 ⚠ ./SOMI IT/LE MITOUARD/startix-nextjs/src/styles/index.scss
Issue while running loader
SassWarning: Deprecation Warning on line 3, column 8 of file:///Users/chandrelsomi/SOMI%20IT/LE%20MITOUARD/startix-nextjs/src/styles/index.scss:3:8:
Sass @import rules are deprecated and will be removed in Dart Sass 3.0.0.

More info and automated migrator: https://sass-lang.com/d/import

3 | @import "../../public/assets/scss/styles.scss"; 

src/styles/index.scss 4:9  root stylesheet



 ⚠ ./SOMI IT/LE MITOUARD/startix-nextjs/src/styles/index.scss
Issue while running loader
SassWarning: Deprecation Warning on line 3, column 8 of file:///Users/chandrelsomi/SOMI%20IT/LE%20MITOUARD/startix-nextjs/src/styles/index.scss:3:8:
Sass @import rules are deprecated and will be removed in Dart Sass 3.0.0.

More info and automated migrator: https://sass-lang.com/d/import

3 | @import "../../public/assets/scss/styles.scss"; 

src/styles/index.scss 4:9  root stylesheet



 ⚠ ./SOMI IT/LE MITOUARD/startix-nextjs/src/styles/index.scss
Issue while running loader
SassWarning: Deprecation Warning on line 3, column 8 of file:///Users/chandrelsomi/SOMI%20IT/LE%20MITOUARD/startix-nextjs/src/styles/index.scss:3:8:
Sass @import rules are deprecated and will be removed in Dart Sass 3.0.0.

More info and automated migrator: https://sass-lang.com/d/import

3 | @import "../../public/assets/scss/styles.scss"; 

src/styles/index.scss 4:9  root stylesheet



 ✓ Compiled in 15ms
 ⚠ ./SOMI IT/LE MITOUARD/startix-nextjs/src/styles/index.scss
Issue while running loader
SassWarning: Deprecation Warning on line 3, column 8 of file:///Users/chandrelsomi/SOMI%20IT/LE%20MITOUARD/startix-nextjs/src/styles/index.scss:3:8:
Sass @import rules are deprecated and will be removed in Dart Sass 3.0.0.

More info and automated migrator: https://sass-lang.com/d/import

3 | @import "../../public/assets/scss/styles.scss"; 

src/styles/index.scss 4:9  root stylesheet



 GET /.well-known/appspecific/com.chrome.devtools.json 200 in 117ms (compile: 4ms, render: 113ms)
 ⚠ ./SOMI IT/LE MITOUARD/startix-nextjs/src/styles/index.scss
Issue while running loader
SassWarning: Deprecation Warning on line 3, column 8 of file:///Users/chandrelsomi/SOMI%20IT/LE%20MITOUARD/startix-nextjs/src/styles/index.scss:3:8:
Sass @import rules are deprecated and will be removed in Dart Sass 3.0.0.

More info and automated migrator: https://sass-lang.com/d/import

3 | @import "../../public/assets/scss/styles.scss"; 

src/styles/index.scss 4:9  root stylesheet



 GET /.well-known/appspecific/com.chrome.devtools.json 200 in 130ms (compile: 5ms, render: 125ms)
 ✓ Compiled in 15ms
 ⚠ ./SOMI IT/LE MITOUARD/startix-nextjs/src/styles/index.scss
Issue while running loader
SassWarning: Deprecation Warning on line 3, column 8 of file:///Users/chandrelsomi/SOMI%20IT/LE%20MITOUARD/startix-nextjs/src/styles/index.scss:3:8:
Sass @import rules are deprecated and will be removed in Dart Sass 3.0.0.

More info and automated migrator: https://sass-lang.com/d/import

3 | @import "../../public/assets/scss/styles.scss"; 

src/styles/index.scss 4:9  root stylesheet



 ⚠ ./SOMI IT/LE MITOUARD/startix-nextjs/src/styles/index.scss
Issue while running loader
SassWarning: Deprecation Warning on line 3, column 8 of file:///Users/chandrelsomi/SOMI%20IT/LE%20MITOUARD/startix-nextjs/src/styles/index.scss:3:8:
Sass @import rules are deprecated and will be removed in Dart Sass 3.0.0.

More info and automated migrator: https://sass-lang.com/d/import

3 | @import "../../public/assets/scss/styles.scss"; 

src/styles/index.scss 4:9  root stylesheet



 ⚠ ./SOMI IT/LE MITOUARD/startix-nextjs/src/styles/index.scss
Issue while running loader
SassWarning: Deprecation Warning on line 3, column 8 of file:///Users/chandrelsomi/SOMI%20IT/LE%20MITOUARD/startix-nextjs/src/styles/index.scss:3:8:
Sass @import rules are deprecated and will be removed in Dart Sass 3.0.0.

More info and automated migrator: https://sass-lang.com/d/import

3 | @import "../../public/assets/scss/styles.scss"; 

src/styles/index.scss 4:9  root stylesheet



 ⚠ ./SOMI IT/LE MITOUARD/startix-nextjs/src/styles/index.scss
Issue while running loader
SassWarning: Deprecation Warning on line 3, column 8 of file:///Users/chandrelsomi/SOMI%20IT/LE%20MITOUARD/startix-nextjs/src/styles/index.scss:3:8:
Sass @import rules are deprecated and will be removed in Dart Sass 3.0.0.

More info and automated migrator: https://sass-lang.com/d/import

3 | @import "../../public/assets/scss/styles.scss"; 

src/styles/index.scss 4:9  root stylesheet



 ⚠ ./SOMI IT/LE MITOUARD/startix-nextjs/src/styles/index.scss
Issue while running loader
SassWarning: Deprecation Warning on line 3, column 8 of file:///Users/chandrelsomi/SOMI%20IT/LE%20MITOUARD/startix-nextjs/src/styles/index.scss:3:8:
Sass @import rules are deprecated and will be removed in Dart Sass 3.0.0.

More info and automated migrator: https://sass-lang.com/d/import

3 | @import "../../public/assets/scss/styles.scss"; 

src/styles/index.scss 4:9  root stylesheet



 ⚠ ./SOMI IT/LE MITOUARD/startix-nextjs/src/styles/index.scss
Issue while running loader
SassWarning: Deprecation Warning on line 3, column 8 of file:///Users/chandrelsomi/SOMI%20IT/LE%20MITOUARD/startix-nextjs/src/styles/index.scss:3:8:
Sass @import rules are deprecated and will be removed in Dart Sass 3.0.0.

More info and automated migrator: https://sass-lang.com/d/import

3 | @import "../../public/assets/scss/styles.scss"; 

src/styles/index.scss 4:9  root stylesheet



 ⚠ ./SOMI IT/LE MITOUARD/startix-nextjs/src/styles/index.scss
Issue while running loader
SassWarning: Deprecation Warning on line 3, column 8 of file:///Users/chandrelsomi/SOMI%20IT/LE%20MITOUARD/startix-nextjs/src/styles/index.scss:3:8:
Sass @import rules are deprecated and will be removed in Dart Sass 3.0.0.

More info and automated migrator: https://sass-lang.com/d/import

3 | @import "../../public/assets/scss/styles.scss"; 

src/styles/index.scss 4:9  root stylesheet



 ✓ Compiled in 125ms
 ✓ Compiled in 26ms
 ⚠ ./SOMI IT/LE MITOUARD/startix-nextjs/src/styles/index.scss
Issue while running loader
SassWarning: Deprecation Warning on line 3, column 8 of file:///Users/chandrelsomi/SOMI%20IT/LE%20MITOUARD/startix-nextjs/src/styles/index.scss:3:8:
Sass @import rules are deprecated and will be removed in Dart Sass 3.0.0.

More info and automated migrator: https://sass-lang.com/d/import

3 | @import "../../public/assets/scss/styles.scss"; 

src/styles/index.scss 4:9  root stylesheet



 GET /home-2 200 in 508ms (compile: 207ms, render: 301ms)
 ⚠ ./SOMI IT/LE MITOUARD/startix-nextjs/src/styles/index.scss
Issue while running loader
SassWarning: Deprecation Warning on line 3, column 8 of file:///Users/chandrelsomi/SOMI%20IT/LE%20MITOUARD/startix-nextjs/src/styles/index.scss:3:8:
Sass @import rules are deprecated and will be removed in Dart Sass 3.0.0.

More info and automated migrator: https://sass-lang.com/d/import

3 | @import "../../public/assets/scss/styles.scss"; 

src/styles/index.scss 4:9  root stylesheet



 ⚠ ./SOMI IT/LE MITOUARD/startix-nextjs/src/styles/index.scss
Issue while running loader
SassWarning: Deprecation Warning on line 3, column 8 of file:///Users/chandrelsomi/SOMI%20IT/LE%20MITOUARD/startix-nextjs/src/styles/index.scss:3:8:
Sass @import rules are deprecated and will be removed in Dart Sass 3.0.0.

More info and automated migrator: https://sass-lang.com/d/import

3 | @import "../../public/assets/scss/styles.scss"; 

src/styles/index.scss 4:9  root stylesheet



 ⚠ ./SOMI IT/LE MITOUARD/startix-nextjs/src/styles/index.scss
Issue while running loader
SassWarning: Deprecation Warning on line 3, column 8 of file:///Users/chandrelsomi/SOMI%20IT/LE%20MITOUARD/startix-nextjs/src/styles/index.scss:3:8:
Sass @import rules are deprecated and will be removed in Dart Sass 3.0.0.

More info and automated migrator: https://sass-lang.com/d/import

3 | @import "../../public/assets/scss/styles.scss"; 

src/styles/index.scss 4:9  root stylesheet



 ⚠ ./SOMI IT/LE MITOUARD/startix-nextjs/src/styles/index.scss
Issue while running loader
SassWarning: Deprecation Warning on line 3, column 8 of file:///Users/chandrelsomi/SOMI%20IT/LE%20MITOUARD/startix-nextjs/src/styles/index.scss:3:8:
Sass @import rules are deprecated and will be removed in Dart Sass 3.0.0.

More info and automated migrator: https://sass-lang.com/d/import

3 | @import "../../public/assets/scss/styles.scss"; 

src/styles/index.scss 4:9  root stylesheet



 ⚠ ./SOMI IT/LE MITOUARD/startix-nextjs/src/styles/index.scss
Issue while running loader
SassWarning: Deprecation Warning on line 3, column 8 of file:///Users/chandrelsomi/SOMI%20IT/LE%20MITOUARD/startix-nextjs/src/styles/index.scss:3:8:
Sass @import rules are deprecated and will be removed in Dart Sass 3.0.0.

More info and automated migrator: https://sass-lang.com/d/import

3 | @import "../../public/assets/scss/styles.scss"; 

src/styles/index.scss 4:9  root stylesheet



 ⚠ ./SOMI IT/LE MITOUARD/startix-nextjs/src/styles/index.scss
Issue while running loader
SassWarning: Deprecation Warning on line 3, column 8 of file:///Users/chandrelsomi/SOMI%20IT/LE%20MITOUARD/startix-nextjs/src/styles/index.scss:3:8:
Sass @import rules are deprecated and will be removed in Dart Sass 3.0.0.

More info and automated migrator: https://sass-lang.com/d/import

3 | @import "../../public/assets/scss/styles.scss"; 

src/styles/index.scss 4:9  root stylesheet



 ⚠ ./SOMI IT/LE MITOUARD/startix-nextjs/src/styles/index.scss
Issue while running loader
SassWarning: Deprecation Warning on line 3, column 8 of file:///Users/chandrelsomi/SOMI%20IT/LE%20MITOUARD/startix-nextjs/src/styles/index.scss:3:8:
Sass @import rules are deprecated and will be removed in Dart Sass 3.0.0.

More info and automated migrator: https://sass-lang.com/d/import

3 | @import "../../public/assets/scss/styles.scss"; 

src/styles/index.scss 4:9  root stylesheet



 ✓ Compiled in 19ms
 ⚠ ./SOMI IT/LE MITOUARD/startix-nextjs/src/styles/index.scss
Issue while running loader
SassWarning: Deprecation Warning on line 3, column 8 of file:///Users/chandrelsomi/SOMI%20IT/LE%20MITOUARD/startix-nextjs/src/styles/index.scss:3:8:
Sass @import rules are deprecated and will be removed in Dart Sass 3.0.0.

More info and automated migrator: https://sass-lang.com/d/import

3 | @import "../../public/assets/scss/styles.scss"; 

src/styles/index.scss 4:9  root stylesheet



 GET /contact 200 in 116ms (compile: 49ms, render: 67ms)
 ⚠ ./SOMI IT/LE MITOUARD/startix-nextjs/src/styles/index.scss
Issue while running loader
SassWarning: Deprecation Warning on line 3, column 8 of file:///Users/chandrelsomi/SOMI%20IT/LE%20MITOUARD/startix-nextjs/src/styles/index.scss:3:8:
Sass @import rules are deprecated and will be removed in Dart Sass 3.0.0.

More info and automated migrator: https://sass-lang.com/d/import

3 | @import "../../public/assets/scss/styles.scss"; 

src/styles/index.scss 4:9  root stylesheet



 GET /contact 200 in 37ms (compile: 6ms, render: 31ms)
 ⚠ ./SOMI IT/LE MITOUARD/startix-nextjs/src/styles/index.scss
Issue while running loader
SassWarning: Deprecation Warning on line 3, column 8 of file:///Users/chandrelsomi/SOMI%20IT/LE%20MITOUARD/startix-nextjs/src/styles/index.scss:3:8:
Sass @import rules are deprecated and will be removed in Dart Sass 3.0.0.

More info and automated migrator: https://sass-lang.com/d/import

3 | @import "../../public/assets/scss/styles.scss"; 

src/styles/index.scss 4:9  root stylesheet



 ⚠ ./SOMI IT/LE MITOUARD/startix-nextjs/src/styles/index.scss
Issue while running loader
SassWarning: Deprecation Warning on line 3, column 8 of file:///Users/chandrelsomi/SOMI%20IT/LE%20MITOUARD/startix-nextjs/src/styles/index.scss:3:8:
Sass @import rules are deprecated and will be removed in Dart Sass 3.0.0.

More info and automated migrator: https://sass-lang.com/d/import

3 | @import "../../public/assets/scss/styles.scss"; 

src/styles/index.scss 4:9  root stylesheet



 ⚠ ./SOMI IT/LE MITOUARD/startix-nextjs/src/styles/index.scss
Issue while running loader
SassWarning: Deprecation Warning on line 3, column 8 of file:///Users/chandrelsomi/SOMI%20IT/LE%20MITOUARD/startix-nextjs/src/styles/index.scss:3:8:
Sass @import rules are deprecated and will be removed in Dart Sass 3.0.0.

More info and automated migrator: https://sass-lang.com/d/import

3 | @import "../../public/assets/scss/styles.scss"; 

src/styles/index.scss 4:9  root stylesheet



 ⚠ ./SOMI IT/LE MITOUARD/startix-nextjs/src/styles/index.scss
Issue while running loader
SassWarning: Deprecation Warning on line 3, column 8 of file:///Users/chandrelsomi/SOMI%20IT/LE%20MITOUARD/startix-nextjs/src/styles/index.scss:3:8:
Sass @import rules are deprecated and will be removed in Dart Sass 3.0.0.

More info and automated migrator: https://sass-lang.com/d/import

3 | @import "../../public/assets/scss/styles.scss"; 

src/styles/index.scss 4:9  root stylesheet



 ⚠ ./SOMI IT/LE MITOUARD/startix-nextjs/src/styles/index.scss
Issue while running loader
SassWarning: Deprecation Warning on line 3, column 8 of file:///Users/chandrelsomi/SOMI%20IT/LE%20MITOUARD/startix-nextjs/src/styles/index.scss:3:8:
Sass @import rules are deprecated and will be removed in Dart Sass 3.0.0.

More info and automated migrator: https://sass-lang.com/d/import

3 | @import "../../public/assets/scss/styles.scss"; 

src/styles/index.scss 4:9  root stylesheet



 ⚠ ./SOMI IT/LE MITOUARD/startix-nextjs/src/styles/index.scss
Issue while running loader
SassWarning: Deprecation Warning on line 3, column 8 of file:///Users/chandrelsomi/SOMI%20IT/LE%20MITOUARD/startix-nextjs/src/styles/index.scss:3:8:
Sass @import rules are deprecated and will be removed in Dart Sass 3.0.0.

More info and automated migrator: https://sass-lang.com/d/import

3 | @import "../../public/assets/scss/styles.scss"; 

src/styles/index.scss 4:9  root stylesheet



 ⚠ ./SOMI IT/LE MITOUARD/startix-nextjs/src/styles/index.scss
Issue while running loader
SassWarning: Deprecation Warning on line 3, column 8 of file:///Users/chandrelsomi/SOMI%20IT/LE%20MITOUARD/startix-nextjs/src/styles/index.scss:3:8:
Sass @import rules are deprecated and will be removed in Dart Sass 3.0.0.

More info and automated migrator: https://sass-lang.com/d/import

3 | @import "../../public/assets/scss/styles.scss"; 

src/styles/index.scss 4:9  root stylesheet



 ⚠ ./SOMI IT/LE MITOUARD/startix-nextjs/src/styles/index.scss
Issue while running loader
SassWarning: Deprecation Warning on line 3, column 8 of file:///Users/chandrelsomi/SOMI%20IT/LE%20MITOUARD/startix-nextjs/src/styles/index.scss:3:8:
Sass @import rules are deprecated and will be removed in Dart Sass 3.0.0.

More info and automated migrator: https://sass-lang.com/d/import

3 | @import "../../public/assets/scss/styles.scss"; 

src/styles/index.scss 4:9  root stylesheet



 GET /.well-known/appspecific/com.chrome.devtools.json 200 in 113ms (compile: 16ms, render: 97ms)
 ⚠ ./SOMI IT/LE MITOUARD/startix-nextjs/src/styles/index.scss
Issue while running loader
SassWarning: Deprecation Warning on line 3, column 8 of file:///Users/chandrelsomi/SOMI%20IT/LE%20MITOUARD/startix-nextjs/src/styles/index.scss:3:8:
Sass @import rules are deprecated and will be removed in Dart Sass 3.0.0.

More info and automated migrator: https://sass-lang.com/d/import

3 | @import "../../public/assets/scss/styles.scss"; 

src/styles/index.scss 4:9  root stylesheet



 ✓ Compiled in 170ms
 GET /home-2 200 in 416ms (compile: 175ms, render: 241ms)
 ⚠ ./SOMI IT/LE MITOUARD/startix-nextjs/src/styles/index.scss
Issue while running loader
SassWarning: Deprecation Warning on line 3, column 8 of file:///Users/chandrelsomi/SOMI%20IT/LE%20MITOUARD/startix-nextjs/src/styles/index.scss:3:8:
Sass @import rules are deprecated and will be removed in Dart Sass 3.0.0.

More info and automated migrator: https://sass-lang.com/d/import

3 | @import "../../public/assets/scss/styles.scss"; 

src/styles/index.scss 4:9  root stylesheet



 GET /.well-known/appspecific/com.chrome.devtools.json 200 in 134ms (compile: 5ms, render: 129ms)
 ⚠ ./SOMI IT/LE MITOUARD/startix-nextjs/src/styles/index.scss
Issue while running loader
SassWarning: Deprecation Warning on line 3, column 8 of file:///Users/chandrelsomi/SOMI%20IT/LE%20MITOUARD/startix-nextjs/src/styles/index.scss:3:8:
Sass @import rules are deprecated and will be removed in Dart Sass 3.0.0.

More info and automated migrator: https://sass-lang.com/d/import

3 | @import "../../public/assets/scss/styles.scss"; 

src/styles/index.scss 4:9  root stylesheet



 ⚠ ./SOMI IT/LE MITOUARD/startix-nextjs/src/styles/index.scss
Issue while running loader
SassWarning: Deprecation Warning on line 3, column 8 of file:///Users/chandrelsomi/SOMI%20IT/LE%20MITOUARD/startix-nextjs/src/styles/index.scss:3:8:
Sass @import rules are deprecated and will be removed in Dart Sass 3.0.0.

More info and automated migrator: https://sass-lang.com/d/import

3 | @import "../../public/assets/scss/styles.scss"; 

src/styles/index.scss 4:9  root stylesheet



 ⚠ ./SOMI IT/LE MITOUARD/startix-nextjs/src/styles/index.scss
Issue while running loader
SassWarning: Deprecation Warning on line 3, column 8 of file:///Users/chandrelsomi/SOMI%20IT/LE%20MITOUARD/startix-nextjs/src/styles/index.scss:3:8:
Sass @import rules are deprecated and will be removed in Dart Sass 3.0.0.

More info and automated migrator: https://sass-lang.com/d/import

3 | @import "../../public/assets/scss/styles.scss"; 

src/styles/index.scss 4:9  root stylesheet



 ⚠ ./SOMI IT/LE MITOUARD/startix-nextjs/src/styles/index.scss
Issue while running loader
SassWarning: Deprecation Warning on line 3, column 8 of file:///Users/chandrelsomi/SOMI%20IT/LE%20MITOUARD/startix-nextjs/src/styles/index.scss:3:8:
Sass @import rules are deprecated and will be removed in Dart Sass 3.0.0.

More info and automated migrator: https://sass-lang.com/d/import

3 | @import "../../public/assets/scss/styles.scss"; 

src/styles/index.scss 4:9  root stylesheet



 ⚠ ./SOMI IT/LE MITOUARD/startix-nextjs/src/styles/index.scss
Issue while running loader
SassWarning: Deprecation Warning on line 3, column 8 of file:///Users/chandrelsomi/SOMI%20IT/LE%20MITOUARD/startix-nextjs/src/styles/index.scss:3:8:
Sass @import rules are deprecated and will be removed in Dart Sass 3.0.0.

More info and automated migrator: https://sass-lang.com/d/import

3 | @import "../../public/assets/scss/styles.scss"; 

src/styles/index.scss 4:9  root stylesheet



 ⚠ ./SOMI IT/LE MITOUARD/startix-nextjs/src/styles/index.scss
Issue while running loader
SassWarning: Deprecation Warning on line 3, column 8 of file:///Users/chandrelsomi/SOMI%20IT/LE%20MITOUARD/startix-nextjs/src/styles/index.scss:3:8:
Sass @import rules are deprecated and will be removed in Dart Sass 3.0.0.

More info and automated migrator: https://sass-lang.com/d/import

3 | @import "../../public/assets/scss/styles.scss"; 

src/styles/index.scss 4:9  root stylesheet



 ⚠ ./SOMI IT/LE MITOUARD/startix-nextjs/src/styles/index.scss
Issue while running loader
SassWarning: Deprecation Warning on line 3, column 8 of file:///Users/chandrelsomi/SOMI%20IT/LE%20MITOUARD/startix-nextjs/src/styles/index.scss:3:8:
Sass @import rules are deprecated and will be removed in Dart Sass 3.0.0.

More info and automated migrator: https://sass-lang.com/d/import

3 | @import "../../public/assets/scss/styles.scss"; 

src/styles/index.scss 4:9  root stylesheet



 ⚠ ./SOMI IT/LE MITOUARD/startix-nextjs/src/styles/index.scss
Issue while running loader
SassWarning: Deprecation Warning on line 3, column 8 of file:///Users/chandrelsomi/SOMI%20IT/LE%20MITOUARD/startix-nextjs/src/styles/index.scss:3:8:
Sass @import rules are deprecated and will be removed in Dart Sass 3.0.0.

More info and automated migrator: https://sass-lang.com/d/import

3 | @import "../../public/assets/scss/styles.scss"; 

src/styles/index.scss 4:9  root stylesheet



 GET /home-2 200 in 72ms (compile: 8ms, render: 64ms)
 ⚠ ./SOMI IT/LE MITOUARD/startix-nextjs/src/styles/index.scss
Issue while running loader
SassWarning: Deprecation Warning on line 3, column 8 of file:///Users/chandrelsomi/SOMI%20IT/LE%20MITOUARD/startix-nextjs/src/styles/index.scss:3:8:
Sass @import rules are deprecated and will be removed in Dart Sass 3.0.0.

More info and automated migrator: https://sass-lang.com/d/import

3 | @import "../../public/assets/scss/styles.scss"; 

src/styles/index.scss 4:9  root stylesheet



 GET /.well-known/appspecific/com.chrome.devtools.json 200 in 77ms (compile: 4ms, render: 73ms)
 ⚠ ./SOMI IT/LE MITOUARD/startix-nextjs/src/styles/index.scss
Issue while running loader
SassWarning: Deprecation Warning on line 3, column 8 of file:///Users/chandrelsomi/SOMI%20IT/LE%20MITOUARD/startix-nextjs/src/styles/index.scss:3:8:
Sass @import rules are deprecated and will be removed in Dart Sass 3.0.0.

More info and automated migrator: https://sass-lang.com/d/import

3 | @import "../../public/assets/scss/styles.scss"; 

src/styles/index.scss 4:9  root stylesheet



 ⚠ ./SOMI IT/LE MITOUARD/startix-nextjs/src/styles/index.scss
Issue while running loader
SassWarning: Deprecation Warning on line 3, column 8 of file:///Users/chandrelsomi/SOMI%20IT/LE%20MITOUARD/startix-nextjs/src/styles/index.scss:3:8:
Sass @import rules are deprecated and will be removed in Dart Sass 3.0.0.

More info and automated migrator: https://sass-lang.com/d/import

3 | @import "../../public/assets/scss/styles.scss"; 

src/styles/index.scss 4:9  root stylesheet



 ⚠ ./SOMI IT/LE MITOUARD/startix-nextjs/src/styles/index.scss
Issue while running loader
SassWarning: Deprecation Warning on line 3, column 8 of file:///Users/chandrelsomi/SOMI%20IT/LE%20MITOUARD/startix-nextjs/src/styles/index.scss:3:8:
Sass @import rules are deprecated and will be removed in Dart Sass 3.0.0.

More info and automated migrator: https://sass-lang.com/d/import

3 | @import "../../public/assets/scss/styles.scss"; 

src/styles/index.scss 4:9  root stylesheet



 ⚠ ./SOMI IT/LE MITOUARD/startix-nextjs/src/styles/index.scss
Issue while running loader
SassWarning: Deprecation Warning on line 3, column 8 of file:///Users/chandrelsomi/SOMI%20IT/LE%20MITOUARD/startix-nextjs/src/styles/index.scss:3:8:
Sass @import rules are deprecated and will be removed in Dart Sass 3.0.0.

More info and automated migrator: https://sass-lang.com/d/import

3 | @import "../../public/assets/scss/styles.scss"; 

src/styles/index.scss 4:9  root stylesheet



 ⚠ ./SOMI IT/LE MITOUARD/startix-nextjs/src/styles/index.scss
Issue while running loader
SassWarning: Deprecation Warning on line 3, column 8 of file:///Users/chandrelsomi/SOMI%20IT/LE%20MITOUARD/startix-nextjs/src/styles/index.scss:3:8:
Sass @import rules are deprecated and will be removed in Dart Sass 3.0.0.

More info and automated migrator: https://sass-lang.com/d/import

3 | @import "../../public/assets/scss/styles.scss"; 

src/styles/index.scss 4:9  root stylesheet



 ⚠ ./SOMI IT/LE MITOUARD/startix-nextjs/src/styles/index.scss
Issue while running loader
SassWarning: Deprecation Warning on line 3, column 8 of file:///Users/chandrelsomi/SOMI%20IT/LE%20MITOUARD/startix-nextjs/src/styles/index.scss:3:8:
Sass @import rules are deprecated and will be removed in Dart Sass 3.0.0.

More info and automated migrator: https://sass-lang.com/d/import

3 | @import "../../public/assets/scss/styles.scss"; 

src/styles/index.scss 4:9  root stylesheet



 ⚠ ./SOMI IT/LE MITOUARD/startix-nextjs/src/styles/index.scss
Issue while running loader
SassWarning: Deprecation Warning on line 3, column 8 of file:///Users/chandrelsomi/SOMI%20IT/LE%20MITOUARD/startix-nextjs/src/styles/index.scss:3:8:
Sass @import rules are deprecated and will be removed in Dart Sass 3.0.0.

More info and automated migrator: https://sass-lang.com/d/import

3 | @import "../../public/assets/scss/styles.scss"; 

src/styles/index.scss 4:9  root stylesheet



 ⚠ ./SOMI IT/LE MITOUARD/startix-nextjs/src/styles/index.scss
Issue while running loader
SassWarning: Deprecation Warning on line 3, column 8 of file:///Users/chandrelsomi/SOMI%20IT/LE%20MITOUARD/startix-nextjs/src/styles/index.scss:3:8:
Sass @import rules are deprecated and will be removed in Dart Sass 3.0.0.

More info and automated migrator: https://sass-lang.com/d/import

3 | @import "../../public/assets/scss/styles.scss"; 

src/styles/index.scss 4:9  root stylesheet



 GET /contact 200 in 57ms (compile: 13ms, render: 44ms)
 ✓ Compiled in 73ms
 ✓ Compiled in 38ms
 ⚠ ./SOMI IT/LE MITOUARD/startix-nextjs/src/styles/index.scss
Issue while running loader
SassWarning: Deprecation Warning on line 3, column 8 of file:///Users/chandrelsomi/SOMI%20IT/LE%20MITOUARD/startix-nextjs/src/styles/index.scss:3:8:
Sass @import rules are deprecated and will be removed in Dart Sass 3.0.0.

More info and automated migrator: https://sass-lang.com/d/import

3 | @import "../../public/assets/scss/styles.scss"; 

src/styles/index.scss 4:9  root stylesheet



 GET /home-2 200 in 307ms (compile: 107ms, render: 200ms)
 ⚠ ./SOMI IT/LE MITOUARD/startix-nextjs/src/styles/index.scss
Issue while running loader
SassWarning: Deprecation Warning on line 3, column 8 of file:///Users/chandrelsomi/SOMI%20IT/LE%20MITOUARD/startix-nextjs/src/styles/index.scss:3:8:
Sass @import rules are deprecated and will be removed in Dart Sass 3.0.0.

More info and automated migrator: https://sass-lang.com/d/import

3 | @import "../../public/assets/scss/styles.scss"; 

src/styles/index.scss 4:9  root stylesheet



 ⚠ ./SOMI IT/LE MITOUARD/startix-nextjs/src/styles/index.scss
Issue while running loader
SassWarning: Deprecation Warning on line 3, column 8 of file:///Users/chandrelsomi/SOMI%20IT/LE%20MITOUARD/startix-nextjs/src/styles/index.scss:3:8:
Sass @import rules are deprecated and will be removed in Dart Sass 3.0.0.

More info and automated migrator: https://sass-lang.com/d/import

3 | @import "../../public/assets/scss/styles.scss"; 

src/styles/index.scss 4:9  root stylesheet



 ⚠ ./SOMI IT/LE MITOUARD/startix-nextjs/src/styles/index.scss
Issue while running loader
SassWarning: Deprecation Warning on line 3, column 8 of file:///Users/chandrelsomi/SOMI%20IT/LE%20MITOUARD/startix-nextjs/src/styles/index.scss:3:8:
Sass @import rules are deprecated and will be removed in Dart Sass 3.0.0.

More info and automated migrator: https://sass-lang.com/d/import

3 | @import "../../public/assets/scss/styles.scss"; 

src/styles/index.scss 4:9  root stylesheet



 ⚠ ./SOMI IT/LE MITOUARD/startix-nextjs/src/styles/index.scss
Issue while running loader
SassWarning: Deprecation Warning on line 3, column 8 of file:///Users/chandrelsomi/SOMI%20IT/LE%20MITOUARD/startix-nextjs/src/styles/index.scss:3:8:
Sass @import rules are deprecated and will be removed in Dart Sass 3.0.0.

More info and automated migrator: https://sass-lang.com/d/import

3 | @import "../../public/assets/scss/styles.scss"; 

src/styles/index.scss 4:9  root stylesheet



 ⚠ ./SOMI IT/LE MITOUARD/startix-nextjs/src/styles/index.scss
Issue while running loader
SassWarning: Deprecation Warning on line 3, column 8 of file:///Users/chandrelsomi/SOMI%20IT/LE%20MITOUARD/startix-nextjs/src/styles/index.scss:3:8:
Sass @import rules are deprecated and will be removed in Dart Sass 3.0.0.

More info and automated migrator: https://sass-lang.com/d/import

3 | @import "../../public/assets/scss/styles.scss"; 

src/styles/index.scss 4:9  root stylesheet



 ⚠ ./SOMI IT/LE MITOUARD/startix-nextjs/src/styles/index.scss
Issue while running loader
SassWarning: Deprecation Warning on line 3, column 8 of file:///Users/chandrelsomi/SOMI%20IT/LE%20MITOUARD/startix-nextjs/src/styles/index.scss:3:8:
Sass @import rules are deprecated and will be removed in Dart Sass 3.0.0.

More info and automated migrator: https://sass-lang.com/d/import

3 | @import "../../public/assets/scss/styles.scss"; 

src/styles/index.scss 4:9  root stylesheet



 ⚠ ./SOMI IT/LE MITOUARD/startix-nextjs/src/styles/index.scss
Issue while running loader
SassWarning: Deprecation Warning on line 3, column 8 of file:///Users/chandrelsomi/SOMI%20IT/LE%20MITOUARD/startix-nextjs/src/styles/index.scss:3:8:
Sass @import rules are deprecated and will be removed in Dart Sass 3.0.0.

More info and automated migrator: https://sass-lang.com/d/import

3 | @import "../../public/assets/scss/styles.scss"; 

src/styles/index.scss 4:9  root stylesheet



 ✓ Compiled in 23ms
 ✓ Compiled in 12ms
 ✓ Compiled in 16ms
 ⚠ ./SOMI IT/LE MITOUARD/startix-nextjs/src/styles/index.scss
Issue while running loader
SassWarning: Deprecation Warning on line 3, column 8 of file:///Users/chandrelsomi/SOMI%20IT/LE%20MITOUARD/startix-nextjs/src/styles/index.scss:3:8:
Sass @import rules are deprecated and will be removed in Dart Sass 3.0.0.

More info and automated migrator: https://sass-lang.com/d/import

3 | @import "../../public/assets/scss/styles.scss"; 

src/styles/index.scss 4:9  root stylesheet



 GET /.well-known/appspecific/com.chrome.devtools.json 200 in 207ms (compile: 10ms, render: 197ms)
 ⚠ ./SOMI IT/LE MITOUARD/startix-nextjs/src/styles/index.scss
Issue while running loader
SassWarning: Deprecation Warning on line 3, column 8 of file:///Users/chandrelsomi/SOMI%20IT/LE%20MITOUARD/startix-nextjs/src/styles/index.scss:3:8:
Sass @import rules are deprecated and will be removed in Dart Sass 3.0.0.

More info and automated migrator: https://sass-lang.com/d/import

3 | @import "../../public/assets/scss/styles.scss"; 

src/styles/index.scss 4:9  root stylesheet



 GET /contact 200 in 68ms (compile: 12ms, render: 56ms)
 ⚠ ./SOMI IT/LE MITOUARD/startix-nextjs/src/styles/index.scss
Issue while running loader
SassWarning: Deprecation Warning on line 3, column 8 of file:///Users/chandrelsomi/SOMI%20IT/LE%20MITOUARD/startix-nextjs/src/styles/index.scss:3:8:
Sass @import rules are deprecated and will be removed in Dart Sass 3.0.0.

More info and automated migrator: https://sass-lang.com/d/import

3 | @import "../../public/assets/scss/styles.scss"; 

src/styles/index.scss 4:9  root stylesheet



 GET /contact 200 in 138ms (compile: 89ms, render: 49ms)
 ✓ Compiled in 19ms
 ⚠ ./SOMI IT/LE MITOUARD/startix-nextjs/src/styles/index.scss
Issue while running loader
SassWarning: Deprecation Warning on line 3, column 8 of file:///Users/chandrelsomi/SOMI%20IT/LE%20MITOUARD/startix-nextjs/src/styles/index.scss:3:8:
Sass @import rules are deprecated and will be removed in Dart Sass 3.0.0.

More info and automated migrator: https://sass-lang.com/d/import

3 | @import "../../public/assets/scss/styles.scss"; 

src/styles/index.scss 4:9  root stylesheet



 GET /contact 200 in 276ms (compile: 151ms, render: 125ms)
 ⚠ ./SOMI IT/LE MITOUARD/startix-nextjs/src/styles/index.scss
Issue while running loader
SassWarning: Deprecation Warning on line 3, column 8 of file:///Users/chandrelsomi/SOMI%20IT/LE%20MITOUARD/startix-nextjs/src/styles/index.scss:3:8:
Sass @import rules are deprecated and will be removed in Dart Sass 3.0.0.

More info and automated migrator: https://sass-lang.com/d/import

3 | @import "../../public/assets/scss/styles.scss"; 

src/styles/index.scss 4:9  root stylesheet



 GET /contact 200 in 185ms (compile: 7ms, render: 178ms)
 ⚠ ./SOMI IT/LE MITOUARD/startix-nextjs/src/styles/index.scss
Issue while running loader
SassWarning: Deprecation Warning on line 3, column 8 of file:///Users/chandrelsomi/SOMI%20IT/LE%20MITOUARD/startix-nextjs/src/styles/index.scss:3:8:
Sass @import rules are deprecated and will be removed in Dart Sass 3.0.0.

More info and automated migrator: https://sass-lang.com/d/import

3 | @import "../../public/assets/scss/styles.scss"; 

src/styles/index.scss 4:9  root stylesheet



 ⚠ ./SOMI IT/LE MITOUARD/startix-nextjs/src/styles/index.scss
Issue while running loader
SassWarning: Deprecation Warning on line 3, column 8 of file:///Users/chandrelsomi/SOMI%20IT/LE%20MITOUARD/startix-nextjs/src/styles/index.scss:3:8:
Sass @import rules are deprecated and will be removed in Dart Sass 3.0.0.

More info and automated migrator: https://sass-lang.com/d/import

3 | @import "../../public/assets/scss/styles.scss"; 

src/styles/index.scss 4:9  root stylesheet



 ⚠ ./SOMI IT/LE MITOUARD/startix-nextjs/src/styles/index.scss
Issue while running loader
SassWarning: Deprecation Warning on line 3, column 8 of file:///Users/chandrelsomi/SOMI%20IT/LE%20MITOUARD/startix-nextjs/src/styles/index.scss:3:8:
Sass @import rules are deprecated and will be removed in Dart Sass 3.0.0.

More info and automated migrator: https://sass-lang.com/d/import

3 | @import "../../public/assets/scss/styles.scss"; 

src/styles/index.scss 4:9  root stylesheet



 ⚠ ./SOMI IT/LE MITOUARD/startix-nextjs/src/styles/index.scss
Issue while running loader
SassWarning: Deprecation Warning on line 3, column 8 of file:///Users/chandrelsomi/SOMI%20IT/LE%20MITOUARD/startix-nextjs/src/styles/index.scss:3:8:
Sass @import rules are deprecated and will be removed in Dart Sass 3.0.0.

More info and automated migrator: https://sass-lang.com/d/import

3 | @import "../../public/assets/scss/styles.scss"; 

src/styles/index.scss 4:9  root stylesheet



 ⚠ ./SOMI IT/LE MITOUARD/startix-nextjs/src/styles/index.scss
Issue while running loader
SassWarning: Deprecation Warning on line 3, column 8 of file:///Users/chandrelsomi/SOMI%20IT/LE%20MITOUARD/startix-nextjs/src/styles/index.scss:3:8:
Sass @import rules are deprecated and will be removed in Dart Sass 3.0.0.

More info and automated migrator: https://sass-lang.com/d/import

3 | @import "../../public/assets/scss/styles.scss"; 

src/styles/index.scss 4:9  root stylesheet



 ⚠ ./SOMI IT/LE MITOUARD/startix-nextjs/src/styles/index.scss
Issue while running loader
SassWarning: Deprecation Warning on line 3, column 8 of file:///Users/chandrelsomi/SOMI%20IT/LE%20MITOUARD/startix-nextjs/src/styles/index.scss:3:8:
Sass @import rules are deprecated and will be removed in Dart Sass 3.0.0.

More info and automated migrator: https://sass-lang.com/d/import

3 | @import "../../public/assets/scss/styles.scss"; 

src/styles/index.scss 4:9  root stylesheet



 ⚠ ./SOMI IT/LE MITOUARD/startix-nextjs/src/styles/index.scss
Issue while running loader
SassWarning: Deprecation Warning on line 3, column 8 of file:///Users/chandrelsomi/SOMI%20IT/LE%20MITOUARD/startix-nextjs/src/styles/index.scss:3:8:
Sass @import rules are deprecated and will be removed in Dart Sass 3.0.0.

More info and automated migrator: https://sass-lang.com/d/import

3 | @import "../../public/assets/scss/styles.scss"; 

src/styles/index.scss 4:9  root stylesheet



 ⚠ ./SOMI IT/LE MITOUARD/startix-nextjs/src/styles/index.scss
Issue while running loader
SassWarning: Deprecation Warning on line 3, column 8 of file:///Users/chandrelsomi/SOMI%20IT/LE%20MITOUARD/startix-nextjs/src/styles/index.scss:3:8:
Sass @import rules are deprecated and will be removed in Dart Sass 3.0.0.

More info and automated migrator: https://sass-lang.com/d/import

3 | @import "../../public/assets/scss/styles.scss"; 

src/styles/index.scss 4:9  root stylesheet



 GET /contact 200 in 169ms (compile: 104ms, render: 65ms)
 ⚠ ./SOMI IT/LE MITOUARD/startix-nextjs/src/styles/index.scss
Issue while running loader
SassWarning: Deprecation Warning on line 3, column 8 of file:///Users/chandrelsomi/SOMI%20IT/LE%20MITOUARD/startix-nextjs/src/styles/index.scss:3:8:
Sass @import rules are deprecated and will be removed in Dart Sass 3.0.0.

More info and automated migrator: https://sass-lang.com/d/import

3 | @import "../../public/assets/scss/styles.scss"; 

src/styles/index.scss 4:9  root stylesheet



 GET /contact 200 in 92ms (compile: 49ms, render: 42ms)
 ⚠ ./SOMI IT/LE MITOUARD/startix-nextjs/src/styles/index.scss
Issue while running loader
SassWarning: Deprecation Warning on line 3, column 8 of file:///Users/chandrelsomi/SOMI%20IT/LE%20MITOUARD/startix-nextjs/src/styles/index.scss:3:8:
Sass @import rules are deprecated and will be removed in Dart Sass 3.0.0.

More info and automated migrator: https://sass-lang.com/d/import

3 | @import "../../public/assets/scss/styles.scss"; 

src/styles/index.scss 4:9  root stylesheet



 GET /contact 200 in 232ms (compile: 12ms, render: 220ms)
 ⚠ ./SOMI IT/LE MITOUARD/startix-nextjs/src/styles/index.scss
Issue while running loader
SassWarning: Deprecation Warning on line 3, column 8 of file:///Users/chandrelsomi/SOMI%20IT/LE%20MITOUARD/startix-nextjs/src/styles/index.scss:3:8:
Sass @import rules are deprecated and will be removed in Dart Sass 3.0.0.

More info and automated migrator: https://sass-lang.com/d/import

3 | @import "../../public/assets/scss/styles.scss"; 

src/styles/index.scss 4:9  root stylesheet



 ⚠ ./SOMI IT/LE MITOUARD/startix-nextjs/src/styles/index.scss
Issue while running loader
SassWarning: Deprecation Warning on line 3, column 8 of file:///Users/chandrelsomi/SOMI%20IT/LE%20MITOUARD/startix-nextjs/src/styles/index.scss:3:8:
Sass @import rules are deprecated and will be removed in Dart Sass 3.0.0.

More info and automated migrator: https://sass-lang.com/d/import

3 | @import "../../public/assets/scss/styles.scss"; 

src/styles/index.scss 4:9  root stylesheet



 ⚠ ./SOMI IT/LE MITOUARD/startix-nextjs/src/styles/index.scss
Issue while running loader
SassWarning: Deprecation Warning on line 3, column 8 of file:///Users/chandrelsomi/SOMI%20IT/LE%20MITOUARD/startix-nextjs/src/styles/index.scss:3:8:
Sass @import rules are deprecated and will be removed in Dart Sass 3.0.0.

More info and automated migrator: https://sass-lang.com/d/import

3 | @import "../../public/assets/scss/styles.scss"; 

src/styles/index.scss 4:9  root stylesheet



 ⚠ ./SOMI IT/LE MITOUARD/startix-nextjs/src/styles/index.scss
Issue while running loader
SassWarning: Deprecation Warning on line 3, column 8 of file:///Users/chandrelsomi/SOMI%20IT/LE%20MITOUARD/startix-nextjs/src/styles/index.scss:3:8:
Sass @import rules are deprecated and will be removed in Dart Sass 3.0.0.

More info and automated migrator: https://sass-lang.com/d/import

3 | @import "../../public/assets/scss/styles.scss"; 

src/styles/index.scss 4:9  root stylesheet



 ⚠ ./SOMI IT/LE MITOUARD/startix-nextjs/src/styles/index.scss
Issue while running loader
SassWarning: Deprecation Warning on line 3, column 8 of file:///Users/chandrelsomi/SOMI%20IT/LE%20MITOUARD/startix-nextjs/src/styles/index.scss:3:8:
Sass @import rules are deprecated and will be removed in Dart Sass 3.0.0.

More info and automated migrator: https://sass-lang.com/d/import

3 | @import "../../public/assets/scss/styles.scss"; 

src/styles/index.scss 4:9  root stylesheet



 ⚠ ./SOMI IT/LE MITOUARD/startix-nextjs/src/styles/index.scss
Issue while running loader
SassWarning: Deprecation Warning on line 3, column 8 of file:///Users/chandrelsomi/SOMI%20IT/LE%20MITOUARD/startix-nextjs/src/styles/index.scss:3:8:
Sass @import rules are deprecated and will be removed in Dart Sass 3.0.0.

More info and automated migrator: https://sass-lang.com/d/import

3 | @import "../../public/assets/scss/styles.scss"; 

src/styles/index.scss 4:9  root stylesheet



 ⚠ ./SOMI IT/LE MITOUARD/startix-nextjs/src/styles/index.scss
Issue while running loader
SassWarning: Deprecation Warning on line 3, column 8 of file:///Users/chandrelsomi/SOMI%20IT/LE%20MITOUARD/startix-nextjs/src/styles/index.scss:3:8:
Sass @import rules are deprecated and will be removed in Dart Sass 3.0.0.

More info and automated migrator: https://sass-lang.com/d/import

3 | @import "../../public/assets/scss/styles.scss"; 

src/styles/index.scss 4:9  root stylesheet



 ⚠ ./SOMI IT/LE MITOUARD/startix-nextjs/src/styles/index.scss
Issue while running loader
SassWarning: Deprecation Warning on line 3, column 8 of file:///Users/chandrelsomi/SOMI%20IT/LE%20MITOUARD/startix-nextjs/src/styles/index.scss:3:8:
Sass @import rules are deprecated and will be removed in Dart Sass 3.0.0.

More info and automated migrator: https://sass-lang.com/d/import

3 | @import "../../public/assets/scss/styles.scss"; 

src/styles/index.scss 4:9  root stylesheet



 GET /home-2 200 in 144ms (compile: 98ms, render: 45ms)
 ⚠ ./SOMI IT/LE MITOUARD/startix-nextjs/src/styles/index.scss
Issue while running loader
SassWarning: Deprecation Warning on line 3, column 8 of file:///Users/chandrelsomi/SOMI%20IT/LE%20MITOUARD/startix-nextjs/src/styles/index.scss:3:8:
Sass @import rules are deprecated and will be removed in Dart Sass 3.0.0.

More info and automated migrator: https://sass-lang.com/d/import

3 | @import "../../public/assets/scss/styles.scss"; 

src/styles/index.scss 4:9  root stylesheet



 GET /home-2 200 in 21ms (compile: 7ms, render: 14ms)
 ✓ Compiled in 34ms
 ✓ Compiled in 10ms
 ⚠ ./SOMI IT/LE MITOUARD/startix-nextjs/src/styles/index.scss
Issue while running loader
SassWarning: Deprecation Warning on line 3, column 8 of file:///Users/chandrelsomi/SOMI%20IT/LE%20MITOUARD/startix-nextjs/src/styles/index.scss:3:8:
Sass @import rules are deprecated and will be removed in Dart Sass 3.0.0.

More info and automated migrator: https://sass-lang.com/d/import

3 | @import "../../public/assets/scss/styles.scss"; 

src/styles/index.scss 4:9  root stylesheet



 ✓ Compiled in 5ms
 GET /home-2 200 in 148ms (compile: 90ms, render: 57ms)
 ⚠ ./SOMI IT/LE MITOUARD/startix-nextjs/src/styles/index.scss
Issue while running loader
SassWarning: Deprecation Warning on line 3, column 8 of file:///Users/chandrelsomi/SOMI%20IT/LE%20MITOUARD/startix-nextjs/src/styles/index.scss:3:8:
Sass @import rules are deprecated and will be removed in Dart Sass 3.0.0.

More info and automated migrator: https://sass-lang.com/d/import

3 | @import "../../public/assets/scss/styles.scss"; 

src/styles/index.scss 4:9  root stylesheet



 GET /.well-known/appspecific/com.chrome.devtools.json 200 in 235ms (compile: 16ms, render: 219ms)
 ⚠ ./SOMI IT/LE MITOUARD/startix-nextjs/src/styles/index.scss
Issue while running loader
SassWarning: Deprecation Warning on line 3, column 8 of file:///Users/chandrelsomi/SOMI%20IT/LE%20MITOUARD/startix-nextjs/src/styles/index.scss:3:8:
Sass @import rules are deprecated and will be removed in Dart Sass 3.0.0.

More info and automated migrator: https://sass-lang.com/d/import

3 | @import "../../public/assets/scss/styles.scss"; 

src/styles/index.scss 4:9  root stylesheet



 GET /contact 200 in 161ms (compile: 105ms, render: 56ms)
 ⚠ ./SOMI IT/LE MITOUARD/startix-nextjs/src/styles/index.scss
Issue while running loader
SassWarning: Deprecation Warning on line 3, column 8 of file:///Users/chandrelsomi/SOMI%20IT/LE%20MITOUARD/startix-nextjs/src/styles/index.scss:3:8:
Sass @import rules are deprecated and will be removed in Dart Sass 3.0.0.

More info and automated migrator: https://sass-lang.com/d/import

3 | @import "../../public/assets/scss/styles.scss"; 

src/styles/index.scss 4:9  root stylesheet



 GET /home-2 200 in 21ms (compile: 7ms, render: 15ms)
 ⚠ ./SOMI IT/LE MITOUARD/startix-nextjs/src/styles/index.scss
Issue while running loader
SassWarning: Deprecation Warning on line 3, column 8 of file:///Users/chandrelsomi/SOMI%20IT/LE%20MITOUARD/startix-nextjs/src/styles/index.scss:3:8:
Sass @import rules are deprecated and will be removed in Dart Sass 3.0.0.

More info and automated migrator: https://sass-lang.com/d/import

3 | @import "../../public/assets/scss/styles.scss"; 

src/styles/index.scss 4:9  root stylesheet



 GET /home-2 200 in 161ms (compile: 4ms, render: 158ms)
 ⚠ ./SOMI IT/LE MITOUARD/startix-nextjs/src/styles/index.scss
Issue while running loader
SassWarning: Deprecation Warning on line 3, column 8 of file:///Users/chandrelsomi/SOMI%20IT/LE%20MITOUARD/startix-nextjs/src/styles/index.scss:3:8:
Sass @import rules are deprecated and will be removed in Dart Sass 3.0.0.

More info and automated migrator: https://sass-lang.com/d/import

3 | @import "../../public/assets/scss/styles.scss"; 

src/styles/index.scss 4:9  root stylesheet



 ⚠ ./SOMI IT/LE MITOUARD/startix-nextjs/src/styles/index.scss
Issue while running loader
SassWarning: Deprecation Warning on line 3, column 8 of file:///Users/chandrelsomi/SOMI%20IT/LE%20MITOUARD/startix-nextjs/src/styles/index.scss:3:8:
Sass @import rules are deprecated and will be removed in Dart Sass 3.0.0.

More info and automated migrator: https://sass-lang.com/d/import

3 | @import "../../public/assets/scss/styles.scss"; 

src/styles/index.scss 4:9  root stylesheet



 ⚠ ./SOMI IT/LE MITOUARD/startix-nextjs/src/styles/index.scss
Issue while running loader
SassWarning: Deprecation Warning on line 3, column 8 of file:///Users/chandrelsomi/SOMI%20IT/LE%20MITOUARD/startix-nextjs/src/styles/index.scss:3:8:
Sass @import rules are deprecated and will be removed in Dart Sass 3.0.0.

More info and automated migrator: https://sass-lang.com/d/import

3 | @import "../../public/assets/scss/styles.scss"; 

src/styles/index.scss 4:9  root stylesheet



 ⚠ ./SOMI IT/LE MITOUARD/startix-nextjs/src/styles/index.scss
Issue while running loader
SassWarning: Deprecation Warning on line 3, column 8 of file:///Users/chandrelsomi/SOMI%20IT/LE%20MITOUARD/startix-nextjs/src/styles/index.scss:3:8:
Sass @import rules are deprecated and will be removed in Dart Sass 3.0.0.

More info and automated migrator: https://sass-lang.com/d/import

3 | @import "../../public/assets/scss/styles.scss"; 

src/styles/index.scss 4:9  root stylesheet



 ⚠ ./SOMI IT/LE MITOUARD/startix-nextjs/src/styles/index.scss
Issue while running loader
SassWarning: Deprecation Warning on line 3, column 8 of file:///Users/chandrelsomi/SOMI%20IT/LE%20MITOUARD/startix-nextjs/src/styles/index.scss:3:8:
Sass @import rules are deprecated and will be removed in Dart Sass 3.0.0.

More info and automated migrator: https://sass-lang.com/d/import

3 | @import "../../public/assets/scss/styles.scss"; 

src/styles/index.scss 4:9  root stylesheet



 ⚠ ./SOMI IT/LE MITOUARD/startix-nextjs/src/styles/index.scss
Issue while running loader
SassWarning: Deprecation Warning on line 3, column 8 of file:///Users/chandrelsomi/SOMI%20IT/LE%20MITOUARD/startix-nextjs/src/styles/index.scss:3:8:
Sass @import rules are deprecated and will be removed in Dart Sass 3.0.0.

More info and automated migrator: https://sass-lang.com/d/import

3 | @import "../../public/assets/scss/styles.scss"; 

src/styles/index.scss 4:9  root stylesheet



 ⚠ ./SOMI IT/LE MITOUARD/startix-nextjs/src/styles/index.scss
Issue while running loader
SassWarning: Deprecation Warning on line 3, column 8 of file:///Users/chandrelsomi/SOMI%20IT/LE%20MITOUARD/startix-nextjs/src/styles/index.scss:3:8:
Sass @import rules are deprecated and will be removed in Dart Sass 3.0.0.

More info and automated migrator: https://sass-lang.com/d/import

3 | @import "../../public/assets/scss/styles.scss"; 

src/styles/index.scss 4:9  root stylesheet



 ⚠ ./SOMI IT/LE MITOUARD/startix-nextjs/src/styles/index.scss
Issue while running loader
SassWarning: Deprecation Warning on line 3, column 8 of file:///Users/chandrelsomi/SOMI%20IT/LE%20MITOUARD/startix-nextjs/src/styles/index.scss:3:8:
Sass @import rules are deprecated and will be removed in Dart Sass 3.0.0.

More info and automated migrator: https://sass-lang.com/d/import

3 | @import "../../public/assets/scss/styles.scss"; 

src/styles/index.scss 4:9  root stylesheet



 GET /home-2 200 in 57ms (compile: 3ms, render: 55ms)
 ⚠ ./SOMI IT/LE MITOUARD/startix-nextjs/src/styles/index.scss
Issue while running loader
SassWarning: Deprecation Warning on line 3, column 8 of file:///Users/chandrelsomi/SOMI%20IT/LE%20MITOUARD/startix-nextjs/src/styles/index.scss:3:8:
Sass @import rules are deprecated and will be removed in Dart Sass 3.0.0.

More info and automated migrator: https://sass-lang.com/d/import

3 | @import "../../public/assets/scss/styles.scss"; 

src/styles/index.scss 4:9  root stylesheet



 ⚠ ./SOMI IT/LE MITOUARD/startix-nextjs/src/styles/index.scss
Issue while running loader
SassWarning: Deprecation Warning on line 3, column 8 of file:///Users/chandrelsomi/SOMI%20IT/LE%20MITOUARD/startix-nextjs/src/styles/index.scss:3:8:
Sass @import rules are deprecated and will be removed in Dart Sass 3.0.0.

More info and automated migrator: https://sass-lang.com/d/import

3 | @import "../../public/assets/scss/styles.scss"; 

src/styles/index.scss 4:9  root stylesheet



 ⚠ ./SOMI IT/LE MITOUARD/startix-nextjs/src/styles/index.scss
Issue while running loader
SassWarning: Deprecation Warning on line 3, column 8 of file:///Users/chandrelsomi/SOMI%20IT/LE%20MITOUARD/startix-nextjs/src/styles/index.scss:3:8:
Sass @import rules are deprecated and will be removed in Dart Sass 3.0.0.

More info and automated migrator: https://sass-lang.com/d/import

3 | @import "../../public/assets/scss/styles.scss"; 

src/styles/index.scss 4:9  root stylesheet



 ⚠ ./SOMI IT/LE MITOUARD/startix-nextjs/src/styles/index.scss
Issue while running loader
SassWarning: Deprecation Warning on line 3, column 8 of file:///Users/chandrelsomi/SOMI%20IT/LE%20MITOUARD/startix-nextjs/src/styles/index.scss:3:8:
Sass @import rules are deprecated and will be removed in Dart Sass 3.0.0.

More info and automated migrator: https://sass-lang.com/d/import

3 | @import "../../public/assets/scss/styles.scss"; 

src/styles/index.scss 4:9  root stylesheet



 ⚠ ./SOMI IT/LE MITOUARD/startix-nextjs/src/styles/index.scss
Issue while running loader
SassWarning: Deprecation Warning on line 3, column 8 of file:///Users/chandrelsomi/SOMI%20IT/LE%20MITOUARD/startix-nextjs/src/styles/index.scss:3:8:
Sass @import rules are deprecated and will be removed in Dart Sass 3.0.0.

More info and automated migrator: https://sass-lang.com/d/import

3 | @import "../../public/assets/scss/styles.scss"; 

src/styles/index.scss 4:9  root stylesheet



 ⚠ ./SOMI IT/LE MITOUARD/startix-nextjs/src/styles/index.scss
Issue while running loader
SassWarning: Deprecation Warning on line 3, column 8 of file:///Users/chandrelsomi/SOMI%20IT/LE%20MITOUARD/startix-nextjs/src/styles/index.scss:3:8:
Sass @import rules are deprecated and will be removed in Dart Sass 3.0.0.

More info and automated migrator: https://sass-lang.com/d/import

3 | @import "../../public/assets/scss/styles.scss"; 

src/styles/index.scss 4:9  root stylesheet



 ⚠ ./SOMI IT/LE MITOUARD/startix-nextjs/src/styles/index.scss
Issue while running loader
SassWarning: Deprecation Warning on line 3, column 8 of file:///Users/chandrelsomi/SOMI%20IT/LE%20MITOUARD/startix-nextjs/src/styles/index.scss:3:8:
Sass @import rules are deprecated and will be removed in Dart Sass 3.0.0.

More info and automated migrator: https://sass-lang.com/d/import

3 | @import "../../public/assets/scss/styles.scss"; 

src/styles/index.scss 4:9  root stylesheet



 ✓ Compiled in 9ms
 ⚠ ./SOMI IT/LE MITOUARD/startix-nextjs/src/styles/index.scss
Issue while running loader
SassWarning: Deprecation Warning on line 3, column 8 of file:///Users/chandrelsomi/SOMI%20IT/LE%20MITOUARD/startix-nextjs/src/styles/index.scss:3:8:
Sass @import rules are deprecated and will be removed in Dart Sass 3.0.0.

More info and automated migrator: https://sass-lang.com/d/import

3 | @import "../../public/assets/scss/styles.scss"; 

src/styles/index.scss 4:9  root stylesheet



 GET /home-2 200 in 241ms (compile: 80ms, render: 161ms)
 ⚠ ./SOMI IT/LE MITOUARD/startix-nextjs/src/styles/index.scss
Issue while running loader
SassWarning: Deprecation Warning on line 3, column 8 of file:///Users/chandrelsomi/SOMI%20IT/LE%20MITOUARD/startix-nextjs/src/styles/index.scss:3:8:
Sass @import rules are deprecated and will be removed in Dart Sass 3.0.0.

More info and automated migrator: https://sass-lang.com/d/import

3 | @import "../../public/assets/scss/styles.scss"; 

src/styles/index.scss 4:9  root stylesheet



 ⚠ ./SOMI IT/LE MITOUARD/startix-nextjs/src/styles/index.scss
Issue while running loader
SassWarning: Deprecation Warning on line 3, column 8 of file:///Users/chandrelsomi/SOMI%20IT/LE%20MITOUARD/startix-nextjs/src/styles/index.scss:3:8:
Sass @import rules are deprecated and will be removed in Dart Sass 3.0.0.

More info and automated migrator: https://sass-lang.com/d/import

3 | @import "../../public/assets/scss/styles.scss"; 

src/styles/index.scss 4:9  root stylesheet



 ⚠ ./SOMI IT/LE MITOUARD/startix-nextjs/src/styles/index.scss
Issue while running loader
SassWarning: Deprecation Warning on line 3, column 8 of file:///Users/chandrelsomi/SOMI%20IT/LE%20MITOUARD/startix-nextjs/src/styles/index.scss:3:8:
Sass @import rules are deprecated and will be removed in Dart Sass 3.0.0.

More info and automated migrator: https://sass-lang.com/d/import

3 | @import "../../public/assets/scss/styles.scss"; 

src/styles/index.scss 4:9  root stylesheet



 ⚠ ./SOMI IT/LE MITOUARD/startix-nextjs/src/styles/index.scss
Issue while running loader
SassWarning: Deprecation Warning on line 3, column 8 of file:///Users/chandrelsomi/SOMI%20IT/LE%20MITOUARD/startix-nextjs/src/styles/index.scss:3:8:
Sass @import rules are deprecated and will be removed in Dart Sass 3.0.0.

More info and automated migrator: https://sass-lang.com/d/import

3 | @import "../../public/assets/scss/styles.scss"; 

src/styles/index.scss 4:9  root stylesheet



 ⚠ ./SOMI IT/LE MITOUARD/startix-nextjs/src/styles/index.scss
Issue while running loader
SassWarning: Deprecation Warning on line 3, column 8 of file:///Users/chandrelsomi/SOMI%20IT/LE%20MITOUARD/startix-nextjs/src/styles/index.scss:3:8:
Sass @import rules are deprecated and will be removed in Dart Sass 3.0.0.

More info and automated migrator: https://sass-lang.com/d/import

3 | @import "../../public/assets/scss/styles.scss"; 

src/styles/index.scss 4:9  root stylesheet



 ⚠ ./SOMI IT/LE MITOUARD/startix-nextjs/src/styles/index.scss
Issue while running loader
SassWarning: Deprecation Warning on line 3, column 8 of file:///Users/chandrelsomi/SOMI%20IT/LE%20MITOUARD/startix-nextjs/src/styles/index.scss:3:8:
Sass @import rules are deprecated and will be removed in Dart Sass 3.0.0.

More info and automated migrator: https://sass-lang.com/d/import

3 | @import "../../public/assets/scss/styles.scss"; 

src/styles/index.scss 4:9  root stylesheet



 ⚠ ./SOMI IT/LE MITOUARD/startix-nextjs/src/styles/index.scss
Issue while running loader
SassWarning: Deprecation Warning on line 3, column 8 of file:///Users/chandrelsomi/SOMI%20IT/LE%20MITOUARD/startix-nextjs/src/styles/index.scss:3:8:
Sass @import rules are deprecated and will be removed in Dart Sass 3.0.0.

More info and automated migrator: https://sass-lang.com/d/import

3 | @import "../../public/assets/scss/styles.scss"; 

src/styles/index.scss 4:9  root stylesheet



 ✓ Compiled in 15ms
 ⚠ ./SOMI IT/LE MITOUARD/startix-nextjs/src/styles/index.scss
Issue while running loader
SassWarning: Deprecation Warning on line 3, column 8 of file:///Users/chandrelsomi/SOMI%20IT/LE%20MITOUARD/startix-nextjs/src/styles/index.scss:3:8:
Sass @import rules are deprecated and will be removed in Dart Sass 3.0.0.

More info and automated migrator: https://sass-lang.com/d/import

3 | @import "../../public/assets/scss/styles.scss"; 

src/styles/index.scss 4:9  root stylesheet



 GET /home-2 200 in 219ms (compile: 75ms, render: 143ms)
 ⚠ ./SOMI IT/LE MITOUARD/startix-nextjs/src/styles/index.scss
Issue while running loader
SassWarning: Deprecation Warning on line 3, column 8 of file:///Users/chandrelsomi/SOMI%20IT/LE%20MITOUARD/startix-nextjs/src/styles/index.scss:3:8:
Sass @import rules are deprecated and will be removed in Dart Sass 3.0.0.

More info and automated migrator: https://sass-lang.com/d/import

3 | @import "../../public/assets/scss/styles.scss"; 

src/styles/index.scss 4:9  root stylesheet



 ⚠ ./SOMI IT/LE MITOUARD/startix-nextjs/src/styles/index.scss
Issue while running loader
SassWarning: Deprecation Warning on line 3, column 8 of file:///Users/chandrelsomi/SOMI%20IT/LE%20MITOUARD/startix-nextjs/src/styles/index.scss:3:8:
Sass @import rules are deprecated and will be removed in Dart Sass 3.0.0.

More info and automated migrator: https://sass-lang.com/d/import

3 | @import "../../public/assets/scss/styles.scss"; 

src/styles/index.scss 4:9  root stylesheet



 ⚠ ./SOMI IT/LE MITOUARD/startix-nextjs/src/styles/index.scss
Issue while running loader
SassWarning: Deprecation Warning on line 3, column 8 of file:///Users/chandrelsomi/SOMI%20IT/LE%20MITOUARD/startix-nextjs/src/styles/index.scss:3:8:
Sass @import rules are deprecated and will be removed in Dart Sass 3.0.0.

More info and automated migrator: https://sass-lang.com/d/import

3 | @import "../../public/assets/scss/styles.scss"; 

src/styles/index.scss 4:9  root stylesheet



 ⚠ ./SOMI IT/LE MITOUARD/startix-nextjs/src/styles/index.scss
Issue while running loader
SassWarning: Deprecation Warning on line 3, column 8 of file:///Users/chandrelsomi/SOMI%20IT/LE%20MITOUARD/startix-nextjs/src/styles/index.scss:3:8:
Sass @import rules are deprecated and will be removed in Dart Sass 3.0.0.

More info and automated migrator: https://sass-lang.com/d/import

3 | @import "../../public/assets/scss/styles.scss"; 

src/styles/index.scss 4:9  root stylesheet



 ⚠ ./SOMI IT/LE MITOUARD/startix-nextjs/src/styles/index.scss
Issue while running loader
SassWarning: Deprecation Warning on line 3, column 8 of file:///Users/chandrelsomi/SOMI%20IT/LE%20MITOUARD/startix-nextjs/src/styles/index.scss:3:8:
Sass @import rules are deprecated and will be removed in Dart Sass 3.0.0.

More info and automated migrator: https://sass-lang.com/d/import

3 | @import "../../public/assets/scss/styles.scss"; 

src/styles/index.scss 4:9  root stylesheet



 ⚠ ./SOMI IT/LE MITOUARD/startix-nextjs/src/styles/index.scss
Issue while running loader
SassWarning: Deprecation Warning on line 3, column 8 of file:///Users/chandrelsomi/SOMI%20IT/LE%20MITOUARD/startix-nextjs/src/styles/index.scss:3:8:
Sass @import rules are deprecated and will be removed in Dart Sass 3.0.0.

More info and automated migrator: https://sass-lang.com/d/import

3 | @import "../../public/assets/scss/styles.scss"; 

src/styles/index.scss 4:9  root stylesheet



 ⚠ ./SOMI IT/LE MITOUARD/startix-nextjs/src/styles/index.scss
Issue while running loader
SassWarning: Deprecation Warning on line 3, column 8 of file:///Users/chandrelsomi/SOMI%20IT/LE%20MITOUARD/startix-nextjs/src/styles/index.scss:3:8:
Sass @import rules are deprecated and will be removed in Dart Sass 3.0.0.

More info and automated migrator: https://sass-lang.com/d/import

3 | @import "../../public/assets/scss/styles.scss"; 

src/styles/index.scss 4:9  root stylesheet



 ⚠ ./SOMI IT/LE MITOUARD/startix-nextjs/src/styles/index.scss
Issue while running loader
SassWarning: Deprecation Warning on line 3, column 8 of file:///Users/chandrelsomi/SOMI%20IT/LE%20MITOUARD/startix-nextjs/src/styles/index.scss:3:8:
Sass @import rules are deprecated and will be removed in Dart Sass 3.0.0.

More info and automated migrator: https://sass-lang.com/d/import

3 | @import "../../public/assets/scss/styles.scss"; 

src/styles/index.scss 4:9  root stylesheet



 GET /contact 200 in 104ms (compile: 65ms, render: 39ms)
 ⚠ ./SOMI IT/LE MITOUARD/startix-nextjs/src/styles/index.scss
Issue while running loader
SassWarning: Deprecation Warning on line 3, column 8 of file:///Users/chandrelsomi/SOMI%20IT/LE%20MITOUARD/startix-nextjs/src/styles/index.scss:3:8:
Sass @import rules are deprecated and will be removed in Dart Sass 3.0.0.

More info and automated migrator: https://sass-lang.com/d/import

3 | @import "../../public/assets/scss/styles.scss"; 

src/styles/index.scss 4:9  root stylesheet



 GET /home-2 200 in 27ms (compile: 4ms, render: 23ms)
 ✓ Compiled in 6ms
 ⚠ ./SOMI IT/LE MITOUARD/startix-nextjs/src/styles/index.scss
Issue while running loader
SassWarning: Deprecation Warning on line 3, column 8 of file:///Users/chandrelsomi/SOMI%20IT/LE%20MITOUARD/startix-nextjs/src/styles/index.scss:3:8:
Sass @import rules are deprecated and will be removed in Dart Sass 3.0.0.

More info and automated migrator: https://sass-lang.com/d/import

3 | @import "../../public/assets/scss/styles.scss"; 

src/styles/index.scss 4:9  root stylesheet



 GET /home-2 200 in 256ms (compile: 87ms, render: 168ms)
 ⚠ ./SOMI IT/LE MITOUARD/startix-nextjs/src/styles/index.scss
Issue while running loader
SassWarning: Deprecation Warning on line 3, column 8 of file:///Users/chandrelsomi/SOMI%20IT/LE%20MITOUARD/startix-nextjs/src/styles/index.scss:3:8:
Sass @import rules are deprecated and will be removed in Dart Sass 3.0.0.

More info and automated migrator: https://sass-lang.com/d/import

3 | @import "../../public/assets/scss/styles.scss"; 

src/styles/index.scss 4:9  root stylesheet



 ⚠ ./SOMI IT/LE MITOUARD/startix-nextjs/src/styles/index.scss
Issue while running loader
SassWarning: Deprecation Warning on line 3, column 8 of file:///Users/chandrelsomi/SOMI%20IT/LE%20MITOUARD/startix-nextjs/src/styles/index.scss:3:8:
Sass @import rules are deprecated and will be removed in Dart Sass 3.0.0.

More info and automated migrator: https://sass-lang.com/d/import

3 | @import "../../public/assets/scss/styles.scss"; 

src/styles/index.scss 4:9  root stylesheet



 ⚠ ./SOMI IT/LE MITOUARD/startix-nextjs/src/styles/index.scss
Issue while running loader
SassWarning: Deprecation Warning on line 3, column 8 of file:///Users/chandrelsomi/SOMI%20IT/LE%20MITOUARD/startix-nextjs/src/styles/index.scss:3:8:
Sass @import rules are deprecated and will be removed in Dart Sass 3.0.0.

More info and automated migrator: https://sass-lang.com/d/import

3 | @import "../../public/assets/scss/styles.scss"; 

src/styles/index.scss 4:9  root stylesheet



 ⚠ ./SOMI IT/LE MITOUARD/startix-nextjs/src/styles/index.scss
Issue while running loader
SassWarning: Deprecation Warning on line 3, column 8 of file:///Users/chandrelsomi/SOMI%20IT/LE%20MITOUARD/startix-nextjs/src/styles/index.scss:3:8:
Sass @import rules are deprecated and will be removed in Dart Sass 3.0.0.

More info and automated migrator: https://sass-lang.com/d/import

3 | @import "../../public/assets/scss/styles.scss"; 

src/styles/index.scss 4:9  root stylesheet



 ⚠ ./SOMI IT/LE MITOUARD/startix-nextjs/src/styles/index.scss
Issue while running loader
SassWarning: Deprecation Warning on line 3, column 8 of file:///Users/chandrelsomi/SOMI%20IT/LE%20MITOUARD/startix-nextjs/src/styles/index.scss:3:8:
Sass @import rules are deprecated and will be removed in Dart Sass 3.0.0.

More info and automated migrator: https://sass-lang.com/d/import

3 | @import "../../public/assets/scss/styles.scss"; 

src/styles/index.scss 4:9  root stylesheet



 ⚠ ./SOMI IT/LE MITOUARD/startix-nextjs/src/styles/index.scss
Issue while running loader
SassWarning: Deprecation Warning on line 3, column 8 of file:///Users/chandrelsomi/SOMI%20IT/LE%20MITOUARD/startix-nextjs/src/styles/index.scss:3:8:
Sass @import rules are deprecated and will be removed in Dart Sass 3.0.0.

More info and automated migrator: https://sass-lang.com/d/import

3 | @import "../../public/assets/scss/styles.scss"; 

src/styles/index.scss 4:9  root stylesheet



 ⚠ ./SOMI IT/LE MITOUARD/startix-nextjs/src/styles/index.scss
Issue while running loader
SassWarning: Deprecation Warning on line 3, column 8 of file:///Users/chandrelsomi/SOMI%20IT/LE%20MITOUARD/startix-nextjs/src/styles/index.scss:3:8:
Sass @import rules are deprecated and will be removed in Dart Sass 3.0.0.

More info and automated migrator: https://sass-lang.com/d/import

3 | @import "../../public/assets/scss/styles.scss"; 

src/styles/index.scss 4:9  root stylesheet



 ✓ Compiled in 8ms
 ⚠ ./SOMI IT/LE MITOUARD/startix-nextjs/src/styles/index.scss
Issue while running loader
SassWarning: Deprecation Warning on line 3, column 8 of file:///Users/chandrelsomi/SOMI%20IT/LE%20MITOUARD/startix-nextjs/src/styles/index.scss:3:8:
Sass @import rules are deprecated and will be removed in Dart Sass 3.0.0.

More info and automated migrator: https://sass-lang.com/d/import

3 | @import "../../public/assets/scss/styles.scss"; 

src/styles/index.scss 4:9  root stylesheet



 GET /home-2 200 in 247ms (compile: 88ms, render: 159ms)
 ⚠ ./SOMI IT/LE MITOUARD/startix-nextjs/src/styles/index.scss
Issue while running loader
SassWarning: Deprecation Warning on line 3, column 8 of file:///Users/chandrelsomi/SOMI%20IT/LE%20MITOUARD/startix-nextjs/src/styles/index.scss:3:8:
Sass @import rules are deprecated and will be removed in Dart Sass 3.0.0.

More info and automated migrator: https://sass-lang.com/d/import

3 | @import "../../public/assets/scss/styles.scss"; 

src/styles/index.scss 4:9  root stylesheet



 ⚠ ./SOMI IT/LE MITOUARD/startix-nextjs/src/styles/index.scss
Issue while running loader
SassWarning: Deprecation Warning on line 3, column 8 of file:///Users/chandrelsomi/SOMI%20IT/LE%20MITOUARD/startix-nextjs/src/styles/index.scss:3:8:
Sass @import rules are deprecated and will be removed in Dart Sass 3.0.0.

More info and automated migrator: https://sass-lang.com/d/import

3 | @import "../../public/assets/scss/styles.scss"; 

src/styles/index.scss 4:9  root stylesheet



 ⚠ ./SOMI IT/LE MITOUARD/startix-nextjs/src/styles/index.scss
Issue while running loader
SassWarning: Deprecation Warning on line 3, column 8 of file:///Users/chandrelsomi/SOMI%20IT/LE%20MITOUARD/startix-nextjs/src/styles/index.scss:3:8:
Sass @import rules are deprecated and will be removed in Dart Sass 3.0.0.

More info and automated migrator: https://sass-lang.com/d/import

3 | @import "../../public/assets/scss/styles.scss"; 

src/styles/index.scss 4:9  root stylesheet



 ⚠ ./SOMI IT/LE MITOUARD/startix-nextjs/src/styles/index.scss
Issue while running loader
SassWarning: Deprecation Warning on line 3, column 8 of file:///Users/chandrelsomi/SOMI%20IT/LE%20MITOUARD/startix-nextjs/src/styles/index.scss:3:8:
Sass @import rules are deprecated and will be removed in Dart Sass 3.0.0.

More info and automated migrator: https://sass-lang.com/d/import

3 | @import "../../public/assets/scss/styles.scss"; 

src/styles/index.scss 4:9  root stylesheet



 ⚠ ./SOMI IT/LE MITOUARD/startix-nextjs/src/styles/index.scss
Issue while running loader
SassWarning: Deprecation Warning on line 3, column 8 of file:///Users/chandrelsomi/SOMI%20IT/LE%20MITOUARD/startix-nextjs/src/styles/index.scss:3:8:
Sass @import rules are deprecated and will be removed in Dart Sass 3.0.0.

More info and automated migrator: https://sass-lang.com/d/import

3 | @import "../../public/assets/scss/styles.scss"; 

src/styles/index.scss 4:9  root stylesheet



 ⚠ ./SOMI IT/LE MITOUARD/startix-nextjs/src/styles/index.scss
Issue while running loader
SassWarning: Deprecation Warning on line 3, column 8 of file:///Users/chandrelsomi/SOMI%20IT/LE%20MITOUARD/startix-nextjs/src/styles/index.scss:3:8:
Sass @import rules are deprecated and will be removed in Dart Sass 3.0.0.

More info and automated migrator: https://sass-lang.com/d/import

3 | @import "../../public/assets/scss/styles.scss"; 

src/styles/index.scss 4:9  root stylesheet



 ⚠ ./SOMI IT/LE MITOUARD/startix-nextjs/src/styles/index.scss
Issue while running loader
SassWarning: Deprecation Warning on line 3, column 8 of file:///Users/chandrelsomi/SOMI%20IT/LE%20MITOUARD/startix-nextjs/src/styles/index.scss:3:8:
Sass @import rules are deprecated and will be removed in Dart Sass 3.0.0.

More info and automated migrator: https://sass-lang.com/d/import

3 | @import "../../public/assets/scss/styles.scss"; 

src/styles/index.scss 4:9  root stylesheet



 ⚠ ./SOMI IT/LE MITOUARD/startix-nextjs/src/styles/index.scss
Issue while running loader
SassWarning: Deprecation Warning on line 3, column 8 of file:///Users/chandrelsomi/SOMI%20IT/LE%20MITOUARD/startix-nextjs/src/styles/index.scss:3:8:
Sass @import rules are deprecated and will be removed in Dart Sass 3.0.0.

More info and automated migrator: https://sass-lang.com/d/import

3 | @import "../../public/assets/scss/styles.scss"; 

src/styles/index.scss 4:9  root stylesheet



 GET /home-2 200 in 56ms (compile: 7ms, render: 49ms)
 ⚠ ./SOMI IT/LE MITOUARD/startix-nextjs/src/styles/index.scss
Issue while running loader
SassWarning: Deprecation Warning on line 3, column 8 of file:///Users/chandrelsomi/SOMI%20IT/LE%20MITOUARD/startix-nextjs/src/styles/index.scss:3:8:
Sass @import rules are deprecated and will be removed in Dart Sass 3.0.0.

More info and automated migrator: https://sass-lang.com/d/import

3 | @import "../../public/assets/scss/styles.scss"; 

src/styles/index.scss 4:9  root stylesheet



 ⚠ ./SOMI IT/LE MITOUARD/startix-nextjs/src/styles/index.scss
Issue while running loader
SassWarning: Deprecation Warning on line 3, column 8 of file:///Users/chandrelsomi/SOMI%20IT/LE%20MITOUARD/startix-nextjs/src/styles/index.scss:3:8:
Sass @import rules are deprecated and will be removed in Dart Sass 3.0.0.

More info and automated migrator: https://sass-lang.com/d/import

3 | @import "../../public/assets/scss/styles.scss"; 

src/styles/index.scss 4:9  root stylesheet



 ⚠ ./SOMI IT/LE MITOUARD/startix-nextjs/src/styles/index.scss
Issue while running loader
SassWarning: Deprecation Warning on line 3, column 8 of file:///Users/chandrelsomi/SOMI%20IT/LE%20MITOUARD/startix-nextjs/src/styles/index.scss:3:8:
Sass @import rules are deprecated and will be removed in Dart Sass 3.0.0.

More info and automated migrator: https://sass-lang.com/d/import

3 | @import "../../public/assets/scss/styles.scss"; 

src/styles/index.scss 4:9  root stylesheet



 ⚠ ./SOMI IT/LE MITOUARD/startix-nextjs/src/styles/index.scss
Issue while running loader
SassWarning: Deprecation Warning on line 3, column 8 of file:///Users/chandrelsomi/SOMI%20IT/LE%20MITOUARD/startix-nextjs/src/styles/index.scss:3:8:
Sass @import rules are deprecated and will be removed in Dart Sass 3.0.0.

More info and automated migrator: https://sass-lang.com/d/import

3 | @import "../../public/assets/scss/styles.scss"; 

src/styles/index.scss 4:9  root stylesheet



 ⚠ ./SOMI IT/LE MITOUARD/startix-nextjs/src/styles/index.scss
Issue while running loader
SassWarning: Deprecation Warning on line 3, column 8 of file:///Users/chandrelsomi/SOMI%20IT/LE%20MITOUARD/startix-nextjs/src/styles/index.scss:3:8:
Sass @import rules are deprecated and will be removed in Dart Sass 3.0.0.

More info and automated migrator: https://sass-lang.com/d/import

3 | @import "../../public/assets/scss/styles.scss"; 

src/styles/index.scss 4:9  root stylesheet



 ⚠ ./SOMI IT/LE MITOUARD/startix-nextjs/src/styles/index.scss
Issue while running loader
SassWarning: Deprecation Warning on line 3, column 8 of file:///Users/chandrelsomi/SOMI%20IT/LE%20MITOUARD/startix-nextjs/src/styles/index.scss:3:8:
Sass @import rules are deprecated and will be removed in Dart Sass 3.0.0.

More info and automated migrator: https://sass-lang.com/d/import

3 | @import "../../public/assets/scss/styles.scss"; 

src/styles/index.scss 4:9  root stylesheet



 ⚠ ./SOMI IT/LE MITOUARD/startix-nextjs/src/styles/index.scss
Issue while running loader
SassWarning: Deprecation Warning on line 3, column 8 of file:///Users/chandrelsomi/SOMI%20IT/LE%20MITOUARD/startix-nextjs/src/styles/index.scss:3:8:
Sass @import rules are deprecated and will be removed in Dart Sass 3.0.0.

More info and automated migrator: https://sass-lang.com/d/import

3 | @import "../../public/assets/scss/styles.scss"; 

src/styles/index.scss 4:9  root stylesheet



 ⚠ ./SOMI IT/LE MITOUARD/startix-nextjs/src/styles/index.scss
Issue while running loader
SassWarning: Deprecation Warning on line 3, column 8 of file:///Users/chandrelsomi/SOMI%20IT/LE%20MITOUARD/startix-nextjs/src/styles/index.scss:3:8:
Sass @import rules are deprecated and will be removed in Dart Sass 3.0.0.

More info and automated migrator: https://sass-lang.com/d/import

3 | @import "../../public/assets/scss/styles.scss"; 


src/styles/index.scss 4:9  root stylesheet



 GET /home-2 200 in 26ms (compile: 13ms, render: 13ms)
 ⚠ ./SOMI IT/LE MITOUARD/startix-nextjs/src/styles/index.scss
Issue while running loader
SassWarning: Deprecation Warning on line 3, column 8 of file:///Users/chandrelsomi/SOMI%20IT/LE%20MITOUARD/startix-nextjs/src/styles/index.scss:3:8:
Sass @import rules are deprecated and will be removed in Dart Sass 3.0.0.

More info and automated migrator: https://sass-lang.com/d/import

3 | @import "../../public/assets/scss/styles.scss"; 


src/styles/index.scss 4:9  root stylesheet



 GET /home-2 200 in 12ms (compile: 1400µs, render: 10ms)
 ⚠ ./SOMI IT/LE MITOUARD/startix-nextjs/src/styles/index.scss
Issue while running loader
SassWarning: Deprecation Warning on line 3, column 8 of file:///Users/chandrelsomi/SOMI%20IT/LE%20MITOUARD/startix-nextjs/src/styles/index.scss:3:8:
Sass @import rules are deprecated and will be removed in Dart Sass 3.0.0.

More info and automated migrator: https://sass-lang.com/d/import

3 | @import "../../public/assets/scss/styles.scss"; 


src/styles/index.scss 4:9  root stylesheet



 GET /home-2 200 in 14ms (compile: 1673µs, render: 12ms)
 ⚠ ./SOMI IT/LE MITOUARD/startix-nextjs/src/styles/index.scss
Issue while running loader
SassWarning: Deprecation Warning on line 3, column 8 of file:///Users/chandrelsomi/SOMI%20IT/LE%20MITOUARD/startix-nextjs/src/styles/index.scss:3:8:
Sass @import rules are deprecated and will be removed in Dart Sass 3.0.0.

More info and automated migrator: https://sass-lang.com/d/import

3 | @import "../../public/assets/scss/styles.scss"; 


src/styles/index.scss 4:9  root stylesheet



 GET /home-2 200 in 16ms (compile: 1972µs, render: 14ms)
 ⚠ ./SOMI IT/LE MITOUARD/startix-nextjs/src/styles/index.scss
Issue while running loader
SassWarning: Deprecation Warning on line 3, column 8 of file:///Users/chandrelsomi/SOMI%20IT/LE%20MITOUARD/startix-nextjs/src/styles/index.scss:3:8:
Sass @import rules are deprecated and will be removed in Dart Sass 3.0.0.

More info and automated migrator: https://sass-lang.com/d/import

3 | @import "../../public/assets/scss/styles.scss"; 


src/styles/index.scss 4:9  root stylesheet



 GET /home-2 200 in 24ms (compile: 6ms, render: 18ms)
 ⚠ ./SOMI IT/LE MITOUARD/startix-nextjs/src/styles/index.scss
Issue while running loader
SassWarning: Deprecation Warning on line 3, column 8 of file:///Users/chandrelsomi/SOMI%20IT/LE%20MITOUARD/startix-nextjs/src/styles/index.scss:3:8:
Sass @import rules are deprecated and will be removed in Dart Sass 3.0.0.

More info and automated migrator: https://sass-lang.com/d/import

3 | @import "../../public/assets/scss/styles.scss"; 


src/styles/index.scss 4:9  root stylesheet



 GET /home-2 200 in 12ms (compile: 1565µs, render: 11ms)
 ⚠ ./SOMI IT/LE MITOUARD/startix-nextjs/src/styles/index.scss
Issue while running loader
SassWarning: Deprecation Warning on line 3, column 8 of file:///Users/chandrelsomi/SOMI%20IT/LE%20MITOUARD/startix-nextjs/src/styles/index.scss:3:8:
Sass @import rules are deprecated and will be removed in Dart Sass 3.0.0.

More info and automated migrator: https://sass-lang.com/d/import

3 | @import "../../public/assets/scss/styles.scss"; 


src/styles/index.scss 4:9  root stylesheet



 GET /home-2 200 in 17ms (compile: 1446µs, render: 16ms)
 ⚠ ./SOMI IT/LE MITOUARD/startix-nextjs/src/styles/index.scss
Issue while running loader
SassWarning: Deprecation Warning on line 3, column 8 of file:///Users/chandrelsomi/SOMI%20IT/LE%20MITOUARD/startix-nextjs/src/styles/index.scss:3:8:
Sass @import rules are deprecated and will be removed in Dart Sass 3.0.0.

More info and automated migrator: https://sass-lang.com/d/import

3 | @import "../../public/assets/scss/styles.scss"; 


src/styles/index.scss 4:9  root stylesheet



 GET /home-2 200 in 42ms (compile: 19ms, render: 23ms)
 ⚠ ./SOMI IT/LE MITOUARD/startix-nextjs/src/styles/index.scss
Issue while running loader
SassWarning: Deprecation Warning on line 3, column 8 of file:///Users/chandrelsomi/SOMI%20IT/LE%20MITOUARD/startix-nextjs/src/styles/index.scss:3:8:
Sass @import rules are deprecated and will be removed in Dart Sass 3.0.0.

More info and automated migrator: https://sass-lang.com/d/import

3 | @import "../../public/assets/scss/styles.scss"; 


src/styles/index.scss 4:9  root stylesheet



 GET /home-2 200 in 23ms (compile: 1426µs, render: 21ms)
 ⚠ ./SOMI IT/LE MITOUARD/startix-nextjs/src/styles/index.scss
Issue while running loader
SassWarning: Deprecation Warning on line 3, column 8 of file:///Users/chandrelsomi/SOMI%20IT/LE%20MITOUARD/startix-nextjs/src/styles/index.scss:3:8:
Sass @import rules are deprecated and will be removed in Dart Sass 3.0.0.

More info and automated migrator: https://sass-lang.com/d/import

3 | @import "../../public/assets/scss/styles.scss"; 


src/styles/index.scss 4:9  root stylesheet



 GET /home-2 200 in 17ms (compile: 1646µs, render: 15ms)
 ⚠ ./SOMI IT/LE MITOUARD/startix-nextjs/src/styles/index.scss
Issue while running loader
SassWarning: Deprecation Warning on line 3, column 8 of file:///Users/chandrelsomi/SOMI%20IT/LE%20MITOUARD/startix-nextjs/src/styles/index.scss:3:8:
Sass @import rules are deprecated and will be removed in Dart Sass 3.0.0.

More info and automated migrator: https://sass-lang.com/d/import

3 | @import "../../public/assets/scss/styles.scss"; 


src/styles/index.scss 4:9  root stylesheet



 GET /home-2 200 in 15ms (compile: 3ms, render: 12ms)
 ⚠ ./SOMI IT/LE MITOUARD/startix-nextjs/src/styles/index.scss
Issue while running loader
SassWarning: Deprecation Warning on line 3, column 8 of file:///Users/chandrelsomi/SOMI%20IT/LE%20MITOUARD/startix-nextjs/src/styles/index.scss:3:8:
Sass @import rules are deprecated and will be removed in Dart Sass 3.0.0.

More info and automated migrator: https://sass-lang.com/d/import

3 | @import "../../public/assets/scss/styles.scss"; 


src/styles/index.scss 4:9  root stylesheet



 GET /home-2 200 in 23ms (compile: 2ms, render: 20ms)
 ⚠ ./SOMI IT/LE MITOUARD/startix-nextjs/src/styles/index.scss
Issue while running loader
SassWarning: Deprecation Warning on line 3, column 8 of file:///Users/chandrelsomi/SOMI%20IT/LE%20MITOUARD/startix-nextjs/src/styles/index.scss:3:8:
Sass @import rules are deprecated and will be removed in Dart Sass 3.0.0.

More info and automated migrator: https://sass-lang.com/d/import

3 | @import "../../public/assets/scss/styles.scss"; 


src/styles/index.scss 4:9  root stylesheet



 GET /home-2 200 in 15ms (compile: 1551µs, render: 13ms)
 ⚠ ./SOMI IT/LE MITOUARD/startix-nextjs/src/styles/index.scss
Issue while running loader
SassWarning: Deprecation Warning on line 3, column 8 of file:///Users/chandrelsomi/SOMI%20IT/LE%20MITOUARD/startix-nextjs/src/styles/index.scss:3:8:
Sass @import rules are deprecated and will be removed in Dart Sass 3.0.0.

More info and automated migrator: https://sass-lang.com/d/import

3 | @import "../../public/assets/scss/styles.scss"; 


src/styles/index.scss 4:9  root stylesheet



 GET /home-2 200 in 16ms (compile: 4ms, render: 12ms)
 ⚠ ./SOMI IT/LE MITOUARD/startix-nextjs/src/styles/index.scss
Issue while running loader
SassWarning: Deprecation Warning on line 3, column 8 of file:///Users/chandrelsomi/SOMI%20IT/LE%20MITOUARD/startix-nextjs/src/styles/index.scss:3:8:
Sass @import rules are deprecated and will be removed in Dart Sass 3.0.0.

More info and automated migrator: https://sass-lang.com/d/import

3 | @import "../../public/assets/scss/styles.scss"; 


src/styles/index.scss 4:9  root stylesheet



 GET /home-2 200 in 54ms (compile: 3ms, render: 50ms)
 ⚠ ./SOMI IT/LE MITOUARD/startix-nextjs/src/styles/index.scss
Issue while running loader
SassWarning: Deprecation Warning on line 3, column 8 of file:///Users/chandrelsomi/SOMI%20IT/LE%20MITOUARD/startix-nextjs/src/styles/index.scss:3:8:
Sass @import rules are deprecated and will be removed in Dart Sass 3.0.0.

More info and automated migrator: https://sass-lang.com/d/import

3 | @import "../../public/assets/scss/styles.scss"; 


src/styles/index.scss 4:9  root stylesheet



 ⚠ ./SOMI IT/LE MITOUARD/startix-nextjs/src/styles/index.scss
Issue while running loader
SassWarning: Deprecation Warning on line 3, column 8 of file:///Users/chandrelsomi/SOMI%20IT/LE%20MITOUARD/startix-nextjs/src/styles/index.scss:3:8:
Sass @import rules are deprecated and will be removed in Dart Sass 3.0.0.

More info and automated migrator: https://sass-lang.com/d/import

3 | @import "../../public/assets/scss/styles.scss"; 


src/styles/index.scss 4:9  root stylesheet



 ⚠ ./SOMI IT/LE MITOUARD/startix-nextjs/src/styles/index.scss
Issue while running loader
SassWarning: Deprecation Warning on line 3, column 8 of file:///Users/chandrelsomi/SOMI%20IT/LE%20MITOUARD/startix-nextjs/src/styles/index.scss:3:8:
Sass @import rules are deprecated and will be removed in Dart Sass 3.0.0.

More info and automated migrator: https://sass-lang.com/d/import

3 | @import "../../public/assets/scss/styles.scss"; 


src/styles/index.scss 4:9  root stylesheet



 ⚠ ./SOMI IT/LE MITOUARD/startix-nextjs/src/styles/index.scss
Issue while running loader
SassWarning: Deprecation Warning on line 3, column 8 of file:///Users/chandrelsomi/SOMI%20IT/LE%20MITOUARD/startix-nextjs/src/styles/index.scss:3:8:
Sass @import rules are deprecated and will be removed in Dart Sass 3.0.0.

More info and automated migrator: https://sass-lang.com/d/import

3 | @import "../../public/assets/scss/styles.scss"; 


src/styles/index.scss 4:9  root stylesheet



 ⚠ ./SOMI IT/LE MITOUARD/startix-nextjs/src/styles/index.scss
Issue while running loader
SassWarning: Deprecation Warning on line 3, column 8 of file:///Users/chandrelsomi/SOMI%20IT/LE%20MITOUARD/startix-nextjs/src/styles/index.scss:3:8:
Sass @import rules are deprecated and will be removed in Dart Sass 3.0.0.

More info and automated migrator: https://sass-lang.com/d/import

3 | @import "../../public/assets/scss/styles.scss"; 


src/styles/index.scss 4:9  root stylesheet



 ⚠ ./SOMI IT/LE MITOUARD/startix-nextjs/src/styles/index.scss
Issue while running loader
SassWarning: Deprecation Warning on line 3, column 8 of file:///Users/chandrelsomi/SOMI%20IT/LE%20MITOUARD/startix-nextjs/src/styles/index.scss:3:8:
Sass @import rules are deprecated and will be removed in Dart Sass 3.0.0.

More info and automated migrator: https://sass-lang.com/d/import

3 | @import "../../public/assets/scss/styles.scss"; 


src/styles/index.scss 4:9  root stylesheet



 ⚠ ./SOMI IT/LE MITOUARD/startix-nextjs/src/styles/index.scss
Issue while running loader
SassWarning: Deprecation Warning on line 3, column 8 of file:///Users/chandrelsomi/SOMI%20IT/LE%20MITOUARD/startix-nextjs/src/styles/index.scss:3:8:
Sass @import rules are deprecated and will be removed in Dart Sass 3.0.0.

More info and automated migrator: https://sass-lang.com/d/import

3 | @import "../../public/assets/scss/styles.scss"; 


src/styles/index.scss 4:9  root stylesheet



 ⚠ ./SOMI IT/LE MITOUARD/startix-nextjs/src/styles/index.scss
Issue while running loader
SassWarning: Deprecation Warning on line 3, column 8 of file:///Users/chandrelsomi/SOMI%20IT/LE%20MITOUARD/startix-nextjs/src/styles/index.scss:3:8:
Sass @import rules are deprecated and will be removed in Dart Sass 3.0.0.

More info and automated migrator: https://sass-lang.com/d/import

3 | @import "../../public/assets/scss/styles.scss"; 


src/styles/index.scss 4:9  root stylesheet



 GET /contact 200 in 152ms (compile: 109ms, render: 44ms)
 ⚠ ./SOMI IT/LE MITOUARD/startix-nextjs/src/styles/index.scss
Issue while running loader
SassWarning: Deprecation Warning on line 3, column 8 of file:///Users/chandrelsomi/SOMI%20IT/LE%20MITOUARD/startix-nextjs/src/styles/index.scss:3:8:
Sass @import rules are deprecated and will be removed in Dart Sass 3.0.0.

More info and automated migrator: https://sass-lang.com/d/import

3 | @import "../../public/assets/scss/styles.scss"; 


src/styles/index.scss 4:9  root stylesheet



 GET /home-2 200 in 30ms (compile: 15ms, render: 15ms)
 ⚠ ./SOMI IT/LE MITOUARD/startix-nextjs/src/styles/index.scss
Issue while running loader
SassWarning: Deprecation Warning on line 3, column 8 of file:///Users/chandrelsomi/SOMI%20IT/LE%20MITOUARD/startix-nextjs/src/styles/index.scss:3:8:
Sass @import rules are deprecated and will be removed in Dart Sass 3.0.0.

More info and automated migrator: https://sass-lang.com/d/import

3 | @import "../../public/assets/scss/styles.scss"; 


src/styles/index.scss 4:9  root stylesheet



 GET /home-2 200 in 12ms (compile: 2ms, render: 10ms)
 ⚠ ./SOMI IT/LE MITOUARD/startix-nextjs/src/styles/index.scss
Issue while running loader
SassWarning: Deprecation Warning on line 3, column 8 of file:///Users/chandrelsomi/SOMI%20IT/LE%20MITOUARD/startix-nextjs/src/styles/index.scss:3:8:
Sass @import rules are deprecated and will be removed in Dart Sass 3.0.0.

More info and automated migrator: https://sass-lang.com/d/import

3 | @import "../../public/assets/scss/styles.scss"; 


src/styles/index.scss 4:9  root stylesheet



 GET /home-2 200 in 14ms (compile: 1432µs, render: 13ms)
 ⚠ ./SOMI IT/LE MITOUARD/startix-nextjs/src/styles/index.scss
Issue while running loader
SassWarning: Deprecation Warning on line 3, column 8 of file:///Users/chandrelsomi/SOMI%20IT/LE%20MITOUARD/startix-nextjs/src/styles/index.scss:3:8:
Sass @import rules are deprecated and will be removed in Dart Sass 3.0.0.

More info and automated migrator: https://sass-lang.com/d/import

3 | @import "../../public/assets/scss/styles.scss"; 


src/styles/index.scss 4:9  root stylesheet



 GET /home-2 200 in 12ms (compile: 1353µs, render: 11ms)
 ⚠ ./SOMI IT/LE MITOUARD/startix-nextjs/src/styles/index.scss
Issue while running loader
SassWarning: Deprecation Warning on line 3, column 8 of file:///Users/chandrelsomi/SOMI%20IT/LE%20MITOUARD/startix-nextjs/src/styles/index.scss:3:8:
Sass @import rules are deprecated and will be removed in Dart Sass 3.0.0.

More info and automated migrator: https://sass-lang.com/d/import

3 | @import "../../public/assets/scss/styles.scss"; 


src/styles/index.scss 4:9  root stylesheet



 GET /home-2 200 in 16ms (compile: 2ms, render: 14ms)
 ⚠ ./SOMI IT/LE MITOUARD/startix-nextjs/src/styles/index.scss
Issue while running loader
SassWarning: Deprecation Warning on line 3, column 8 of file:///Users/chandrelsomi/SOMI%20IT/LE%20MITOUARD/startix-nextjs/src/styles/index.scss:3:8:
Sass @import rules are deprecated and will be removed in Dart Sass 3.0.0.

More info and automated migrator: https://sass-lang.com/d/import

3 | @import "../../public/assets/scss/styles.scss"; 


src/styles/index.scss 4:9  root stylesheet



 GET /home-2 200 in 13ms (compile: 1419µs, render: 12ms)
 ⚠ ./SOMI IT/LE MITOUARD/startix-nextjs/src/styles/index.scss
Issue while running loader
SassWarning: Deprecation Warning on line 3, column 8 of file:///Users/chandrelsomi/SOMI%20IT/LE%20MITOUARD/startix-nextjs/src/styles/index.scss:3:8:
Sass @import rules are deprecated and will be removed in Dart Sass 3.0.0.

More info and automated migrator: https://sass-lang.com/d/import

3 | @import "../../public/assets/scss/styles.scss"; 


src/styles/index.scss 4:9  root stylesheet



 GET /home-2 200 in 15ms (compile: 1476µs, render: 14ms)
 ⚠ ./SOMI IT/LE MITOUARD/startix-nextjs/src/styles/index.scss
Issue while running loader
SassWarning: Deprecation Warning on line 3, column 8 of file:///Users/chandrelsomi/SOMI%20IT/LE%20MITOUARD/startix-nextjs/src/styles/index.scss:3:8:
Sass @import rules are deprecated and will be removed in Dart Sass 3.0.0.

More info and automated migrator: https://sass-lang.com/d/import

3 | @import "../../public/assets/scss/styles.scss"; 


src/styles/index.scss 4:9  root stylesheet



 GET /home-2 200 in 24ms (compile: 12ms, render: 12ms)
 ⚠ ./SOMI IT/LE MITOUARD/startix-nextjs/src/styles/index.scss
Issue while running loader
SassWarning: Deprecation Warning on line 3, column 8 of file:///Users/chandrelsomi/SOMI%20IT/LE%20MITOUARD/startix-nextjs/src/styles/index.scss:3:8:
Sass @import rules are deprecated and will be removed in Dart Sass 3.0.0.

More info and automated migrator: https://sass-lang.com/d/import

3 | @import "../../public/assets/scss/styles.scss"; 


src/styles/index.scss 4:9  root stylesheet



 GET /home-2 200 in 15ms (compile: 1924µs, render: 13ms)
 ⚠ ./SOMI IT/LE MITOUARD/startix-nextjs/src/styles/index.scss
Issue while running loader
SassWarning: Deprecation Warning on line 3, column 8 of file:///Users/chandrelsomi/SOMI%20IT/LE%20MITOUARD/startix-nextjs/src/styles/index.scss:3:8:
Sass @import rules are deprecated and will be removed in Dart Sass 3.0.0.

More info and automated migrator: https://sass-lang.com/d/import

3 | @import "../../public/assets/scss/styles.scss"; 


src/styles/index.scss 4:9  root stylesheet



 GET /home-2 200 in 13ms (compile: 1564µs, render: 12ms)
 ⚠ ./SOMI IT/LE MITOUARD/startix-nextjs/src/styles/index.scss
Issue while running loader
SassWarning: Deprecation Warning on line 3, column 8 of file:///Users/chandrelsomi/SOMI%20IT/LE%20MITOUARD/startix-nextjs/src/styles/index.scss:3:8:
Sass @import rules are deprecated and will be removed in Dart Sass 3.0.0.

More info and automated migrator: https://sass-lang.com/d/import

3 | @import "../../public/assets/scss/styles.scss"; 


src/styles/index.scss 4:9  root stylesheet



 GET /home-2 200 in 13ms (compile: 1512µs, render: 12ms)
 ⚠ ./SOMI IT/LE MITOUARD/startix-nextjs/src/styles/index.scss
Issue while running loader
SassWarning: Deprecation Warning on line 3, column 8 of file:///Users/chandrelsomi/SOMI%20IT/LE%20MITOUARD/startix-nextjs/src/styles/index.scss:3:8:
Sass @import rules are deprecated and will be removed in Dart Sass 3.0.0.

More info and automated migrator: https://sass-lang.com/d/import

3 | @import "../../public/assets/scss/styles.scss"; 


src/styles/index.scss 4:9  root stylesheet



 GET /home-2 200 in 12ms (compile: 1465µs, render: 10ms)
 ✓ Compiled in 425ms
 ⚠ ./SOMI IT/LE MITOUARD/startix-nextjs/src/styles/index.scss
Issue while running loader
SassWarning: Deprecation Warning on line 3, column 8 of file:///Users/chandrelsomi/SOMI%20IT/LE%20MITOUARD/startix-nextjs/src/styles/index.scss:3:8:
Sass @import rules are deprecated and will be removed in Dart Sass 3.0.0.

More info and automated migrator: https://sass-lang.com/d/import

3 | @import "../../public/assets/scss/styles.scss"; 


src/styles/index.scss 4:9  root stylesheet



 GET /home-2 200 in 19ms (compile: 3ms, render: 16ms)
 ⚠ ./SOMI IT/LE MITOUARD/startix-nextjs/src/styles/index.scss
Issue while running loader
SassWarning: Deprecation Warning on line 3, column 8 of file:///Users/chandrelsomi/SOMI%20IT/LE%20MITOUARD/startix-nextjs/src/styles/index.scss:3:8:
Sass @import rules are deprecated and will be removed in Dart Sass 3.0.0.

More info and automated migrator: https://sass-lang.com/d/import

3 | @import "../../public/assets/scss/styles.scss"; 


src/styles/index.scss 4:9  root stylesheet



 GET /home-2 200 in 14ms (compile: 2ms, render: 12ms)
 ⚠ ./SOMI IT/LE MITOUARD/startix-nextjs/src/styles/index.scss
Issue while running loader
SassWarning: Deprecation Warning on line 3, column 8 of file:///Users/chandrelsomi/SOMI%20IT/LE%20MITOUARD/startix-nextjs/src/styles/index.scss:3:8:
Sass @import rules are deprecated and will be removed in Dart Sass 3.0.0.

More info and automated migrator: https://sass-lang.com/d/import

3 | @import "../../public/assets/scss/styles.scss"; 


src/styles/index.scss 4:9  root stylesheet



 GET /home-2 200 in 46ms (compile: 2ms, render: 44ms)
 ⚠ ./SOMI IT/LE MITOUARD/startix-nextjs/src/styles/index.scss
Issue while running loader
SassWarning: Deprecation Warning on line 3, column 8 of file:///Users/chandrelsomi/SOMI%20IT/LE%20MITOUARD/startix-nextjs/src/styles/index.scss:3:8:
Sass @import rules are deprecated and will be removed in Dart Sass 3.0.0.

More info and automated migrator: https://sass-lang.com/d/import

3 | @import "../../public/assets/scss/styles.scss"; 


src/styles/index.scss 4:9  root stylesheet



 ⚠ ./SOMI IT/LE MITOUARD/startix-nextjs/src/styles/index.scss
Issue while running loader
SassWarning: Deprecation Warning on line 3, column 8 of file:///Users/chandrelsomi/SOMI%20IT/LE%20MITOUARD/startix-nextjs/src/styles/index.scss:3:8:
Sass @import rules are deprecated and will be removed in Dart Sass 3.0.0.

More info and automated migrator: https://sass-lang.com/d/import

3 | @import "../../public/assets/scss/styles.scss"; 


src/styles/index.scss 4:9  root stylesheet



 ⚠ ./SOMI IT/LE MITOUARD/startix-nextjs/src/styles/index.scss
Issue while running loader
SassWarning: Deprecation Warning on line 3, column 8 of file:///Users/chandrelsomi/SOMI%20IT/LE%20MITOUARD/startix-nextjs/src/styles/index.scss:3:8:
Sass @import rules are deprecated and will be removed in Dart Sass 3.0.0.

More info and automated migrator: https://sass-lang.com/d/import

3 | @import "../../public/assets/scss/styles.scss"; 


src/styles/index.scss 4:9  root stylesheet



 ⚠ ./SOMI IT/LE MITOUARD/startix-nextjs/src/styles/index.scss
Issue while running loader
SassWarning: Deprecation Warning on line 3, column 8 of file:///Users/chandrelsomi/SOMI%20IT/LE%20MITOUARD/startix-nextjs/src/styles/index.scss:3:8:
Sass @import rules are deprecated and will be removed in Dart Sass 3.0.0.

More info and automated migrator: https://sass-lang.com/d/import

3 | @import "../../public/assets/scss/styles.scss"; 


src/styles/index.scss 4:9  root stylesheet



 ⚠ ./SOMI IT/LE MITOUARD/startix-nextjs/src/styles/index.scss
Issue while running loader
SassWarning: Deprecation Warning on line 3, column 8 of file:///Users/chandrelsomi/SOMI%20IT/LE%20MITOUARD/startix-nextjs/src/styles/index.scss:3:8:
Sass @import rules are deprecated and will be removed in Dart Sass 3.0.0.

More info and automated migrator: https://sass-lang.com/d/import

3 | @import "../../public/assets/scss/styles.scss"; 


src/styles/index.scss 4:9  root stylesheet



 ⚠ ./SOMI IT/LE MITOUARD/startix-nextjs/src/styles/index.scss
Issue while running loader
SassWarning: Deprecation Warning on line 3, column 8 of file:///Users/chandrelsomi/SOMI%20IT/LE%20MITOUARD/startix-nextjs/src/styles/index.scss:3:8:
Sass @import rules are deprecated and will be removed in Dart Sass 3.0.0.

More info and automated migrator: https://sass-lang.com/d/import

3 | @import "../../public/assets/scss/styles.scss"; 


src/styles/index.scss 4:9  root stylesheet



 ⚠ ./SOMI IT/LE MITOUARD/startix-nextjs/src/styles/index.scss
Issue while running loader
SassWarning: Deprecation Warning on line 3, column 8 of file:///Users/chandrelsomi/SOMI%20IT/LE%20MITOUARD/startix-nextjs/src/styles/index.scss:3:8:
Sass @import rules are deprecated and will be removed in Dart Sass 3.0.0.

More info and automated migrator: https://sass-lang.com/d/import

3 | @import "../../public/assets/scss/styles.scss"; 


src/styles/index.scss 4:9  root stylesheet



 ⚠ ./SOMI IT/LE MITOUARD/startix-nextjs/src/styles/index.scss
Issue while running loader
SassWarning: Deprecation Warning on line 3, column 8 of file:///Users/chandrelsomi/SOMI%20IT/LE%20MITOUARD/startix-nextjs/src/styles/index.scss:3:8:
Sass @import rules are deprecated and will be removed in Dart Sass 3.0.0.

More info and automated migrator: https://sass-lang.com/d/import

3 | @import "../../public/assets/scss/styles.scss"; 


src/styles/index.scss 4:9  root stylesheet



 GET /home-2 200 in 24ms (compile: 9ms, render: 15ms)
 ⚠ ./SOMI IT/LE MITOUARD/startix-nextjs/src/styles/index.scss
Issue while running loader
SassWarning: Deprecation Warning on line 3, column 8 of file:///Users/chandrelsomi/SOMI%20IT/LE%20MITOUARD/startix-nextjs/src/styles/index.scss:3:8:
Sass @import rules are deprecated and will be removed in Dart Sass 3.0.0.

More info and automated migrator: https://sass-lang.com/d/import

3 | @import "../../public/assets/scss/styles.scss"; 


src/styles/index.scss 4:9  root stylesheet



 GET /home-2 200 in 14ms (compile: 1536µs, render: 12ms)
 ⚠ ./SOMI IT/LE MITOUARD/startix-nextjs/src/styles/index.scss
Issue while running loader
SassWarning: Deprecation Warning on line 3, column 8 of file:///Users/chandrelsomi/SOMI%20IT/LE%20MITOUARD/startix-nextjs/src/styles/index.scss:3:8:
Sass @import rules are deprecated and will be removed in Dart Sass 3.0.0.

More info and automated migrator: https://sass-lang.com/d/import

3 | @import "../../public/assets/scss/styles.scss"; 


src/styles/index.scss 4:9  root stylesheet



 GET /home-2 200 in 14ms (compile: 1442µs, render: 13ms)
 ⚠ ./SOMI IT/LE MITOUARD/startix-nextjs/src/styles/index.scss
Issue while running loader
SassWarning: Deprecation Warning on line 3, column 8 of file:///Users/chandrelsomi/SOMI%20IT/LE%20MITOUARD/startix-nextjs/src/styles/index.scss:3:8:
Sass @import rules are deprecated and will be removed in Dart Sass 3.0.0.

More info and automated migrator: https://sass-lang.com/d/import

3 | @import "../../public/assets/scss/styles.scss"; 


src/styles/index.scss 4:9  root stylesheet



 GET /home-2 200 in 14ms (compile: 1434µs, render: 13ms)
 ⚠ ./SOMI IT/LE MITOUARD/startix-nextjs/src/styles/index.scss
Issue while running loader
SassWarning: Deprecation Warning on line 3, column 8 of file:///Users/chandrelsomi/SOMI%20IT/LE%20MITOUARD/startix-nextjs/src/styles/index.scss:3:8:
Sass @import rules are deprecated and will be removed in Dart Sass 3.0.0.

More info and automated migrator: https://sass-lang.com/d/import

3 | @import "../../public/assets/scss/styles.scss"; 


src/styles/index.scss 4:9  root stylesheet



 GET /home-2 200 in 13ms (compile: 1428µs, render: 12ms)
 ⚠ ./SOMI IT/LE MITOUARD/startix-nextjs/src/styles/index.scss
Issue while running loader
SassWarning: Deprecation Warning on line 3, column 8 of file:///Users/chandrelsomi/SOMI%20IT/LE%20MITOUARD/startix-nextjs/src/styles/index.scss:3:8:
Sass @import rules are deprecated and will be removed in Dart Sass 3.0.0.

More info and automated migrator: https://sass-lang.com/d/import

3 | @import "../../public/assets/scss/styles.scss"; 


src/styles/index.scss 4:9  root stylesheet



 GET /home-2 200 in 13ms (compile: 1422µs, render: 12ms)
 ⚠ ./SOMI IT/LE MITOUARD/startix-nextjs/src/styles/index.scss
Issue while running loader
SassWarning: Deprecation Warning on line 3, column 8 of file:///Users/chandrelsomi/SOMI%20IT/LE%20MITOUARD/startix-nextjs/src/styles/index.scss:3:8:
Sass @import rules are deprecated and will be removed in Dart Sass 3.0.0.

More info and automated migrator: https://sass-lang.com/d/import

3 | @import "../../public/assets/scss/styles.scss"; 


src/styles/index.scss 4:9  root stylesheet



 GET /home-2 200 in 13ms (compile: 1490µs, render: 11ms)
 ⚠ ./SOMI IT/LE MITOUARD/startix-nextjs/src/styles/index.scss
Issue while running loader
SassWarning: Deprecation Warning on line 3, column 8 of file:///Users/chandrelsomi/SOMI%20IT/LE%20MITOUARD/startix-nextjs/src/styles/index.scss:3:8:
Sass @import rules are deprecated and will be removed in Dart Sass 3.0.0.

More info and automated migrator: https://sass-lang.com/d/import

3 | @import "../../public/assets/scss/styles.scss"; 


src/styles/index.scss 4:9  root stylesheet



 GET /home-2 200 in 50ms (compile: 3ms, render: 47ms)
 ⚠ ./SOMI IT/LE MITOUARD/startix-nextjs/src/styles/index.scss
Issue while running loader
SassWarning: Deprecation Warning on line 3, column 8 of file:///Users/chandrelsomi/SOMI%20IT/LE%20MITOUARD/startix-nextjs/src/styles/index.scss:3:8:
Sass @import rules are deprecated and will be removed in Dart Sass 3.0.0.

More info and automated migrator: https://sass-lang.com/d/import

3 | @import "../../public/assets/scss/styles.scss"; 


src/styles/index.scss 4:9  root stylesheet



 ⚠ ./SOMI IT/LE MITOUARD/startix-nextjs/src/styles/index.scss
Issue while running loader
SassWarning: Deprecation Warning on line 3, column 8 of file:///Users/chandrelsomi/SOMI%20IT/LE%20MITOUARD/startix-nextjs/src/styles/index.scss:3:8:
Sass @import rules are deprecated and will be removed in Dart Sass 3.0.0.

More info and automated migrator: https://sass-lang.com/d/import

3 | @import "../../public/assets/scss/styles.scss"; 


src/styles/index.scss 4:9  root stylesheet



 ⚠ ./SOMI IT/LE MITOUARD/startix-nextjs/src/styles/index.scss
Issue while running loader
SassWarning: Deprecation Warning on line 3, column 8 of file:///Users/chandrelsomi/SOMI%20IT/LE%20MITOUARD/startix-nextjs/src/styles/index.scss:3:8:
Sass @import rules are deprecated and will be removed in Dart Sass 3.0.0.

More info and automated migrator: https://sass-lang.com/d/import

3 | @import "../../public/assets/scss/styles.scss"; 


src/styles/index.scss 4:9  root stylesheet



 ⚠ ./SOMI IT/LE MITOUARD/startix-nextjs/src/styles/index.scss
Issue while running loader
SassWarning: Deprecation Warning on line 3, column 8 of file:///Users/chandrelsomi/SOMI%20IT/LE%20MITOUARD/startix-nextjs/src/styles/index.scss:3:8:
Sass @import rules are deprecated and will be removed in Dart Sass 3.0.0.

More info and automated migrator: https://sass-lang.com/d/import

3 | @import "../../public/assets/scss/styles.scss"; 


src/styles/index.scss 4:9  root stylesheet



 ⚠ ./SOMI IT/LE MITOUARD/startix-nextjs/src/styles/index.scss
Issue while running loader
SassWarning: Deprecation Warning on line 3, column 8 of file:///Users/chandrelsomi/SOMI%20IT/LE%20MITOUARD/startix-nextjs/src/styles/index.scss:3:8:
Sass @import rules are deprecated and will be removed in Dart Sass 3.0.0.

More info and automated migrator: https://sass-lang.com/d/import

3 | @import "../../public/assets/scss/styles.scss"; 


src/styles/index.scss 4:9  root stylesheet



 ⚠ ./SOMI IT/LE MITOUARD/startix-nextjs/src/styles/index.scss
Issue while running loader
SassWarning: Deprecation Warning on line 3, column 8 of file:///Users/chandrelsomi/SOMI%20IT/LE%20MITOUARD/startix-nextjs/src/styles/index.scss:3:8:
Sass @import rules are deprecated and will be removed in Dart Sass 3.0.0.

More info and automated migrator: https://sass-lang.com/d/import

3 | @import "../../public/assets/scss/styles.scss"; 


src/styles/index.scss 4:9  root stylesheet



 ⚠ ./SOMI IT/LE MITOUARD/startix-nextjs/src/styles/index.scss
Issue while running loader
SassWarning: Deprecation Warning on line 3, column 8 of file:///Users/chandrelsomi/SOMI%20IT/LE%20MITOUARD/startix-nextjs/src/styles/index.scss:3:8:
Sass @import rules are deprecated and will be removed in Dart Sass 3.0.0.

More info and automated migrator: https://sass-lang.com/d/import

3 | @import "../../public/assets/scss/styles.scss"; 


src/styles/index.scss 4:9  root stylesheet



 ⚠ ./SOMI IT/LE MITOUARD/startix-nextjs/src/styles/index.scss
Issue while running loader
SassWarning: Deprecation Warning on line 3, column 8 of file:///Users/chandrelsomi/SOMI%20IT/LE%20MITOUARD/startix-nextjs/src/styles/index.scss:3:8:
Sass @import rules are deprecated and will be removed in Dart Sass 3.0.0.

More info and automated migrator: https://sass-lang.com/d/import

3 | @import "../../public/assets/scss/styles.scss"; 


src/styles/index.scss 4:9  root stylesheet



 GET /.well-known/appspecific/com.chrome.devtools.json 200 in 102ms (compile: 25ms, render: 77ms)
 ✓ Compiled in 82ms
 ⚠ ./SOMI IT/LE MITOUARD/startix-nextjs/src/styles/index.scss
Issue while running loader
SassWarning: Deprecation Warning on line 3, column 8 of file:///Users/chandrelsomi/SOMI%20IT/LE%20MITOUARD/startix-nextjs/src/styles/index.scss:3:8:
Sass @import rules are deprecated and will be removed in Dart Sass 3.0.0.

More info and automated migrator: https://sass-lang.com/d/import

3 | @import "../../public/assets/scss/styles.scss"; 


src/styles/index.scss 4:9  root stylesheet



 GET /home-2 200 in 87ms (compile: 19ms, render: 68ms)
 ⚠ ./SOMI IT/LE MITOUARD/startix-nextjs/src/styles/index.scss
Issue while running loader
SassWarning: Deprecation Warning on line 3, column 8 of file:///Users/chandrelsomi/SOMI%20IT/LE%20MITOUARD/startix-nextjs/src/styles/index.scss:3:8:
Sass @import rules are deprecated and will be removed in Dart Sass 3.0.0.

More info and automated migrator: https://sass-lang.com/d/import

3 | @import "../../public/assets/scss/styles.scss"; 


src/styles/index.scss 4:9  root stylesheet



 ⚠ ./SOMI IT/LE MITOUARD/startix-nextjs/src/styles/index.scss
Issue while running loader
SassWarning: Deprecation Warning on line 3, column 8 of file:///Users/chandrelsomi/SOMI%20IT/LE%20MITOUARD/startix-nextjs/src/styles/index.scss:3:8:
Sass @import rules are deprecated and will be removed in Dart Sass 3.0.0.

More info and automated migrator: https://sass-lang.com/d/import

3 | @import "../../public/assets/scss/styles.scss"; 


src/styles/index.scss 4:9  root stylesheet



 ⚠ ./SOMI IT/LE MITOUARD/startix-nextjs/src/styles/index.scss
Issue while running loader
SassWarning: Deprecation Warning on line 3, column 8 of file:///Users/chandrelsomi/SOMI%20IT/LE%20MITOUARD/startix-nextjs/src/styles/index.scss:3:8:
Sass @import rules are deprecated and will be removed in Dart Sass 3.0.0.

More info and automated migrator: https://sass-lang.com/d/import

3 | @import "../../public/assets/scss/styles.scss"; 


src/styles/index.scss 4:9  root stylesheet



 ⚠ ./SOMI IT/LE MITOUARD/startix-nextjs/src/styles/index.scss
Issue while running loader
SassWarning: Deprecation Warning on line 3, column 8 of file:///Users/chandrelsomi/SOMI%20IT/LE%20MITOUARD/startix-nextjs/src/styles/index.scss:3:8:
Sass @import rules are deprecated and will be removed in Dart Sass 3.0.0.

More info and automated migrator: https://sass-lang.com/d/import

3 | @import "../../public/assets/scss/styles.scss"; 


src/styles/index.scss 4:9  root stylesheet



 ⚠ ./SOMI IT/LE MITOUARD/startix-nextjs/src/styles/index.scss
Issue while running loader
SassWarning: Deprecation Warning on line 3, column 8 of file:///Users/chandrelsomi/SOMI%20IT/LE%20MITOUARD/startix-nextjs/src/styles/index.scss:3:8:
Sass @import rules are deprecated and will be removed in Dart Sass 3.0.0.

More info and automated migrator: https://sass-lang.com/d/import

3 | @import "../../public/assets/scss/styles.scss"; 


src/styles/index.scss 4:9  root stylesheet



 ⚠ ./SOMI IT/LE MITOUARD/startix-nextjs/src/styles/index.scss
Issue while running loader
SassWarning: Deprecation Warning on line 3, column 8 of file:///Users/chandrelsomi/SOMI%20IT/LE%20MITOUARD/startix-nextjs/src/styles/index.scss:3:8:
Sass @import rules are deprecated and will be removed in Dart Sass 3.0.0.

More info and automated migrator: https://sass-lang.com/d/import

3 | @import "../../public/assets/scss/styles.scss"; 


src/styles/index.scss 4:9  root stylesheet



 ⚠ ./SOMI IT/LE MITOUARD/startix-nextjs/src/styles/index.scss
Issue while running loader
SassWarning: Deprecation Warning on line 3, column 8 of file:///Users/chandrelsomi/SOMI%20IT/LE%20MITOUARD/startix-nextjs/src/styles/index.scss:3:8:
Sass @import rules are deprecated and will be removed in Dart Sass 3.0.0.

More info and automated migrator: https://sass-lang.com/d/import

3 | @import "../../public/assets/scss/styles.scss"; 


src/styles/index.scss 4:9  root stylesheet



 ⚠ ./SOMI IT/LE MITOUARD/startix-nextjs/src/styles/index.scss
Issue while running loader
SassWarning: Deprecation Warning on line 3, column 8 of file:///Users/chandrelsomi/SOMI%20IT/LE%20MITOUARD/startix-nextjs/src/styles/index.scss:3:8:
Sass @import rules are deprecated and will be removed in Dart Sass 3.0.0.

More info and automated migrator: https://sass-lang.com/d/import

3 | @import "../../public/assets/scss/styles.scss"; 


src/styles/index.scss 4:9  root stylesheet



 GET /.well-known/appspecific/com.chrome.devtools.json 200 in 59ms (compile: 7ms, render: 52ms)
 ⚠ ./SOMI IT/LE MITOUARD/startix-nextjs/src/styles/index.scss
Issue while running loader
SassWarning: Deprecation Warning on line 3, column 8 of file:///Users/chandrelsomi/SOMI%20IT/LE%20MITOUARD/startix-nextjs/src/styles/index.scss:3:8:
Sass @import rules are deprecated and will be removed in Dart Sass 3.0.0.

More info and automated migrator: https://sass-lang.com/d/import

3 | @import "../../public/assets/scss/styles.scss"; 


src/styles/index.scss 4:9  root stylesheet



 GET /.well-known/appspecific/com.chrome.devtools.json 200 in 174ms (compile: 10ms, render: 164ms)
 ✓ Compiled in 46ms
 ⚠ ./SOMI IT/LE MITOUARD/startix-nextjs/src/styles/index.scss
Issue while running loader
SassWarning: Deprecation Warning on line 3, column 8 of file:///Users/chandrelsomi/SOMI%20IT/LE%20MITOUARD/startix-nextjs/src/styles/index.scss:3:8:
Sass @import rules are deprecated and will be removed in Dart Sass 3.0.0.

More info and automated migrator: https://sass-lang.com/d/import

3 | @import "../../public/assets/scss/styles.scss"; 


src/styles/index.scss 4:9  root stylesheet



 GET /home-2 200 in 323ms (compile: 101ms, render: 223ms)
 ⚠ ./SOMI IT/LE MITOUARD/startix-nextjs/src/styles/index.scss
Issue while running loader
SassWarning: Deprecation Warning on line 3, column 8 of file:///Users/chandrelsomi/SOMI%20IT/LE%20MITOUARD/startix-nextjs/src/styles/index.scss:3:8:
Sass @import rules are deprecated and will be removed in Dart Sass 3.0.0.

More info and automated migrator: https://sass-lang.com/d/import

3 | @import "../../public/assets/scss/styles.scss"; 


src/styles/index.scss 4:9  root stylesheet



 ⚠ ./SOMI IT/LE MITOUARD/startix-nextjs/src/styles/index.scss
Issue while running loader
SassWarning: Deprecation Warning on line 3, column 8 of file:///Users/chandrelsomi/SOMI%20IT/LE%20MITOUARD/startix-nextjs/src/styles/index.scss:3:8:
Sass @import rules are deprecated and will be removed in Dart Sass 3.0.0.

More info and automated migrator: https://sass-lang.com/d/import

3 | @import "../../public/assets/scss/styles.scss"; 


src/styles/index.scss 4:9  root stylesheet



 ⚠ ./SOMI IT/LE MITOUARD/startix-nextjs/src/styles/index.scss
Issue while running loader
SassWarning: Deprecation Warning on line 3, column 8 of file:///Users/chandrelsomi/SOMI%20IT/LE%20MITOUARD/startix-nextjs/src/styles/index.scss:3:8:
Sass @import rules are deprecated and will be removed in Dart Sass 3.0.0.

More info and automated migrator: https://sass-lang.com/d/import

3 | @import "../../public/assets/scss/styles.scss"; 


src/styles/index.scss 4:9  root stylesheet



 ⚠ ./SOMI IT/LE MITOUARD/startix-nextjs/src/styles/index.scss
Issue while running loader
SassWarning: Deprecation Warning on line 3, column 8 of file:///Users/chandrelsomi/SOMI%20IT/LE%20MITOUARD/startix-nextjs/src/styles/index.scss:3:8:
Sass @import rules are deprecated and will be removed in Dart Sass 3.0.0.

More info and automated migrator: https://sass-lang.com/d/import

3 | @import "../../public/assets/scss/styles.scss"; 


src/styles/index.scss 4:9  root stylesheet



 ⚠ ./SOMI IT/LE MITOUARD/startix-nextjs/src/styles/index.scss
Issue while running loader
SassWarning: Deprecation Warning on line 3, column 8 of file:///Users/chandrelsomi/SOMI%20IT/LE%20MITOUARD/startix-nextjs/src/styles/index.scss:3:8:
Sass @import rules are deprecated and will be removed in Dart Sass 3.0.0.

More info and automated migrator: https://sass-lang.com/d/import

3 | @import "../../public/assets/scss/styles.scss"; 


src/styles/index.scss 4:9  root stylesheet



 ⚠ ./SOMI IT/LE MITOUARD/startix-nextjs/src/styles/index.scss
Issue while running loader
SassWarning: Deprecation Warning on line 3, column 8 of file:///Users/chandrelsomi/SOMI%20IT/LE%20MITOUARD/startix-nextjs/src/styles/index.scss:3:8:
Sass @import rules are deprecated and will be removed in Dart Sass 3.0.0.

More info and automated migrator: https://sass-lang.com/d/import

3 | @import "../../public/assets/scss/styles.scss"; 


src/styles/index.scss 4:9  root stylesheet



 ⚠ ./SOMI IT/LE MITOUARD/startix-nextjs/src/styles/index.scss
Issue while running loader
SassWarning: Deprecation Warning on line 3, column 8 of file:///Users/chandrelsomi/SOMI%20IT/LE%20MITOUARD/startix-nextjs/src/styles/index.scss:3:8:
Sass @import rules are deprecated and will be removed in Dart Sass 3.0.0.

More info and automated migrator: https://sass-lang.com/d/import

3 | @import "../../public/assets/scss/styles.scss"; 


src/styles/index.scss 4:9  root stylesheet



 ✓ Compiled in 8ms
 ⚠ ./SOMI IT/LE MITOUARD/startix-nextjs/src/styles/index.scss
Issue while running loader
SassWarning: Deprecation Warning on line 3, column 8 of file:///Users/chandrelsomi/SOMI%20IT/LE%20MITOUARD/startix-nextjs/src/styles/index.scss:3:8:
Sass @import rules are deprecated and will be removed in Dart Sass 3.0.0.

More info and automated migrator: https://sass-lang.com/d/import

3 | @import "../../public/assets/scss/styles.scss"; 


src/styles/index.scss 4:9  root stylesheet



 GET /home-2 200 in 214ms (compile: 71ms, render: 143ms)
 ⚠ ./SOMI IT/LE MITOUARD/startix-nextjs/src/styles/index.scss
Issue while running loader
SassWarning: Deprecation Warning on line 3, column 8 of file:///Users/chandrelsomi/SOMI%20IT/LE%20MITOUARD/startix-nextjs/src/styles/index.scss:3:8:
Sass @import rules are deprecated and will be removed in Dart Sass 3.0.0.

More info and automated migrator: https://sass-lang.com/d/import

3 | @import "../../public/assets/scss/styles.scss"; 


src/styles/index.scss 4:9  root stylesheet



 ⚠ ./SOMI IT/LE MITOUARD/startix-nextjs/src/styles/index.scss
Issue while running loader
SassWarning: Deprecation Warning on line 3, column 8 of file:///Users/chandrelsomi/SOMI%20IT/LE%20MITOUARD/startix-nextjs/src/styles/index.scss:3:8:
Sass @import rules are deprecated and will be removed in Dart Sass 3.0.0.

More info and automated migrator: https://sass-lang.com/d/import

3 | @import "../../public/assets/scss/styles.scss"; 


src/styles/index.scss 4:9  root stylesheet



 ⚠ ./SOMI IT/LE MITOUARD/startix-nextjs/src/styles/index.scss
Issue while running loader
SassWarning: Deprecation Warning on line 3, column 8 of file:///Users/chandrelsomi/SOMI%20IT/LE%20MITOUARD/startix-nextjs/src/styles/index.scss:3:8:
Sass @import rules are deprecated and will be removed in Dart Sass 3.0.0.

More info and automated migrator: https://sass-lang.com/d/import

3 | @import "../../public/assets/scss/styles.scss"; 


src/styles/index.scss 4:9  root stylesheet



 ⚠ ./SOMI IT/LE MITOUARD/startix-nextjs/src/styles/index.scss
Issue while running loader
SassWarning: Deprecation Warning on line 3, column 8 of file:///Users/chandrelsomi/SOMI%20IT/LE%20MITOUARD/startix-nextjs/src/styles/index.scss:3:8:
Sass @import rules are deprecated and will be removed in Dart Sass 3.0.0.

More info and automated migrator: https://sass-lang.com/d/import

3 | @import "../../public/assets/scss/styles.scss"; 


src/styles/index.scss 4:9  root stylesheet



 ⚠ ./SOMI IT/LE MITOUARD/startix-nextjs/src/styles/index.scss
Issue while running loader
SassWarning: Deprecation Warning on line 3, column 8 of file:///Users/chandrelsomi/SOMI%20IT/LE%20MITOUARD/startix-nextjs/src/styles/index.scss:3:8:
Sass @import rules are deprecated and will be removed in Dart Sass 3.0.0.

More info and automated migrator: https://sass-lang.com/d/import

3 | @import "../../public/assets/scss/styles.scss"; 


src/styles/index.scss 4:9  root stylesheet



 ⚠ ./SOMI IT/LE MITOUARD/startix-nextjs/src/styles/index.scss
Issue while running loader
SassWarning: Deprecation Warning on line 3, column 8 of file:///Users/chandrelsomi/SOMI%20IT/LE%20MITOUARD/startix-nextjs/src/styles/index.scss:3:8:
Sass @import rules are deprecated and will be removed in Dart Sass 3.0.0.

More info and automated migrator: https://sass-lang.com/d/import

3 | @import "../../public/assets/scss/styles.scss"; 


src/styles/index.scss 4:9  root stylesheet



 ⚠ ./SOMI IT/LE MITOUARD/startix-nextjs/src/styles/index.scss
Issue while running loader
SassWarning: Deprecation Warning on line 3, column 8 of file:///Users/chandrelsomi/SOMI%20IT/LE%20MITOUARD/startix-nextjs/src/styles/index.scss:3:8:
Sass @import rules are deprecated and will be removed in Dart Sass 3.0.0.

More info and automated migrator: https://sass-lang.com/d/import

3 | @import "../../public/assets/scss/styles.scss"; 


src/styles/index.scss 4:9  root stylesheet



 ✓ Compiled in 6ms
 ⚠ ./SOMI IT/LE MITOUARD/startix-nextjs/src/styles/index.scss
Issue while running loader
SassWarning: Deprecation Warning on line 3, column 8 of file:///Users/chandrelsomi/SOMI%20IT/LE%20MITOUARD/startix-nextjs/src/styles/index.scss:3:8:
Sass @import rules are deprecated and will be removed in Dart Sass 3.0.0.

More info and automated migrator: https://sass-lang.com/d/import

3 | @import "../../public/assets/scss/styles.scss"; 


src/styles/index.scss 4:9  root stylesheet



 GET /.well-known/appspecific/com.chrome.devtools.json 200 in 153ms (compile: 12ms, render: 141ms)
 ⚠ ./SOMI IT/LE MITOUARD/startix-nextjs/src/styles/index.scss
Issue while running loader
SassWarning: Deprecation Warning on line 3, column 8 of file:///Users/chandrelsomi/SOMI%20IT/LE%20MITOUARD/startix-nextjs/src/styles/index.scss:3:8:
Sass @import rules are deprecated and will be removed in Dart Sass 3.0.0.

More info and automated migrator: https://sass-lang.com/d/import

3 | @import "../../public/assets/scss/styles.scss"; 


src/styles/index.scss 4:9  root stylesheet



 GET /contact 200 in 59ms (compile: 30ms, render: 29ms)
 ⚠ ./SOMI IT/LE MITOUARD/startix-nextjs/src/styles/index.scss
Issue while running loader
SassWarning: Deprecation Warning on line 3, column 8 of file:///Users/chandrelsomi/SOMI%20IT/LE%20MITOUARD/startix-nextjs/src/styles/index.scss:3:8:
Sass @import rules are deprecated and will be removed in Dart Sass 3.0.0.

More info and automated migrator: https://sass-lang.com/d/import

3 | @import "../../public/assets/scss/styles.scss"; 


src/styles/index.scss 4:9  root stylesheet



 GET /home-2 200 in 130ms (compile: 90ms, render: 40ms)
 ✓ Compiled in 12ms
 ✓ Compiled in 441ms
 ⚠ ./SOMI IT/LE MITOUARD/startix-nextjs/src/styles/index.scss
Issue while running loader
SassWarning: Deprecation Warning on line 3, column 8 of file:///Users/chandrelsomi/SOMI%20IT/LE%20MITOUARD/startix-nextjs/src/styles/index.scss:3:8:
Sass @import rules are deprecated and will be removed in Dart Sass 3.0.0.

More info and automated migrator: https://sass-lang.com/d/import

3 | @import "../../public/assets/scss/styles.scss"; 


src/styles/index.scss 4:9  root stylesheet



 GET /home-2 200 in 309ms (compile: 135ms, render: 174ms)
 ⚠ ./SOMI IT/LE MITOUARD/startix-nextjs/src/styles/index.scss
Issue while running loader
SassWarning: Deprecation Warning on line 3, column 8 of file:///Users/chandrelsomi/SOMI%20IT/LE%20MITOUARD/startix-nextjs/src/styles/index.scss:3:8:
Sass @import rules are deprecated and will be removed in Dart Sass 3.0.0.

More info and automated migrator: https://sass-lang.com/d/import

3 | @import "../../public/assets/scss/styles.scss"; 


src/styles/index.scss 4:9  root stylesheet



 GET /.well-known/appspecific/com.chrome.devtools.json 200 in 245ms (compile: 34ms, render: 210ms)
 ⚠ ./SOMI IT/LE MITOUARD/startix-nextjs/src/styles/index.scss
Issue while running loader
SassWarning: Deprecation Warning on line 3, column 8 of file:///Users/chandrelsomi/SOMI%20IT/LE%20MITOUARD/startix-nextjs/src/styles/index.scss:3:8:
Sass @import rules are deprecated and will be removed in Dart Sass 3.0.0.

More info and automated migrator: https://sass-lang.com/d/import

3 | @import "../../public/assets/scss/styles.scss"; 


src/styles/index.scss 4:9  root stylesheet



 ⚠ ./SOMI IT/LE MITOUARD/startix-nextjs/src/styles/index.scss
Issue while running loader
SassWarning: Deprecation Warning on line 3, column 8 of file:///Users/chandrelsomi/SOMI%20IT/LE%20MITOUARD/startix-nextjs/src/styles/index.scss:3:8:
Sass @import rules are deprecated and will be removed in Dart Sass 3.0.0.

More info and automated migrator: https://sass-lang.com/d/import

3 | @import "../../public/assets/scss/styles.scss"; 


src/styles/index.scss 4:9  root stylesheet



 ⚠ ./SOMI IT/LE MITOUARD/startix-nextjs/src/styles/index.scss
Issue while running loader
SassWarning: Deprecation Warning on line 3, column 8 of file:///Users/chandrelsomi/SOMI%20IT/LE%20MITOUARD/startix-nextjs/src/styles/index.scss:3:8:
Sass @import rules are deprecated and will be removed in Dart Sass 3.0.0.

More info and automated migrator: https://sass-lang.com/d/import

3 | @import "../../public/assets/scss/styles.scss"; 


src/styles/index.scss 4:9  root stylesheet



 ⚠ ./SOMI IT/LE MITOUARD/startix-nextjs/src/styles/index.scss
Issue while running loader
SassWarning: Deprecation Warning on line 3, column 8 of file:///Users/chandrelsomi/SOMI%20IT/LE%20MITOUARD/startix-nextjs/src/styles/index.scss:3:8:
Sass @import rules are deprecated and will be removed in Dart Sass 3.0.0.

More info and automated migrator: https://sass-lang.com/d/import

3 | @import "../../public/assets/scss/styles.scss"; 


src/styles/index.scss 4:9  root stylesheet



 ⚠ ./SOMI IT/LE MITOUARD/startix-nextjs/src/styles/index.scss
Issue while running loader
SassWarning: Deprecation Warning on line 3, column 8 of file:///Users/chandrelsomi/SOMI%20IT/LE%20MITOUARD/startix-nextjs/src/styles/index.scss:3:8:
Sass @import rules are deprecated and will be removed in Dart Sass 3.0.0.

More info and automated migrator: https://sass-lang.com/d/import

3 | @import "../../public/assets/scss/styles.scss"; 


src/styles/index.scss 4:9  root stylesheet



 ⚠ ./SOMI IT/LE MITOUARD/startix-nextjs/src/styles/index.scss
Issue while running loader
SassWarning: Deprecation Warning on line 3, column 8 of file:///Users/chandrelsomi/SOMI%20IT/LE%20MITOUARD/startix-nextjs/src/styles/index.scss:3:8:
Sass @import rules are deprecated and will be removed in Dart Sass 3.0.0.

More info and automated migrator: https://sass-lang.com/d/import

3 | @import "../../public/assets/scss/styles.scss"; 


src/styles/index.scss 4:9  root stylesheet



 ⚠ ./SOMI IT/LE MITOUARD/startix-nextjs/src/styles/index.scss
Issue while running loader
SassWarning: Deprecation Warning on line 3, column 8 of file:///Users/chandrelsomi/SOMI%20IT/LE%20MITOUARD/startix-nextjs/src/styles/index.scss:3:8:
Sass @import rules are deprecated and will be removed in Dart Sass 3.0.0.

More info and automated migrator: https://sass-lang.com/d/import

3 | @import "../../public/assets/scss/styles.scss"; 


src/styles/index.scss 4:9  root stylesheet



 ⚠ ./SOMI IT/LE MITOUARD/startix-nextjs/src/styles/index.scss
Issue while running loader
SassWarning: Deprecation Warning on line 3, column 8 of file:///Users/chandrelsomi/SOMI%20IT/LE%20MITOUARD/startix-nextjs/src/styles/index.scss:3:8:
Sass @import rules are deprecated and will be removed in Dart Sass 3.0.0.

More info and automated migrator: https://sass-lang.com/d/import

3 | @import "../../public/assets/scss/styles.scss"; 


src/styles/index.scss 4:9  root stylesheet



 GET /.well-known/appspecific/com.chrome.devtools.json 200 in 203ms (compile: 9ms, render: 195ms)
 ⚠ ./SOMI IT/LE MITOUARD/startix-nextjs/src/styles/index.scss
Issue while running loader
SassWarning: Deprecation Warning on line 3, column 8 of file:///Users/chandrelsomi/SOMI%20IT/LE%20MITOUARD/startix-nextjs/src/styles/index.scss:3:8:
Sass @import rules are deprecated and will be removed in Dart Sass 3.0.0.

More info and automated migrator: https://sass-lang.com/d/import

3 | @import "../../public/assets/scss/styles.scss"; 


src/styles/index.scss 4:9  root stylesheet



 GET /contact 200 in 184ms (compile: 124ms, render: 60ms)
 ✓ Compiled in 30ms
 ⚠ ./SOMI IT/LE MITOUARD/startix-nextjs/src/styles/index.scss
Issue while running loader
SassWarning: Deprecation Warning on line 3, column 8 of file:///Users/chandrelsomi/SOMI%20IT/LE%20MITOUARD/startix-nextjs/src/styles/index.scss:3:8:
Sass @import rules are deprecated and will be removed in Dart Sass 3.0.0.

More info and automated migrator: https://sass-lang.com/d/import

3 | @import "../../public/assets/scss/styles.scss"; 


src/styles/index.scss 4:9  root stylesheet



 GET /contact 200 in 362ms (compile: 121ms, render: 241ms)
 ⚠ ./SOMI IT/LE MITOUARD/startix-nextjs/src/styles/index.scss
Issue while running loader
SassWarning: Deprecation Warning on line 3, column 8 of file:///Users/chandrelsomi/SOMI%20IT/LE%20MITOUARD/startix-nextjs/src/styles/index.scss:3:8:
Sass @import rules are deprecated and will be removed in Dart Sass 3.0.0.

More info and automated migrator: https://sass-lang.com/d/import

3 | @import "../../public/assets/scss/styles.scss"; 


src/styles/index.scss 4:9  root stylesheet



 GET /.well-known/appspecific/com.chrome.devtools.json 200 in 306ms (compile: 109ms, render: 197ms)
 ⚠ ./SOMI IT/LE MITOUARD/startix-nextjs/src/styles/index.scss
Issue while running loader
SassWarning: Deprecation Warning on line 3, column 8 of file:///Users/chandrelsomi/SOMI%20IT/LE%20MITOUARD/startix-nextjs/src/styles/index.scss:3:8:
Sass @import rules are deprecated and will be removed in Dart Sass 3.0.0.

More info and automated migrator: https://sass-lang.com/d/import

3 | @import "../../public/assets/scss/styles.scss"; 


src/styles/index.scss 4:9  root stylesheet



 ⚠ ./SOMI IT/LE MITOUARD/startix-nextjs/src/styles/index.scss
Issue while running loader
SassWarning: Deprecation Warning on line 3, column 8 of file:///Users/chandrelsomi/SOMI%20IT/LE%20MITOUARD/startix-nextjs/src/styles/index.scss:3:8:
Sass @import rules are deprecated and will be removed in Dart Sass 3.0.0.

More info and automated migrator: https://sass-lang.com/d/import

3 | @import "../../public/assets/scss/styles.scss"; 


src/styles/index.scss 4:9  root stylesheet



 ⚠ ./SOMI IT/LE MITOUARD/startix-nextjs/src/styles/index.scss
Issue while running loader
SassWarning: Deprecation Warning on line 3, column 8 of file:///Users/chandrelsomi/SOMI%20IT/LE%20MITOUARD/startix-nextjs/src/styles/index.scss:3:8:
Sass @import rules are deprecated and will be removed in Dart Sass 3.0.0.

More info and automated migrator: https://sass-lang.com/d/import

3 | @import "../../public/assets/scss/styles.scss"; 


src/styles/index.scss 4:9  root stylesheet



 ⚠ ./SOMI IT/LE MITOUARD/startix-nextjs/src/styles/index.scss
Issue while running loader
SassWarning: Deprecation Warning on line 3, column 8 of file:///Users/chandrelsomi/SOMI%20IT/LE%20MITOUARD/startix-nextjs/src/styles/index.scss:3:8:
Sass @import rules are deprecated and will be removed in Dart Sass 3.0.0.

More info and automated migrator: https://sass-lang.com/d/import

3 | @import "../../public/assets/scss/styles.scss"; 


src/styles/index.scss 4:9  root stylesheet



 ⚠ ./SOMI IT/LE MITOUARD/startix-nextjs/src/styles/index.scss
Issue while running loader
SassWarning: Deprecation Warning on line 3, column 8 of file:///Users/chandrelsomi/SOMI%20IT/LE%20MITOUARD/startix-nextjs/src/styles/index.scss:3:8:
Sass @import rules are deprecated and will be removed in Dart Sass 3.0.0.

More info and automated migrator: https://sass-lang.com/d/import

3 | @import "../../public/assets/scss/styles.scss"; 


src/styles/index.scss 4:9  root stylesheet



 ⚠ ./SOMI IT/LE MITOUARD/startix-nextjs/src/styles/index.scss
Issue while running loader
SassWarning: Deprecation Warning on line 3, column 8 of file:///Users/chandrelsomi/SOMI%20IT/LE%20MITOUARD/startix-nextjs/src/styles/index.scss:3:8:
Sass @import rules are deprecated and will be removed in Dart Sass 3.0.0.

More info and automated migrator: https://sass-lang.com/d/import

3 | @import "../../public/assets/scss/styles.scss"; 


src/styles/index.scss 4:9  root stylesheet



 ⚠ ./SOMI IT/LE MITOUARD/startix-nextjs/src/styles/index.scss
Issue while running loader
SassWarning: Deprecation Warning on line 3, column 8 of file:///Users/chandrelsomi/SOMI%20IT/LE%20MITOUARD/startix-nextjs/src/styles/index.scss:3:8:
Sass @import rules are deprecated and will be removed in Dart Sass 3.0.0.

More info and automated migrator: https://sass-lang.com/d/import

3 | @import "../../public/assets/scss/styles.scss"; 


src/styles/index.scss 4:9  root stylesheet



 ⚠ ./SOMI IT/LE MITOUARD/startix-nextjs/src/styles/index.scss
Issue while running loader
SassWarning: Deprecation Warning on line 3, column 8 of file:///Users/chandrelsomi/SOMI%20IT/LE%20MITOUARD/startix-nextjs/src/styles/index.scss:3:8:
Sass @import rules are deprecated and will be removed in Dart Sass 3.0.0.

More info and automated migrator: https://sass-lang.com/d/import

3 | @import "../../public/assets/scss/styles.scss"; 


src/styles/index.scss 4:9  root stylesheet



 GET /contact 200 in 114ms (compile: 64ms, render: 49ms)
 ⚠ ./SOMI IT/LE MITOUARD/startix-nextjs/src/styles/index.scss
Issue while running loader
SassWarning: Deprecation Warning on line 3, column 8 of file:///Users/chandrelsomi/SOMI%20IT/LE%20MITOUARD/startix-nextjs/src/styles/index.scss:3:8:
Sass @import rules are deprecated and will be removed in Dart Sass 3.0.0.

More info and automated migrator: https://sass-lang.com/d/import

3 | @import "../../public/assets/scss/styles.scss"; 


src/styles/index.scss 4:9  root stylesheet



 GET /contact 200 in 17ms (compile: 1967µs, render: 15ms)
 ⚠ ./SOMI IT/LE MITOUARD/startix-nextjs/src/styles/index.scss
Issue while running loader
SassWarning: Deprecation Warning on line 3, column 8 of file:///Users/chandrelsomi/SOMI%20IT/LE%20MITOUARD/startix-nextjs/src/styles/index.scss:3:8:
Sass @import rules are deprecated and will be removed in Dart Sass 3.0.0.

More info and automated migrator: https://sass-lang.com/d/import

3 | @import "../../public/assets/scss/styles.scss"; 


src/styles/index.scss 4:9  root stylesheet



 GET /contact 200 in 22ms (compile: 1543µs, render: 21ms)
 ⚠ ./SOMI IT/LE MITOUARD/startix-nextjs/src/styles/index.scss
Issue while running loader
SassWarning: Deprecation Warning on line 3, column 8 of file:///Users/chandrelsomi/SOMI%20IT/LE%20MITOUARD/startix-nextjs/src/styles/index.scss:3:8:
Sass @import rules are deprecated and will be removed in Dart Sass 3.0.0.

More info and automated migrator: https://sass-lang.com/d/import

3 | @import "../../public/assets/scss/styles.scss"; 


src/styles/index.scss 4:9  root stylesheet



 GET /contact 200 in 17ms (compile: 1472µs, render: 15ms)
 ⚠ ./SOMI IT/LE MITOUARD/startix-nextjs/src/styles/index.scss
Issue while running loader
SassWarning: Deprecation Warning on line 3, column 8 of file:///Users/chandrelsomi/SOMI%20IT/LE%20MITOUARD/startix-nextjs/src/styles/index.scss:3:8:
Sass @import rules are deprecated and will be removed in Dart Sass 3.0.0.

More info and automated migrator: https://sass-lang.com/d/import

3 | @import "../../public/assets/scss/styles.scss"; 


src/styles/index.scss 4:9  root stylesheet



 GET /contact 200 in 15ms (compile: 1406µs, render: 14ms)
 ⚠ ./SOMI IT/LE MITOUARD/startix-nextjs/src/styles/index.scss
Issue while running loader
SassWarning: Deprecation Warning on line 3, column 8 of file:///Users/chandrelsomi/SOMI%20IT/LE%20MITOUARD/startix-nextjs/src/styles/index.scss:3:8:
Sass @import rules are deprecated and will be removed in Dart Sass 3.0.0.

More info and automated migrator: https://sass-lang.com/d/import

3 | @import "../../public/assets/scss/styles.scss"; 


src/styles/index.scss 4:9  root stylesheet



 GET /contact 200 in 33ms (compile: 6ms, render: 27ms)
 ⚠ ./SOMI IT/LE MITOUARD/startix-nextjs/src/styles/index.scss
Issue while running loader
SassWarning: Deprecation Warning on line 3, column 8 of file:///Users/chandrelsomi/SOMI%20IT/LE%20MITOUARD/startix-nextjs/src/styles/index.scss:3:8:
Sass @import rules are deprecated and will be removed in Dart Sass 3.0.0.

More info and automated migrator: https://sass-lang.com/d/import

3 | @import "../../public/assets/scss/styles.scss"; 


src/styles/index.scss 4:9  root stylesheet



 GET /contact 200 in 23ms (compile: 4ms, render: 19ms)
 ⚠ ./SOMI IT/LE MITOUARD/startix-nextjs/src/styles/index.scss
Issue while running loader
SassWarning: Deprecation Warning on line 3, column 8 of file:///Users/chandrelsomi/SOMI%20IT/LE%20MITOUARD/startix-nextjs/src/styles/index.scss:3:8:
Sass @import rules are deprecated and will be removed in Dart Sass 3.0.0.

More info and automated migrator: https://sass-lang.com/d/import

3 | @import "../../public/assets/scss/styles.scss"; 


src/styles/index.scss 4:9  root stylesheet



 GET /home-2 200 in 25ms (compile: 5ms, render: 21ms)
 ⚠ ./SOMI IT/LE MITOUARD/startix-nextjs/src/styles/index.scss
Issue while running loader
SassWarning: Deprecation Warning on line 3, column 8 of file:///Users/chandrelsomi/SOMI%20IT/LE%20MITOUARD/startix-nextjs/src/styles/index.scss:3:8:
Sass @import rules are deprecated and will be removed in Dart Sass 3.0.0.

More info and automated migrator: https://sass-lang.com/d/import

3 | @import "../../public/assets/scss/styles.scss"; 


src/styles/index.scss 4:9  root stylesheet



 GET /contact 200 in 23ms (compile: 4ms, render: 19ms)
 ⚠ ./SOMI IT/LE MITOUARD/startix-nextjs/src/styles/index.scss
Issue while running loader
SassWarning: Deprecation Warning on line 3, column 8 of file:///Users/chandrelsomi/SOMI%20IT/LE%20MITOUARD/startix-nextjs/src/styles/index.scss:3:8:
Sass @import rules are deprecated and will be removed in Dart Sass 3.0.0.

More info and automated migrator: https://sass-lang.com/d/import

3 | @import "../../public/assets/scss/styles.scss"; 


src/styles/index.scss 4:9  root stylesheet



 GET /home-2 200 in 20ms (compile: 3ms, render: 16ms)
 ⚠ ./SOMI IT/LE MITOUARD/startix-nextjs/src/styles/index.scss
Issue while running loader
SassWarning: Deprecation Warning on line 3, column 8 of file:///Users/chandrelsomi/SOMI%20IT/LE%20MITOUARD/startix-nextjs/src/styles/index.scss:3:8:
Sass @import rules are deprecated and will be removed in Dart Sass 3.0.0.

More info and automated migrator: https://sass-lang.com/d/import

3 | @import "../../public/assets/scss/styles.scss"; 


src/styles/index.scss 4:9  root stylesheet



 GET /contact 200 in 33ms (compile: 4ms, render: 29ms)
 ⚠ ./SOMI IT/LE MITOUARD/startix-nextjs/src/styles/index.scss
Issue while running loader
SassWarning: Deprecation Warning on line 3, column 8 of file:///Users/chandrelsomi/SOMI%20IT/LE%20MITOUARD/startix-nextjs/src/styles/index.scss:3:8:
Sass @import rules are deprecated and will be removed in Dart Sass 3.0.0.

More info and automated migrator: https://sass-lang.com/d/import

3 | @import "../../public/assets/scss/styles.scss"; 


src/styles/index.scss 4:9  root stylesheet



 GET /home-2 200 in 19ms (compile: 4ms, render: 15ms)
 ⚠ ./SOMI IT/LE MITOUARD/startix-nextjs/src/styles/index.scss
Issue while running loader
SassWarning: Deprecation Warning on line 3, column 8 of file:///Users/chandrelsomi/SOMI%20IT/LE%20MITOUARD/startix-nextjs/src/styles/index.scss:3:8:
Sass @import rules are deprecated and will be removed in Dart Sass 3.0.0.

More info and automated migrator: https://sass-lang.com/d/import

3 | @import "../../public/assets/scss/styles.scss"; 


src/styles/index.scss 4:9  root stylesheet



 ✓ Compiled in 390ms
 GET /home-2 200 in 328ms (compile: 243ms, render: 85ms)
 ⚠ ./SOMI IT/LE MITOUARD/startix-nextjs/src/styles/index.scss
Issue while running loader
SassWarning: Deprecation Warning on line 3, column 8 of file:///Users/chandrelsomi/SOMI%20IT/LE%20MITOUARD/startix-nextjs/src/styles/index.scss:3:8:
Sass @import rules are deprecated and will be removed in Dart Sass 3.0.0.

More info and automated migrator: https://sass-lang.com/d/import

3 | @import "../../public/assets/scss/styles.scss"; 


src/styles/index.scss 4:9  root stylesheet



 ✓ Compiled in 0ms
 GET /home-2 200 in 141ms (compile: 11ms, render: 130ms)
 ⚠ ./SOMI IT/LE MITOUARD/startix-nextjs/src/styles/index.scss
Issue while running loader
SassWarning: Deprecation Warning on line 3, column 8 of file:///Users/chandrelsomi/SOMI%20IT/LE%20MITOUARD/startix-nextjs/src/styles/index.scss:3:8:
Sass @import rules are deprecated and will be removed in Dart Sass 3.0.0.

More info and automated migrator: https://sass-lang.com/d/import

3 | @import "../../public/assets/scss/styles.scss"; 


src/styles/index.scss 4:9  root stylesheet



 GET /home-2 200 in 39ms (compile: 5ms, render: 35ms)
 ⚠ ./SOMI IT/LE MITOUARD/startix-nextjs/src/styles/index.scss
Issue while running loader
SassWarning: Deprecation Warning on line 3, column 8 of file:///Users/chandrelsomi/SOMI%20IT/LE%20MITOUARD/startix-nextjs/src/styles/index.scss:3:8:
Sass @import rules are deprecated and will be removed in Dart Sass 3.0.0.

More info and automated migrator: https://sass-lang.com/d/import

3 | @import "../../public/assets/scss/styles.scss"; 


src/styles/index.scss 4:9  root stylesheet



 GET /home-2 200 in 26ms (compile: 2ms, render: 24ms)
 ⚠ ./SOMI IT/LE MITOUARD/startix-nextjs/src/styles/index.scss
Issue while running loader
SassWarning: Deprecation Warning on line 3, column 8 of file:///Users/chandrelsomi/SOMI%20IT/LE%20MITOUARD/startix-nextjs/src/styles/index.scss:3:8:
Sass @import rules are deprecated and will be removed in Dart Sass 3.0.0.

More info and automated migrator: https://sass-lang.com/d/import

3 | @import "../../public/assets/scss/styles.scss"; 


src/styles/index.scss 4:9  root stylesheet



 GET /home-2 200 in 16ms (compile: 3ms, render: 13ms)
 ⚠ ./SOMI IT/LE MITOUARD/startix-nextjs/src/styles/index.scss
Issue while running loader
SassWarning: Deprecation Warning on line 3, column 8 of file:///Users/chandrelsomi/SOMI%20IT/LE%20MITOUARD/startix-nextjs/src/styles/index.scss:3:8:
Sass @import rules are deprecated and will be removed in Dart Sass 3.0.0.

More info and automated migrator: https://sass-lang.com/d/import

3 | @import "../../public/assets/scss/styles.scss"; 


src/styles/index.scss 4:9  root stylesheet



 GET /home-2 200 in 16ms (compile: 1703µs, render: 15ms)
 ⚠ ./SOMI IT/LE MITOUARD/startix-nextjs/src/styles/index.scss
Issue while running loader
SassWarning: Deprecation Warning on line 3, column 8 of file:///Users/chandrelsomi/SOMI%20IT/LE%20MITOUARD/startix-nextjs/src/styles/index.scss:3:8:
Sass @import rules are deprecated and will be removed in Dart Sass 3.0.0.

More info and automated migrator: https://sass-lang.com/d/import

3 | @import "../../public/assets/scss/styles.scss"; 


src/styles/index.scss 4:9  root stylesheet



 GET /home-2 200 in 16ms (compile: 1543µs, render: 14ms)
 ⚠ ./SOMI IT/LE MITOUARD/startix-nextjs/src/styles/index.scss
Issue while running loader
SassWarning: Deprecation Warning on line 3, column 8 of file:///Users/chandrelsomi/SOMI%20IT/LE%20MITOUARD/startix-nextjs/src/styles/index.scss:3:8:
Sass @import rules are deprecated and will be removed in Dart Sass 3.0.0.

More info and automated migrator: https://sass-lang.com/d/import

3 | @import "../../public/assets/scss/styles.scss"; 


src/styles/index.scss 4:9  root stylesheet



 GET /home-2 200 in 18ms (compile: 1422µs, render: 16ms)
 ⚠ ./SOMI IT/LE MITOUARD/startix-nextjs/src/styles/index.scss
Issue while running loader
SassWarning: Deprecation Warning on line 3, column 8 of file:///Users/chandrelsomi/SOMI%20IT/LE%20MITOUARD/startix-nextjs/src/styles/index.scss:3:8:
Sass @import rules are deprecated and will be removed in Dart Sass 3.0.0.

More info and automated migrator: https://sass-lang.com/d/import

3 | @import "../../public/assets/scss/styles.scss"; 


src/styles/index.scss 4:9  root stylesheet



 GET /home-2 200 in 24ms (compile: 3ms, render: 21ms)
 ⚠ ./SOMI IT/LE MITOUARD/startix-nextjs/src/styles/index.scss
Issue while running loader
SassWarning: Deprecation Warning on line 3, column 8 of file:///Users/chandrelsomi/SOMI%20IT/LE%20MITOUARD/startix-nextjs/src/styles/index.scss:3:8:
Sass @import rules are deprecated and will be removed in Dart Sass 3.0.0.

More info and automated migrator: https://sass-lang.com/d/import

3 | @import "../../public/assets/scss/styles.scss"; 


src/styles/index.scss 4:9  root stylesheet



 GET /home-2 200 in 16ms (compile: 1620µs, render: 14ms)
 ⚠ ./SOMI IT/LE MITOUARD/startix-nextjs/src/styles/index.scss
Issue while running loader
SassWarning: Deprecation Warning on line 3, column 8 of file:///Users/chandrelsomi/SOMI%20IT/LE%20MITOUARD/startix-nextjs/src/styles/index.scss:3:8:
Sass @import rules are deprecated and will be removed in Dart Sass 3.0.0.

More info and automated migrator: https://sass-lang.com/d/import

3 | @import "../../public/assets/scss/styles.scss"; 


src/styles/index.scss 4:9  root stylesheet



 GET /home-2 200 in 20ms (compile: 1368µs, render: 18ms)
 ⚠ ./SOMI IT/LE MITOUARD/startix-nextjs/src/styles/index.scss
Issue while running loader
SassWarning: Deprecation Warning on line 3, column 8 of file:///Users/chandrelsomi/SOMI%20IT/LE%20MITOUARD/startix-nextjs/src/styles/index.scss:3:8:
Sass @import rules are deprecated and will be removed in Dart Sass 3.0.0.

More info and automated migrator: https://sass-lang.com/d/import

3 | @import "../../public/assets/scss/styles.scss"; 


src/styles/index.scss 4:9  root stylesheet



 GET /home-2 200 in 14ms (compile: 1493µs, render: 13ms)
 ⚠ ./SOMI IT/LE MITOUARD/startix-nextjs/src/styles/index.scss
Issue while running loader
SassWarning: Deprecation Warning on line 3, column 8 of file:///Users/chandrelsomi/SOMI%20IT/LE%20MITOUARD/startix-nextjs/src/styles/index.scss:3:8:
Sass @import rules are deprecated and will be removed in Dart Sass 3.0.0.

More info and automated migrator: https://sass-lang.com/d/import

3 | @import "../../public/assets/scss/styles.scss"; 


src/styles/index.scss 4:9  root stylesheet



 GET /home-2 200 in 15ms (compile: 1435µs, render: 14ms)
 ⚠ ./SOMI IT/LE MITOUARD/startix-nextjs/src/styles/index.scss
Issue while running loader
SassWarning: Deprecation Warning on line 3, column 8 of file:///Users/chandrelsomi/SOMI%20IT/LE%20MITOUARD/startix-nextjs/src/styles/index.scss:3:8:
Sass @import rules are deprecated and will be removed in Dart Sass 3.0.0.

More info and automated migrator: https://sass-lang.com/d/import

3 | @import "../../public/assets/scss/styles.scss"; 


src/styles/index.scss 4:9  root stylesheet



 GET /home-2 200 in 13ms (compile: 1726µs, render: 11ms)
 ⚠ ./SOMI IT/LE MITOUARD/startix-nextjs/src/styles/index.scss
Issue while running loader
SassWarning: Deprecation Warning on line 3, column 8 of file:///Users/chandrelsomi/SOMI%20IT/LE%20MITOUARD/startix-nextjs/src/styles/index.scss:3:8:
Sass @import rules are deprecated and will be removed in Dart Sass 3.0.0.

More info and automated migrator: https://sass-lang.com/d/import

3 | @import "../../public/assets/scss/styles.scss"; 


src/styles/index.scss 4:9  root stylesheet



 GET /home-2 200 in 14ms (compile: 1449µs, render: 13ms)
 ⚠ ./SOMI IT/LE MITOUARD/startix-nextjs/src/styles/index.scss
Issue while running loader
SassWarning: Deprecation Warning on line 3, column 8 of file:///Users/chandrelsomi/SOMI%20IT/LE%20MITOUARD/startix-nextjs/src/styles/index.scss:3:8:
Sass @import rules are deprecated and will be removed in Dart Sass 3.0.0.

More info and automated migrator: https://sass-lang.com/d/import

3 | @import "../../public/assets/scss/styles.scss"; 


src/styles/index.scss 4:9  root stylesheet



 GET /home-2 200 in 13ms (compile: 1960µs, render: 11ms)
 ⚠ ./SOMI IT/LE MITOUARD/startix-nextjs/src/styles/index.scss
Issue while running loader
SassWarning: Deprecation Warning on line 3, column 8 of file:///Users/chandrelsomi/SOMI%20IT/LE%20MITOUARD/startix-nextjs/src/styles/index.scss:3:8:
Sass @import rules are deprecated and will be removed in Dart Sass 3.0.0.

More info and automated migrator: https://sass-lang.com/d/import

3 | @import "../../public/assets/scss/styles.scss"; 


src/styles/index.scss 4:9  root stylesheet



 GET /home-2 200 in 19ms (compile: 3ms, render: 15ms)
 ⚠ ./SOMI IT/LE MITOUARD/startix-nextjs/src/styles/index.scss
Issue while running loader
SassWarning: Deprecation Warning on line 3, column 8 of file:///Users/chandrelsomi/SOMI%20IT/LE%20MITOUARD/startix-nextjs/src/styles/index.scss:3:8:
Sass @import rules are deprecated and will be removed in Dart Sass 3.0.0.

More info and automated migrator: https://sass-lang.com/d/import

3 | @import "../../public/assets/scss/styles.scss"; 


src/styles/index.scss 4:9  root stylesheet



 GET /home-2 200 in 12ms (compile: 1480µs, render: 10ms)
 ⚠ ./SOMI IT/LE MITOUARD/startix-nextjs/src/styles/index.scss
Issue while running loader
SassWarning: Deprecation Warning on line 3, column 8 of file:///Users/chandrelsomi/SOMI%20IT/LE%20MITOUARD/startix-nextjs/src/styles/index.scss:3:8:
Sass @import rules are deprecated and will be removed in Dart Sass 3.0.0.

More info and automated migrator: https://sass-lang.com/d/import

3 | @import "../../public/assets/scss/styles.scss"; 


src/styles/index.scss 4:9  root stylesheet



 GET /home-2 200 in 19ms (compile: 2ms, render: 17ms)
 ⚠ ./SOMI IT/LE MITOUARD/startix-nextjs/src/styles/index.scss
Issue while running loader
SassWarning: Deprecation Warning on line 3, column 8 of file:///Users/chandrelsomi/SOMI%20IT/LE%20MITOUARD/startix-nextjs/src/styles/index.scss:3:8:
Sass @import rules are deprecated and will be removed in Dart Sass 3.0.0.

More info and automated migrator: https://sass-lang.com/d/import

3 | @import "../../public/assets/scss/styles.scss"; 


src/styles/index.scss 4:9  root stylesheet



 GET /home-2 200 in 16ms (compile: 1628µs, render: 15ms)
 ⚠ ./SOMI IT/LE MITOUARD/startix-nextjs/src/styles/index.scss
Issue while running loader
SassWarning: Deprecation Warning on line 3, column 8 of file:///Users/chandrelsomi/SOMI%20IT/LE%20MITOUARD/startix-nextjs/src/styles/index.scss:3:8:
Sass @import rules are deprecated and will be removed in Dart Sass 3.0.0.

More info and automated migrator: https://sass-lang.com/d/import

3 | @import "../../public/assets/scss/styles.scss"; 


src/styles/index.scss 4:9  root stylesheet



 GET /home-2 200 in 13ms (compile: 2ms, render: 11ms)
 ⚠ ./SOMI IT/LE MITOUARD/startix-nextjs/src/styles/index.scss
Issue while running loader
SassWarning: Deprecation Warning on line 3, column 8 of file:///Users/chandrelsomi/SOMI%20IT/LE%20MITOUARD/startix-nextjs/src/styles/index.scss:3:8:
Sass @import rules are deprecated and will be removed in Dart Sass 3.0.0.

More info and automated migrator: https://sass-lang.com/d/import

3 | @import "../../public/assets/scss/styles.scss"; 


src/styles/index.scss 4:9  root stylesheet



 GET /home-2 200 in 13ms (compile: 1880µs, render: 11ms)
 ⚠ ./SOMI IT/LE MITOUARD/startix-nextjs/src/styles/index.scss
Issue while running loader
SassWarning: Deprecation Warning on line 3, column 8 of file:///Users/chandrelsomi/SOMI%20IT/LE%20MITOUARD/startix-nextjs/src/styles/index.scss:3:8:
Sass @import rules are deprecated and will be removed in Dart Sass 3.0.0.

More info and automated migrator: https://sass-lang.com/d/import

3 | @import "../../public/assets/scss/styles.scss"; 


src/styles/index.scss 4:9  root stylesheet



 GET /home-2 200 in 38ms (compile: 1685µs, render: 37ms)
 ⚠ ./SOMI IT/LE MITOUARD/startix-nextjs/src/styles/index.scss
Issue while running loader
SassWarning: Deprecation Warning on line 3, column 8 of file:///Users/chandrelsomi/SOMI%20IT/LE%20MITOUARD/startix-nextjs/src/styles/index.scss:3:8:
Sass @import rules are deprecated and will be removed in Dart Sass 3.0.0.

More info and automated migrator: https://sass-lang.com/d/import

3 | @import "../../public/assets/scss/styles.scss"; 


src/styles/index.scss 4:9  root stylesheet



 GET /home-2 200 in 48ms (compile: 16ms, render: 32ms)
 ⚠ ./SOMI IT/LE MITOUARD/startix-nextjs/src/styles/index.scss
Issue while running loader
SassWarning: Deprecation Warning on line 3, column 8 of file:///Users/chandrelsomi/SOMI%20IT/LE%20MITOUARD/startix-nextjs/src/styles/index.scss:3:8:
Sass @import rules are deprecated and will be removed in Dart Sass 3.0.0.

More info and automated migrator: https://sass-lang.com/d/import

3 | @import "../../public/assets/scss/styles.scss"; 


src/styles/index.scss 4:9  root stylesheet



 GET /home-2 200 in 34ms (compile: 4ms, render: 29ms)
 ⚠ ./SOMI IT/LE MITOUARD/startix-nextjs/src/styles/index.scss
Issue while running loader
SassWarning: Deprecation Warning on line 3, column 8 of file:///Users/chandrelsomi/SOMI%20IT/LE%20MITOUARD/startix-nextjs/src/styles/index.scss:3:8:
Sass @import rules are deprecated and will be removed in Dart Sass 3.0.0.

More info and automated migrator: https://sass-lang.com/d/import

3 | @import "../../public/assets/scss/styles.scss"; 


src/styles/index.scss 4:9  root stylesheet



 GET /home-2 200 in 230ms (compile: 4ms, render: 226ms)
 ⚠ ./SOMI IT/LE MITOUARD/startix-nextjs/src/styles/index.scss
Issue while running loader
SassWarning: Deprecation Warning on line 3, column 8 of file:///Users/chandrelsomi/SOMI%20IT/LE%20MITOUARD/startix-nextjs/src/styles/index.scss:3:8:
Sass @import rules are deprecated and will be removed in Dart Sass 3.0.0.

More info and automated migrator: https://sass-lang.com/d/import

3 | @import "../../public/assets/scss/styles.scss"; 


src/styles/index.scss 4:9  root stylesheet



 GET /home-2 200 in 21ms (compile: 2ms, render: 19ms)
 ⚠ ./SOMI IT/LE MITOUARD/startix-nextjs/src/styles/index.scss
Issue while running loader
SassWarning: Deprecation Warning on line 3, column 8 of file:///Users/chandrelsomi/SOMI%20IT/LE%20MITOUARD/startix-nextjs/src/styles/index.scss:3:8:
Sass @import rules are deprecated and will be removed in Dart Sass 3.0.0.

More info and automated migrator: https://sass-lang.com/d/import

3 | @import "../../public/assets/scss/styles.scss"; 


src/styles/index.scss 4:9  root stylesheet



 GET /home-2 200 in 15ms (compile: 1676µs, render: 13ms)
 ⚠ ./SOMI IT/LE MITOUARD/startix-nextjs/src/styles/index.scss
Issue while running loader
SassWarning: Deprecation Warning on line 3, column 8 of file:///Users/chandrelsomi/SOMI%20IT/LE%20MITOUARD/startix-nextjs/src/styles/index.scss:3:8:
Sass @import rules are deprecated and will be removed in Dart Sass 3.0.0.

More info and automated migrator: https://sass-lang.com/d/import

3 | @import "../../public/assets/scss/styles.scss"; 


src/styles/index.scss 4:9  root stylesheet



 GET /home-2 200 in 13ms (compile: 1798µs, render: 11ms)
 ⚠ ./SOMI IT/LE MITOUARD/startix-nextjs/src/styles/index.scss
Issue while running loader
SassWarning: Deprecation Warning on line 3, column 8 of file:///Users/chandrelsomi/SOMI%20IT/LE%20MITOUARD/startix-nextjs/src/styles/index.scss:3:8:
Sass @import rules are deprecated and will be removed in Dart Sass 3.0.0.

More info and automated migrator: https://sass-lang.com/d/import

3 | @import "../../public/assets/scss/styles.scss"; 


src/styles/index.scss 4:9  root stylesheet



 GET /home-2 200 in 13ms (compile: 1565µs, render: 11ms)
 ⚠ ./SOMI IT/LE MITOUARD/startix-nextjs/src/styles/index.scss
Issue while running loader
SassWarning: Deprecation Warning on line 3, column 8 of file:///Users/chandrelsomi/SOMI%20IT/LE%20MITOUARD/startix-nextjs/src/styles/index.scss:3:8:
Sass @import rules are deprecated and will be removed in Dart Sass 3.0.0.

More info and automated migrator: https://sass-lang.com/d/import

3 | @import "../../public/assets/scss/styles.scss"; 


src/styles/index.scss 4:9  root stylesheet



 GET /home-2 200 in 21ms (compile: 2ms, render: 19ms)
 ⚠ ./SOMI IT/LE MITOUARD/startix-nextjs/src/styles/index.scss
Issue while running loader
SassWarning: Deprecation Warning on line 3, column 8 of file:///Users/chandrelsomi/SOMI%20IT/LE%20MITOUARD/startix-nextjs/src/styles/index.scss:3:8:
Sass @import rules are deprecated and will be removed in Dart Sass 3.0.0.

More info and automated migrator: https://sass-lang.com/d/import

3 | @import "../../public/assets/scss/styles.scss"; 


src/styles/index.scss 4:9  root stylesheet



 GET /home-2 200 in 15ms (compile: 2ms, render: 12ms)
 ⚠ ./SOMI IT/LE MITOUARD/startix-nextjs/src/styles/index.scss
Issue while running loader
SassWarning: Deprecation Warning on line 3, column 8 of file:///Users/chandrelsomi/SOMI%20IT/LE%20MITOUARD/startix-nextjs/src/styles/index.scss:3:8:
Sass @import rules are deprecated and will be removed in Dart Sass 3.0.0.

More info and automated migrator: https://sass-lang.com/d/import

3 | @import "../../public/assets/scss/styles.scss"; 


src/styles/index.scss 4:9  root stylesheet



 GET /home-2 200 in 12ms (compile: 1891µs, render: 10ms)
 ⚠ ./SOMI IT/LE MITOUARD/startix-nextjs/src/styles/index.scss
Issue while running loader
SassWarning: Deprecation Warning on line 3, column 8 of file:///Users/chandrelsomi/SOMI%20IT/LE%20MITOUARD/startix-nextjs/src/styles/index.scss:3:8:
Sass @import rules are deprecated and will be removed in Dart Sass 3.0.0.

More info and automated migrator: https://sass-lang.com/d/import

3 | @import "../../public/assets/scss/styles.scss"; 


src/styles/index.scss 4:9  root stylesheet



 GET /home-2 200 in 16ms (compile: 2ms, render: 14ms)
 ⚠ ./SOMI IT/LE MITOUARD/startix-nextjs/src/styles/index.scss
Issue while running loader
SassWarning: Deprecation Warning on line 3, column 8 of file:///Users/chandrelsomi/SOMI%20IT/LE%20MITOUARD/startix-nextjs/src/styles/index.scss:3:8:
Sass @import rules are deprecated and will be removed in Dart Sass 3.0.0.

More info and automated migrator: https://sass-lang.com/d/import

3 | @import "../../public/assets/scss/styles.scss"; 


src/styles/index.scss 4:9  root stylesheet



 GET /home-2 200 in 19ms (compile: 1504µs, render: 18ms)
 ⚠ ./SOMI IT/LE MITOUARD/startix-nextjs/src/styles/index.scss
Issue while running loader
SassWarning: Deprecation Warning on line 3, column 8 of file:///Users/chandrelsomi/SOMI%20IT/LE%20MITOUARD/startix-nextjs/src/styles/index.scss:3:8:
Sass @import rules are deprecated and will be removed in Dart Sass 3.0.0.

More info and automated migrator: https://sass-lang.com/d/import

3 | @import "../../public/assets/scss/styles.scss"; 


src/styles/index.scss 4:9  root stylesheet



 GET /home-2 200 in 12ms (compile: 1278µs, render: 10ms)
 ⚠ ./SOMI IT/LE MITOUARD/startix-nextjs/src/styles/index.scss
Issue while running loader
SassWarning: Deprecation Warning on line 3, column 8 of file:///Users/chandrelsomi/SOMI%20IT/LE%20MITOUARD/startix-nextjs/src/styles/index.scss:3:8:
Sass @import rules are deprecated and will be removed in Dart Sass 3.0.0.

More info and automated migrator: https://sass-lang.com/d/import

3 | @import "../../public/assets/scss/styles.scss"; 


src/styles/index.scss 4:9  root stylesheet



 GET /home-2 200 in 12ms (compile: 1533µs, render: 11ms)
 ✓ Compiled in 31ms
 ✓ Compiled in 17ms
 ⚠ ./SOMI IT/LE MITOUARD/startix-nextjs/src/styles/index.scss
Issue while running loader
SassWarning: Deprecation Warning on line 3, column 8 of file:///Users/chandrelsomi/SOMI%20IT/LE%20MITOUARD/startix-nextjs/src/styles/index.scss:3:8:
Sass @import rules are deprecated and will be removed in Dart Sass 3.0.0.

More info and automated migrator: https://sass-lang.com/d/import

3 | @import "../../public/assets/scss/styles.scss"; 


src/styles/index.scss 4:9  root stylesheet



 ⚠ ./SOMI IT/LE MITOUARD/startix-nextjs/src/styles/index.scss
Issue while running loader
SassWarning: Deprecation Warning on line 3, column 8 of file:///Users/chandrelsomi/SOMI%20IT/LE%20MITOUARD/startix-nextjs/src/styles/index.scss:3:8:
Sass @import rules are deprecated and will be removed in Dart Sass 3.0.0.

More info and automated migrator: https://sass-lang.com/d/import

3 | @import "../../public/assets/scss/styles.scss"; 


src/styles/index.scss 4:9  root stylesheet



 ⚠ ./SOMI IT/LE MITOUARD/startix-nextjs/src/styles/index.scss
Issue while running loader
SassWarning: Deprecation Warning on line 3, column 8 of file:///Users/chandrelsomi/SOMI%20IT/LE%20MITOUARD/startix-nextjs/src/styles/index.scss:3:8:
Sass @import rules are deprecated and will be removed in Dart Sass 3.0.0.

More info and automated migrator: https://sass-lang.com/d/import

3 | @import "../../public/assets/scss/styles.scss"; 


src/styles/index.scss 4:9  root stylesheet



 ⨯ Error: Cannot find module 'next/dist/client/components/builtin/global-not-found'
Require stack:
- /Users/chandrelsomi/SOMI IT/LE MITOUARD/startix-nextjs/node_modules/next/dist/server/dev/on-demand-entry-handler.js
- /Users/chandrelsomi/SOMI IT/LE MITOUARD/startix-nextjs/node_modules/next/dist/server/dev/hot-reloader-turbopack.js
- /Users/chandrelsomi/SOMI IT/LE MITOUARD/startix-nextjs/node_modules/next/dist/server/lib/router-utils/setup-dev-bundler.js
- /Users/chandrelsomi/SOMI IT/LE MITOUARD/startix-nextjs/node_modules/next/dist/server/lib/router-server.js
- /Users/chandrelsomi/SOMI IT/LE MITOUARD/startix-nextjs/node_modules/next/dist/server/lib/start-server.js
    at ignore-listed frames {
  code: 'MODULE_NOT_FOUND',
  requireStack: [Array]
}

-----
[1m[31mFATAL[39m[0m: An unexpected Turbopack error occurred. A panic log has been written to /var/folders/x3/k8kj48jn1jqg0l4s7dgfnm4c0000gn/T/next-panic-7d958584ab8ef47a7a858e2c6eb50f2e.log.

To help make Turbopack better, report this error by clicking here: https://github.com/vercel/next.js/discussions/new?category=turbopack-error-report&title=Turbopack%20Error%3A%20Next.js%20package%20not%20found&body=Turbopack%20version%3A%20%60v16.0.0-canary.19%60%0ANext.js%20version%3A%20%600.0.0%60%0A%0AError%20message%3A%0A%60%60%60%0ATurbopack%20Error%3A%20Next.js%20package%20not%20found%0A%60%60%60&labels=Turbopack,Turbopack%20Panic%20Backtrace
-----

Error: ENOENT: no such file or directory, open '/Users/chandrelsomi/SOMI IT/LE MITOUARD/startix-nextjs/.next/dev/server/pages/_app/build-manifest.json'
    at ignore-listed frames {
  errno: -2,
  code: 'ENOENT',
  syscall: 'open',
  path: '/Users/chandrelsomi/SOMI IT/LE MITOUARD/startix-nextjs/.next/dev/server/pages/_app/build-manifest.json'
}
 ⚠ ./SOMI IT/LE MITOUARD/startix-nextjs/src/styles/index.scss
Issue while running loader
SassWarning: Deprecation Warning on line 3, column 8 of file:///Users/chandrelsomi/SOMI%20IT/LE%20MITOUARD/startix-nextjs/src/styles/index.scss:3:8:
Sass @import rules are deprecated and will be removed in Dart Sass 3.0.0.

More info and automated migrator: https://sass-lang.com/d/import

3 | @import "../../public/assets/scss/styles.scss"; 


src/styles/index.scss 4:9  root stylesheet



 ⚠ ./SOMI IT/LE MITOUARD/startix-nextjs/src/styles/index.scss
Issue while running loader
SassWarning: Deprecation Warning on line 3, column 8 of file:///Users/chandrelsomi/SOMI%20IT/LE%20MITOUARD/startix-nextjs/src/styles/index.scss:3:8:
Sass @import rules are deprecated and will be removed in Dart Sass 3.0.0.

More info and automated migrator: https://sass-lang.com/d/import

3 | @import "../../public/assets/scss/styles.scss"; 


src/styles/index.scss 4:9  root stylesheet



 ⚠ ./SOMI IT/LE MITOUARD/startix-nextjs/src/styles/index.scss
Issue while running loader
SassWarning: Deprecation Warning on line 3, column 8 of file:///Users/chandrelsomi/SOMI%20IT/LE%20MITOUARD/startix-nextjs/src/styles/index.scss:3:8:
Sass @import rules are deprecated and will be removed in Dart Sass 3.0.0.

More info and automated migrator: https://sass-lang.com/d/import

3 | @import "../../public/assets/scss/styles.scss"; 


src/styles/index.scss 4:9  root stylesheet



Error: Turbopack build failed with 1 errors:
./SOMI IT/LE MITOUARD/startix-nextjs
Error: Next.js inferred your workspace root, but it may not be correct.
    We couldn't find the Next.js package (next/package.json) from the project directory: /Users/chandrelsomi/SOMI IT/LE MITOUARD/startix-nextjs
     To fix this, set turbopack.root in your Next.js config, or ensure the Next.js package is resolvable from this directory.
    Note: For security and performance reasons, files outside of the project directory will not be compiled.
    See https://nextjs.org/docs/app/api-reference/config/next-config-js/turbopack#root-directory for more information.

    at ignore-listed frames
[?25h
